Id,Title,CCLI,Themes,Notes,Last Scheduled Date,Song Tag 1,Song Tag 2,Song Tag 3,Song Tag 4,Song Tag 5,Song Tag 6,Song Tag 7,Arrangement 1 Name,Arrangement 1 BPM,Arrangement 1 Length,Arrangement 1 Notes,Arrangement 1 Keys,Arrangement 1 Chord Chart,Arrangement 1 Chord Chart Key,Arrangement 2 Name,Arrangement 2 BPM,Arrangement 2 Length,Arrangement 2 Notes,Arrangement 2 Keys,Arrangement 2 Chord Chart,Arrangement 2 Chord Chart Key,Arrangement 3 Name,Arrangement 3 BPM,Arrangement 3 Length,Arrangement 3 Notes,Arrangement 3 Keys,Arrangement 3 Chord Chart,Arrangement 3 Chord Chart Key,Arrangement 4 Name,Arrangement 4 BPM,Arrangement 4 Length,Arrangement 4 Notes,Arrangement 4 Keys,Arrangement 4 Chord Chart,Arrangement 4 Chord Chart Key
12471375,M006 - Man Of Sorrows,7045897,"","","December 27, 2027","",Genre: Contemporary,Mood: Declarative,Purpose: Communion,"","","Themes: Jesus' Life, Death, & Resurrection, Our Testimony & Redemption",M006 - Man Of Sorrows,72,0,"","C: Michelle, E: Chris, G","Verse 1
[F]Man of sorrows, [Bb]Lamb of [F]God
[Bb]By His [F]own be[C]trayed
The [Dm]sin of man and [Bb]wrath of [Dm]God
Has [Bb]been on [C]Jesus [F]laid

Verse 2
[F]Silent as He [Bb]stood acc[F]used
[Bb]Beaten, [F]mocked, and [C]scorned
[Dm]Bowing to the [Bb]Father's [Dm]will
He [Bb]took a [C]crown of [F]thorns

Chorus
Oh that [Dm]rugged [Bb]cross my sal[F]va[C]tion
Where Your [Dm]love poured [Bb]out over [C]me
Now my [Bb]soul cries [F]out halle[C]lu[Dm]jah
Praise and [Bb]honor [C]unto [F]Thee

Verse 3
[F]Sent of heaven, [Bb]God's own [F]Son
To [Bb]purchase [F]and re[C]deem
And [Dm]reconcile the [Bb]very [Dm]ones
Who [Bb]nailed Him [C]to that [F]tree

COLUMN_BREAK
Bridge
Now my [Dm]debt is [Bb]paid
It is [F]paid in [C]full
By the [Dm]precious [Bb]blood
That my [F]Jesus [C]spilled
Now the [Dm]curse of [Bb]sin
Has no [F]hold on [C]me
Whom the [Dm]Son sets [Bb]free
Oh is [F]free in[C]deed

Verse 4
[F]See the stone is [Bb]rolled [F]away
Be[Bb]hold the [F]empty [C]tomb
[Dm]Hallelujah, [Bb]God be [Dm]praised
He's [Bb]risen [C]from the [F]grave


",F,,,,,,,,,,,,
12471401,W004 - We Are The Free,6016272,"","","November 21, 2025","",Genre: Contemporary,Mood: Celebratory,"","","","Themes: Commitment & Dedication, Freedom",W004 - We Are The Free,145,0,"",A,"Verse 1
[A]We’re the forgiven s[E/G#]inging redemption's song
There's a [F#m]fire that burns inside a [D]fire that burns in[Bm]side
[A]Nothing can stop us we’ll be [E/G#]running through the night
With a [F#m]fire that burns inside a [D]fire that burns in[Bm]side

Chorus
[A]We are the free the [E/G#]freedom generation  [F#m7]   singing of me[D]rcy
[A]You are the One who [E/G#]set us all in motion  [F#m7]  Yours is the glo[D]ry
There’s a [A]fire in our hearts and it b[C#m]urns for You
It’s [F#m7]never gonna fade away[D]
[F#m7]We are the free, and [D]Yours is the glory

Verse 2
We are the risen, living alive in You
And our passion will not die, no, our passion will not die
Nothing can stop us, we’ll be running through the night
And our passion will not die, no, our passion will not die

Bridge
[D]Up from the grave You rose again
[D]Up from the grave You rose and we will [A]rise up     rise up
[D]Into the world that You so love
[D]Into the world we go and we will [A]rise up     rise up
We will [Bm]rise u[D]p
",A,,,,,,,,,,,,
12471412,"Z001 - 10,000 Reasons (Bless The Lord)",6016351,"","","July 06, 2025","",Genre: Contemporary,Mood: Adoration,Purpose: Call to Worship,"","",Themes: Thankfulness & Adoration,Default Arrangement,145,0,"","A, C: Original Key (Female), G","Chorus
Bless the [C]Lord O my [G]soul 
[D/F#]O my [Em]soul
[C]Worship His [G]holy [D]name
Sing like [C]never be[Em]fore 
[C]O [D]my [Em]soul
I'll [C]worship Your [D]holy [C/G]name [G]  [C/G]  [G]

Verse 1
The [C]sun comes [G]up it's a [D]new day [Em]dawning
[C]It's time to [G]sing Your [D]song a[Em]gain
What[C]ever may [G]pass and what[D]ever lies be[Em]fore me
[C2]Let me be [G]singing when the [D]evening [G]comes

Verse 2
You're [C]rich in [G]love and You're [D]slow to [Em]anger
Your [C]name is [G]great and Your [D]heart is [Em]kind
For [C]all Your [G]goodness I will [D]keep on [Em]singing
[C]Ten thousand [G]reasons for my [D]heart to [G]find

Verse 3
And [C]on that [G]day when my [D]strength is [Em]failing
The [C]end draws [G]near and my [D]time has [Em]come
[C]Still my [G]soul will sing Your [D]praise [Em]unending
[C]Ten thousand [G]years and then for[D]ever[G]more for[Gsus]ever    [G]more",G,,,,,,,,,,,,
12540630,D004 - Doxology,6115489,Praise,"","September 21, 2025","",Genre: Hymn,Mood: Adoration,Purpose: Offering,"","",Themes: Thankfulness & Adoration,David Crowder,146,0,"","D, G","Praise [G]God from whom all [D/F#]blessings [G]flow
Praise [G]Him all creatures [C]here [D]below
Praise [Em]Him above ye [D/F#]heavenly [G]hosts
Praise [G]Father [C]Son and [D]Holy [G]Ghost
[C]A[G/B]men   [C]A[G/B]men
[C]A[G/B]men   [C]A[G/B]men",G,Doxology (God Be Praised) - Todd Fields / Worship Circle,92,0,"",G: Chris,"Intro
G C/G D/G C/G

Verse 1
[G] Praise God from [C/G]whom all blessings [D/G]flow  [C/G]
[G] Praise Him all [C/G]creatures here be[D]low [C]
[G] Praise Him a[C]bove ye heavenly [Em]host [|  Em / C / |]
[G] Praise Father, [C/G]Son and [D/G]Holy [G]Ghost

Chorus 1
Praise the [C]Father, praise the [G]Son
Praise the [D]Spirit now with [Em]us
Every [C]moment, all our d[G]ays
God be [D]praised, oh [C]God be [G]praised

Verse 2
Praise God with morning’s breaking light
Praise Him through darkness of the night
Praise Him with every breath of life
Praise Him my soul with all your might

Verse 3
Praise God when face to face we see
The One who died to set us free
The One who rose in victory
Praise now forever Christ our King",G,Doxology / Amen (Phil Wickham),147,0,"","A, F","Verse 1
Praise [G]God from whom all blessings flow
Praise [G]Him all creatures [Em]here [C]be[D]low
Praise [D]Him above ye [Em]heaven[D]ly [C]hosts
Praise [G]Father [D]Son and [C]Holy [G]Ghost

Chorus
[C]A [D]- [G]men, [C]A [D]- [G]men
[C]A [D]- [Em]men [G/B]
God, we [C]praise You [D]
God, we [G]praise You

Verse 2
Praise [G]God for all that He has done
Praise [G]Him for He [Em]has [Am]o - [G]ver - [D]come
The [D]grave is beaten, [Em]love [D]has [C]won
Praise [G]God our [D]Savior, [C]Christ the [G]Son

Bridge
[G] Amen, amen, amen
[G] Amen, amen, amen
We [C]praise You
We [C]praise You [(G)]",G,,,,
12590365,A001 - Above All Else,3447521,"","","February 13, 2026","",Genre: Contemporary,Mood: Reflection & Prayer,"","","",Themes: God's Presence & Intimacy,A001 - Above All Else,148.5,0,"","D, E","Verse 1
[D]Jesus my passion in life is to [Bm]know You
May all other goals bow [Em]down t[D/F#]o
This [G]journey of [A]loving You more [D]
[D]Jesus You showered Your goodness [Bm]on me
Given Your gifts so [Em]free - [D/F#]ly
But [G]there's one thing [A]I'm longing fo[D]r

Pre-Chorus
[Em]Hear my heart's [D/F#]cry
And my [G]prayer for this [A]life

Chorus
[G]Above all else [D/F#]
[Em]Above all else [A]
[G]Above all else [D/F#]
[G]Give me[A] Your[D]self

Verse 2
Savior the more that I see Your beauty
The more that I glimpse Your glory
My heart is captured by You
Jesus You are my greatest treasure
Nothing this world can offer
Could ever compare to You",D,,,,,,,,,,,,
12590729,A002 - Adonai,4591823,"","","February 20, 2026","",Genre: Contemporary,Mood: Celebratory,Purpose: Call to Worship,"","",Themes: Thankfulness & Adoration,Default Arrangement,148,0,"","A, B, D, E, G","Intro
[ B  B/D#  E  F# ]

Verse 1
I lift my [B]voice I lift my [E]praise to You
I lift my [B]hands I lift my [E]worship [F#]to You
And [G#m]I love You [C#maj7/F]more than I can [E]say [F#]
Oh [G#m]I love You [C#maj7/F]more than I can [E]say

Chorus
Ever [B]I will [B/D#]sing only [E]You will I a[F#]dore
Glori[B]fy my [C#m7]Lord only [E]You will I [F#]serve
For the [G#m7]world will [F#/A#]fade   [B]away [E] [F#]
Still my [G#m7]song to [F#/A#]You [B]remains[E]
Only [F#]You will I adore [B] [B/D#] [E] [F#]

Bridge
Oh [B/D#]I love [E]You alw[F#]ays [G#m7]
Oh [B/D#]I love [E]You alw[F#]ays [G#m7]
",B,,,,,,,,,,,,
12590847,I025 - In Your Freedom,4869902,"","","October 17, 2025","",Genre: Contemporary,Mood: Desperation & Dependence,"","","","Themes: Commitment & Dedication, Freedom",Default Arrangement,169,0,"","A, C, D","Verse 1
[F]I search for Y[G]ou God of str[Am]ength [C/E]
[F]I bow to Y[G]ou in my broken[Am]ness
And no [F]other King could h[G]ave so humbly c[Am]ome [C/E]
To s[F]ave my soul and h[G]eal my h[Am]eart [G]

Pre-Chorus
[Am]I have n[C/E]othing more [C] than all You [G]offer me
[Am]There is n[G]othing else [F]that’s of w[G]orth to m[C]e

Chorus
I [G]love You [Am]Lord You [F]rescued [C]me
You are [G]all that I w[Am]ant You're [F]all I [C]need

Verse 2
[F]I pray to Y[G]ou God of p[Am]eace [C/E]
[F]I rest in Y[G]ou my cares re[Am]leased [G]

Bridge
In Your freedom I will [C]live
In Your freedom I will [Am]live
I offer dev[C/E]otion [F] I offer dev[C/E]otion[F]
",C,,,,,,,,,,,,
12590880,A003 - Agnus Dei,626713,"","","March 29, 2026","",Genre: Contemporary,Mood: Adoration,"","","",Themes: Thankfulness & Adoration,Default Arrangement,136,0,"","A, E, F, G","Verse 1
[A]Alle[D]lui[A]a, allel[D]uia for the Lord God Al[E]mighty [A]reigns
[A]Alle[D]lui[A]a, allel[D]uia for the Lord God Al[E]mighty [A]reigns
[A]Alle[D]luia

Chorus
 [E]Ho[A]ly, [E]ho[A]ly are You [D]Lord [A]God Al[F#m]migh[E]ty
[A/C#]Worthy is the [D]Lamb, [A/C#]worthy is the [D]Lamb
For [E]You are ho[A]ly, [E]ho[A]ly are You [D]Lord [A]God Al[F#m]migh[E]ty
[A/C#]Worthy is the [D]Lamb, [A/C#]worthy is the [D]Lamb

Chorus (ending)
[E]A[A]men",A,,,,,,,,,,,,
12590915,J005 - Jesus Messiah,5183443,"","","March 29, 2026","",Genre: Contemporary,Mood: Adoration,Purpose: Communion,"","","Themes: Hope, Jesus' Life, Death, & Resurrection",Default Arrangement,76,0,"","B, E, G","Verse 1
[G]He became sin who [Am7]knew no sin
That[G/B] we might become His [C2]righteousness
He [G]humbled himself and [Am7]carried the cross
[G/B]Love so ama[C2]zing
[G/B]Love so ama[C2]zing

Chorus
Jesus Mess[G]iah
Name above [C2]all names 
Blessed Red[G]eemer
Emmanuel[Dsus]
The rescue for s[G]inners
The ransom from H[C2]eaven
Jesus Me[G/B]ssiah [Dsus]
Lord of all[G]

Verse 2
His body the bread, His blood the wine
Broken and poured out all for love
The whole earth trembled and the veil was torn
Love so amazing
Love so amazing

Bridge
All our [Am7]hope is in [G/B]You
[C2]All our hope [Dsus]is in You
[Am7]All the glory to [G/B]You, God
[C2]The Light of [Dsus]the world",G,,,,,,,,,,,,
12590920,A005 - Alabaster Jar,4887630,"","","December 30, 2027","",Genre: Contemporary,Mood: Desperation & Dependence,"","","","Themes: Commitment & Dedication, Surrender",Default Arrangement,144,0,"","D: Michelle, G: Chris","Verse 1
This alabaster [G]jar is all I have of [D/F#]worth
I break it at Your [Em7]feet, Lord
It's less than You de[C]serve
You're far more beauti[G]ful, more precious than the [D/F#]oil
The sum of my de[Em7]sires and the fullness of my [C]joy
Like You [Em7]spilled Your blood, I [C]spill my heart
As an [Em7]offering to my [D]King

Chorus
Here [G]I am, take [D/F#]me 
As an [Em7]offer[C]ing
Here [G]I am, gi[D/F#]ving 
Every [Em7]heartbeat for Your [C]glory
Take [G]me

Verse 2
This time that I have left is all I have of worth
I lay it at Your feet, Lord
It's less than You deserve
And though I've little strength, and though my days are few
You gave Your life for me so I will live my life for You
Like You spilled Your blood, I spill my heart
As an offering to my King

Bridge
[G]Worthy, worthy, [D]You are worthy
[Em7]Worthy is the [C]Lord",G,,,,,,,,,,,,
12590998,A006 - Alas And Did My Savior Bleed,2164908,"","","March 28, 2024","",Genre: Hymn,Mood: Reflection & Prayer,Purpose: Communion,"","","Themes: Jesus' Life, Death, & Resurrection, Thankfulness & Adoration",Default Arrangement,64,0,"","A, B, F, G","Verse 1
A[F]las! And [F/A]did my [Bb]Savior [C]bleed and [Dm]did my [C]Sovereign [Bb]die
Would [F/A]He de[Bb]vote that [C]sacred [Dm]head for [Gm]such a worm as [C]I?
Was [F]it for [F/A]sins that [Bb]I had [C]done He [Dm]groaned up[C]on the [Bb]tree?
Am[F]azing [F/A]pity, [C]grace un[Dm]known and [Gm]love be[C]yond de[Fsus]gree![F]

Chorus
My [Am]God why would You [Dm]shed Your blood
So [Gm]pure and unde[C]filed
To [Am]make a sinful [Bb]one like [F/A]me
Your [Gm]chosen [C]precious [Fsus]child?[F]

Verse 2
Well [F]might the [F/A]sun in [Bb]darkness [C]hide and [Dm]shut His [C]glories [Bb]in
When [F/A]Christ the [Bb]mighty [C]Maker [Dm]died for [Gm]man the creature’'s [C]sin
Thus [F]might I [F/A]hide my [Bb]blushing [C]face while [Dm]His dear [C]cross ap[Bb]pears
Dis[F/A]solve my [Bb]heart in [C]thankful[Dm]ness and [Gm]melt my [C]eyes to [Fsus]tears[F]",F,,,,,,,,,,,,
12591507,"J008 - Jesus, Only Jesus",6517269,"","","March 29, 2026","",Genre: Contemporary,Mood: Adoration,"","","","Themes: God's Greatness, Power, Glory, Thankfulness & Adoration","J008 - Jesus, Only Jesus",134,0,"","A, B, Bb, G","Verse 1
Who has the [C]power to raise the dead
Who can [Am]save us from our sin
He is our [F2]hope, our righteous[C/E]ness
[Dm7]Jesus, only [G]Je[C]sus

Verse 2
Who can make the blind to see
Who holds the keys that set us free
He paid it all to bring us peace
Jesus, only Jesus

Chorus
[F2]Holy King Al[C/E]mighty Lord
[F2]Saints and angels [C]all a[C/E]dore
I [F2]join with them and [C/E]bow before
[Dm7]Jesus, only [G]Je[C]sus

Verse 3
Who can command the highest praise
Who has the name above all names
You stand alone, I stand amazed
Jesus, only Jesus

Bridge
[F2]   You will command [C/E]   the highest praise
[F2]   Yours is the Name [C/E]   above all names
[Dm7]   You stand alone, [C/E]   I stand amazed
[F2]Jesus, only [G]Je[Am]sus
[F2]Jesus, only [G]Je[C]sus",C,,,,,,,,,,,,
12591520,A008 - All Because Of Jesus,4882903,"","","January 11, 2026","",Genre: Contemporary,Mood: Celebratory,Purpose: Call to Worship,"","","Themes: Jesus' Life, Death, & Resurrection",A008 - All Because Of Jesus,140,0,"","B, F: Michelle, G","Verse 1
Giver of [F]every breath I [C]breathe
Author of [F]all eter[C]nity
Giver of [F]every perfect [Am]thing
To You be the [G]glory

Verse 2
Maker of heaven and of earth
No one can comprehend Your worth
King over all the universe
To You be the glory

Pre-Chorus
[Am]I'm alive be[G]cause I'm alive in [F]You

Chorus
It's [C]all because of [Dm]Jesus I'm a[F]live
It's [C]all because the [Dm]blood of Jesus [F]Christ
That [Bb]covers me and [F/A]raised this dead man's [C]life
It's [Bb]all because of [F/A]Jesus I'm alive

Bridge
[F]Every sunrise [G]sings Your [Am]praise
The [F]universe cries [G]out Your [Dm]praise
I'm [F]singing freedom [G]all my [Am]days
[F]Now that I'm a[G]live",C,,,,,,,,,,,,
12591900,A009 - All Who Are Thirsty,2489542,"","","January 11, 2026","",Genre: Contemporary,Mood: Desperation & Dependence,"","","",Themes: God's Presence & Intimacy,A009 - All Who Are Thirsty,152,0,"","D: Michelle, E: Yohan","Verse 1
All who are [E]thirsty, all who are [G#m7]weak
Come to the [A2]fountain
Dip your heart in the [F#m7]stream [E/G#]of [A2]life 
Let the [Bsus]pain and the [E]sorrow
Be washed [G#m]away
In the waves of His [A2]mercy
As deep cries [F#m7]out [E/G#]to [A2]deep ([Bsus]we sing)

Chorus
[E]Come Lord Jesus [A2]come

Chorus 2
[E]Holy Spirit [A2]come

Tag
As deep cries [F#m7]out [E/G#]to [A2]deep [Bsus]",E,,,,,,,,,,,,
12591940,A011 - Always Enough,5631139,"","",,"",Genre: Contemporary,Mood: Desperation & Dependence,"","","",Themes: God's Love & as Father,Default Arrangement,78,0,"",G,"Verse 1
[Em]In a [D]dry and [C]weary land
[Em]Lord You [D]are the [C]rain
[Em]In a [D]sea of [C]shattered ones
Your [C]love comes [D]rushing in [G]

Verse 2
You hold the world within Your hands
And see each tear that falls
Through every fire and every storm
You're [C]always e[D]nough [C/E]always e[D/F#]nough

Chorus
[G]Your love is a peace to the bro[Em]ken, faith for the wi[D]dow
Hope for the [C]orphan, strength for the [G]weak
Your love is the anthem of [Em]nations, rings out through the [D]ages
And You're [C]always e[D]nough for me [G]

Verse 3
In the watches of the night  
Lord, You are my song
Hope is in the morning light  
Your love shines like the dawn

Verse 4
You keep my heart in perfect peace  
My life is in Your hands
When confusion hides my way  
You're always enough always enough

Bridge
I re[G/B]joice for my [C]Savior reigns
I re[D]joice for He [C/E]lives in me
God on [G/B]high He has [C]set me free
And [Em]worthy is the [D]Lord",G,,,,,,,,,,,,
12591986,A013 - Amazed,4221021,"","","December 29, 2027","",Genre: Contemporary,Mood: Adoration,"","","",Themes: Thankfulness & Adoration,Lincoln Brewster,147,0,"","D, E","Verse 1
You [E/G#]dance [A2]over [B/E]me while [E/G#]I am [A2]una[B/E]ware
You [E/G#]sing [A2]all a[B/E]round but I [E/G#]never [A2]hear the [B/E]sound

Chorus
Lord I'm am[A2]azed by [B]You
Lord I'm am[E/G#]azed by [A2]You
Lord I'm am[F#m7]azed by [B]You
And how You [E]love me

Verse 2
You paint the morning sky with miracles in mind
My hope will always stand for you hold me in Your hands

Bridge
How [A2]deep [B] how [E/G#]wide
[A2]How [F#m7]great [B] is Your love for [E]me (x3)

How [A2]deep [B] how [C#m]wide
[B/E]How [F#m7]great [B] is Your love for [E]me",E,,,,,,,,,,,,
12592068,A012 - Always Will,6513328,"","","February 23, 2025","",Genre: Contemporary,Mood: Celebratory,"","","",Themes: God's Faithfulness,Default Arrangement,129,0,"",B,"Verse 1
[Bm]Where I go, [G]You will [D]go
You never [Em]leave me
[Bm]When I'm lost, there's [G]always [D]hope [Em]

In every high, in every low
You're standing next to me
In the fire, there's always hope

Pre-Chorus
I will [Em]lift my eyes 
Let my [Bm]heart cry out
You're [A]alive, alive
With an [Em]anthem
We raise up our [Bm]voice, proclaim
You're [A]alive, alive

Chorus
Your [G]love keeps chasing [Bm]me
And it [D]always will, it [A]always will
Your [G]grace keeps changing [Bm]me
And it [D]always will, it [A]always will
You [G]gave Your life [Bm]away
Once [D]and for all, once [A]and for all
For[G]ever You will reign[Bm]
And You [D]always will, You [A]always will

COLUMN_BREAK
Verse 2
In my joy, in my pain
You're right beside me
In Your arms there's always hope

When I fall, You are there
Your mercy will catch me
All my hope in Christ alone

Bridge
[D]Woah-oh-oh
[Bm]Woah-oh-oh-oh
[G]Woah-oh-oh
Woah-[A]oh",D,,,,,,,,,,,,
12592117,O010 - One Thing,3132063,"","","September 12, 2025","",Genre: Contemporary,Mood: Adoration,"","","","Themes: Commitment & Dedication, God's Presence & Intimacy",Default Arrangement,,0,"","D, E","Verse 1
[D]Single-minded [Asus7] whole-hearted [D2] one thing I a[Asus7]sk
[D]Single-minded [Asus7] whole-hearted [D2] one thing I a[Asus7]sk

Chorus
That [Em7]I may g[G]aze upon Your b[D]eauty Oh L[Asus]ord
That [Em7]I may [G]seek Your Holy F[D]ace [Asus]
That [Em7]I may kn[G]ow You in an i[D]ntimate w[Asus]ay
And [Bm7]follow after Y[A2]ou all of my d[Em7]ays
And [Bm7]follow after Y[A2]ou all of my d[Em7]ays

Bridge
All of [D]life comes down to just one th[D2/C#]ing
And that's to know You oh J[D2/B]esus
And make You kn[D2/G]own",D,,,,,,,,,,,,
12592415,J006 - Jesus Paid It All,4689508,"","","March 01, 2026","",Genre: Hymn,Mood: Declarative,Purpose: Communion,"","","Themes: Jesus' Life, Death, & Resurrection",Default Arrangement,148,0,"","A, B, F, F#, G","Intro
[G  G/B  C  G/B  Am  G/B  C]

Verse 1
I [G]hear the Savior say
Thy [D]strength indeed is [G]small
Child of [Em7]weakness, watch and [C]pray
Find in [G]Me thine [D]all in [G]all

Chorus
[G]Jesus paid it [Em7]all
[G]All to Him I [D]owe
[G]Sin had left a [C]crimson stain
He [G]washed it [D]white as [G]snow

Verse 2
Lord now indeed I find 
Thy power and Thine alone
Can change the leper's spots
And melt the heart of stone

Verse 3
And when before the throne 
I stand in Him complete
Jesus died my soul to save 
My lips shall still repeat

COLUMN_BREAK
Bridge 1
Oh, [G]praise the One who [Gsus]paid my debt
And [G]raised this life up [Gsus]from the dead

Bridge 2
Oh, [G]praise the One who [C2]paid my debt
And [Am7]raised this life up [C2]from the dead",G,,,,,,,,,,,,
12592778,"J009 - Jesus, Son Of God",6223539,"","","March 29, 2026","",Genre: Contemporary,Mood: Declarative,"","","","Themes: Jesus' Life, Death, & Resurrection, Thankfulness & Adoration","J009 - Jesus, Son Of God",152,0,"","A, B, G","Intro 
[ B  E/B  F#m  E/B ] 

Verse 1
[B]You came down from [E/B]Heaven's throne
This [F#/B]Earth You formed was [E/B]not Your home
A [G#m7]love like this the [E/B]world had never [B]known

A [B]crown of thorns to [E/B]mock Your name
For[F#/B]giveness fell up[E/B]on Your face
A [G#m7]love like this the [E/B]world had never [B]known

Chorus
On the [B]altar of our praise 
Let there [F#/A#]be no higher [B]name
[E]Jesus, [B/D#]Son of [F#sus]God 
You laid [G#m7]down Your perfect life
You [F#/A#]are the sacri[B]fice                  
[E]Jesus, [B/D#]Son of [F#sus]God 
You are [E]Jesus, [B/D#]Son of [F#sus]God

COLUMN_BREAK
Verse 2
You [B]took our sin, You [E/B]bore our shame 
You [F#/B]rose to life, You de[E/B]feated the grave 
A [G#m7]love like this
the [E/B]world has never [B]known

You [B]took our sin, You [C#m7]bore our shame 
You [B/D#]rose to life, You de[E]feated the grave 
A [B/F#]love like this
the [E/G#]world has never [B/D#]known[E]  [F#sus]

Bridge
Be lifted [E]higher
than all You've [B]over[F#sus]come 
Your name be [E]louder
than any [B]other [F#sus]song
There is no [E/G#]power
that can [B/D#]come against Your [F#sus]love
The [E]cross was e[B/D#]nough 
The [G#m7]cross was e[F#sus]nough",B,,,,,,,,,,,,
12592821,G010 - God Of My Days,5074356,"","","October 19, 2025","",Genre: Contemporary,Mood: Desperation & Dependence,"","","","Themes: God's Faithfulness, Trust",Default Arrangement,,0,"","D, G","Verse 1
You awaken my h[G]eart from slumber[Em]ing
Meet me in m[Dsus]ourning and You speak to my gr[C]ief
You're the light in my d[G]arkness the delight of my e[Bm]yes
The hope of the d[Em]aybreak when the sun's slow to r[C]ise

Pre-Chorus
I tr[Am]ust that every m[G/B]oment's in Your [C]hands 

Chorus
You're the God of my d[G]ays the King of my n[D]ights
Lord of my [Am]laughter sovereign in s[C]orrow
You're the Prince of my pr[G]aise the love of my l[D]ife
You never l[Am]eave me You are f[C]aithful God of my d[G]ays

Verse 2
You unveil my eyes help me to see
The arms of my Father encircling me
You're a constant companion I am never alone 
Your love is the banner that's leading me home 

Bridge
[(Am)]My eyes are on Y[C]ou my hope is in Y[Em]ou
My faith is in Y[D/F#]ou ",G,,,,,,,,,,,,
12592901,L006 - Let My Words Be Few,3040980,"","","December 27, 2027","",Genre: Contemporary,Mood: Adoration,"","","",Themes: Thankfulness & Adoration,Default Arrangement,132,0,"","A, G","Intro
| G | Gaug | Em | C |

Verse 1
[G]You are God in [Gaug]heaven 
And [Em]here am I on [C]earth 
[G]So I'll let [Gaug]my words be [Em]few    [C] 
[Am7]Jesus [G/B]I [C]am so in [D]love with [G]You 

Chorus
And I'll [G]stand in[F] awe of [Em]You   [Am  C]
Yes, I'll [G]stand [F]in awe of [Em]You [C]
And I'll [Am7]let my [G/B]words be [C]few 
[Am7]Jesus [G/B]I  [C]am so in [D]love with [G]You 

Verse 2
The simplest of all love songs 
I want to bring to You 
So I'll let my words be few
Jesus I am so in love with You ",G,,,,,,,,,,,,
12593023,G015 - Good Good Father,7036612,"","","January 31, 2026","",Genre: Contemporary,Mood: Adoration,"","","","Themes: God's Faithfulness, God's Love & as Father",G015 - Good Good Father,144,0,"","A, D, E, G","Verse 1
[G]I've heard a thousand stories of [G]what they think You're like
But [G]I've heard the tender whisper of [G]love in the dead of night
You [C]tell me [G/B]that You're pleased and that [Am7]I'm never al[D]one

Chorus
You're a good, good [C]Father, 
It's who You are, [G] it's who You are,[Am7]   it's who You ar[D]e
And I'm loved by [C]You
It's who I am, [G] it's who I am,[Am7]   it's who I am[D]

Verse 2
I've seen many searching for answers far and wide
But I know we're all searching for answers only You provide
Because You know just what we need before we say a word

Bridge
You are [C]perfect in all of Your [Em]ways
You are [Am]perfect in all of Your [G]ways
You are [C]perfect in all of Your [Em]ways to [D]us

Verse 3
Love so undeniable I...I can hardly speak
Peace so unexplainable I...I can hardly think
As You [C]call me [G/B]deeper still        As You [Am7]call me [G/B]deeper still 
As You [C]call me [G/B]deeper still        Into [Am7]love, love, l[D]ove",G,,,,,,,,,,,,
12593197,L005 - Let It Echo (Heaven Fall),7054538,"","","November 06, 2025","",Genre: Contemporary,Mood: Declarative,"","","","Themes: Missions, Evangelism, The Nations",L005 - Let It Echo (Heaven Fall),152,0,"","Bb, D, G","Verse 1
We've [Bb]only scratched the surface
[Bb]and only had just one glimpse
We've [Gm7]tasted of Your glory
[Bb/F]But there's so much [Eb2]more

Verse 2
We're [Bb]standing on horizons
[Bb]Where earth collides with heaven
You're [Gm7]longing for Your children
[Bb/F]To cry out for [Eb2]more [Gm7]
[F]We cry out for [Eb2]more  [Gm   F]

Chorus
Let it [Eb]echo from this [Gm7]city
To the [Bb]nations
The sound of [F]praise
Let the [Eb]windows of the [Gm7]heavens
Open [Bb]wide and let it [F]rain

Verse 3
Here inside Your presence
Surrounded by Your Spirit
We're satisfied but desperate
For even more of You
Even more of You

COLUMN_BREAK 
Instrumental
[Eb  Bb  F  Gm7 ]

Bridge
[Eb]Oh    [Bb]      [F]
Let [Gm7]heaven [Eb]fall [Bb]   [F]
As [Gm7]we sing
[Eb]Oh     [Bb]      [F]
Let [Gm7]heaven [Eb]fall [Bb]  [F]
Let [Bb]heaven [F]fall",Bb,,,,,,,,,,,,
12596803,A014 - Amazing Grace,22025,"","","April 21, 2019","",Genre: Hymn,Mood: Adoration,Purpose: Offering,"","","Themes: Our Testimony & Redemption, Thankfulness & Adoration",A017 - Amazing Grace (Hymn),145,0,"","B: Miesha, E","Verse 1
A[E]mazing [E7]Grace! How [A]sweet the [E]sound
That [C#m]saved a [F#7]wretch like [B]me [B/A]
I [E]once was [E7]lost but [A]now am [E]found
Was [C#m]blind, but [B]now I [E]see

Verse 2
'Twas grace that taught my heart to fear
And grace my fears relieved
How precious did that grace appear
The hour I first believed

Verse 3
Through many dangers, toils, and snares
I have already come
'Tis grace that brought me safe thus far
And grace will lead us home

Verse 4
When we've been there ten thousand years
Bright shining as the sun
We've no less days to sing God's praise
Than when we'd first begun


",E,Amazing Grace (My Chains Are Gone),,0,"",D,"Verse 1
[D]Amazing Grace, how [G/D]sweet the [D]sound
That saved a wretch like [A/D]me
I [D]once was [D/F#]lost but [G]now am [D]found
Was blind but [A/D]now I [D]see

Verse 2
'Twas grace that taught my heart to fear
And grace my fears relieved
How precious did that grace appear
The hour I first believed

Chorus
My chains are [G]gone, I've been set [D/F#]free
My God, my [G/B]Savior has ransomed [D/A]me
And [D/F#]like a [G]flood His mercy [D/F#]rains
Unending [Em7]love,[A7] Amazing [D]Grace

Verse 3
The Lord has promised good to me
His word my hope secures
He will my shield and portion be
As long as life endures

Verse 4
The earth shall soon dissolve like snow 
The sun forbear to shine
But God who called me here below 
Will be forever mine
Will be forever mine 
You are forever mine",D,,,,,,,,
12596854,A015 - Anchor,6514121,"","","January 29, 2026","",Genre: Contemporary,Mood: Desperation & Dependence,"","","","Themes: God's Faithfulness, Hope",Default Arrangement,147,0,"","A: Michelle, D, E","Verse 1
I have this [C#m]hope as an anchor for my [E]soul
Through ev'ry [B]storm I will hold to [A]You
With endless [C#m]love all my fear is swept aw[E]ay   
In ev'ry[B]thing I will trust in [C#m]You

Chorus
There is [A]hope in the promise of the [E]cross
You gave [F#m7]ev'rything to [C#m7]save the world [B]You love
And this [A]hope is an anchor for my [C#m7]soul
Our God will [B]stand unshak[A]able

Verse 2
Unchanging One You who was and is to come
Your promise sure You will not let go

Bridge
Your [C#m]Name is [C#m/E]higher
Your [A]Name is [A/B]greater
[E]All my [E/F#]hope is in [B]You [G#m7]
Your [C#m]word unfail[C#m/E]ing
Your [A]promise unshak[A/B]en
[E]All my [E/F#]hope is in [B]You",E,,,,,,,,,,,,
12596914,A018 - As The Deer,1431,"","","June 30, 2024","",Genre: Hymn,Mood: Adoration,Purpose: Offering,"","",Themes: God's Presence & Intimacy,Default Arrangement,,0,"","C, G","Verse 1
[C]As the [G/B]deer panteth [Am]for the [Am7/G]water
So my [F]soul longeth [G]after [C]Thee[G]
[C]You al[G/B]one are my [Am]heart's [Am7/G]desire
And I [F]long to [G]worship [C]thee

Chorus
[Am]You alone are my [F]strength my [C]shield
To [F]You alone may my [Dm]spirit [E]yield
[C]You a[G/B]lone are my [Am]heart's [Am7/G]desire
And I [F]long to [G]worship [C]Thee

Verse 2
You're my friend and You are my brother
Even though You are a King
I love You more than any other
So much more than anything

Verse 3
I want You more than gold or silver
Only You can satisfy
You alone are the real joy giver
And the apple of my eye",C,,,,,,,,,,,,
12598513,M001 - Made Me Glad,3290709,"","","February 26, 2026","",Genre: Contemporary,Mood: Desperation & Dependence,"","","",Themes: Trust,M001 - Made Me Glad,162,0,"","A, B, G: Michelle","Verse 1
[E]I will bless the Lord fo[B]rever
[E]I will trust Him at [B]all times	             
[E]He has delivered me from [B]all fear
[E]He has set my feet upon a [B]rock
[E]I will not be moved        
And [C#m]I’ll say of the [F#]Lord

Chorus
You are my [B]shield, my [C#m]strength
My [E]portion, deli[F#]verer
My [B]shelter, strong [B/D#]tower  
My [E]very present [F#]help in [E]time of [B]need

Verse 2
Whom have I in heaven but You
There’s none I desire besides You					
You have made me glad
And I’ll say of the Lord
",B,,,,,,,,,,,,
12598631,Y022 - Your Grace Is Enough,4477026,"","","January 09, 2026","",Genre: Contemporary,Mood: Celebratory,"","","",Themes: God's Faithfulness,Default Arrangement,120,0,"","E, G: Chris","Verse 1 
[G]Great is Your [Bm]faithfulness oh [C2]God
[Em] You wres[D]tle with the sinner's [C2]heart
[G]You lead us by [Bm]still waters a[C2]nd to mercy	
[Em] And nothing [D]can keep us ap[C2]art

Pre-Chorus
So re[Am7]member Your [G/B]people    re[C2]member Your [D]children
Re[Am7]member Your [G/B]promise oh [C2]God

Chorus
Your [G]grace is e[D]nough    Your [Em7]grace is e[C2]nough
Your [G]grace is e[D]nough for [C2]me

Verse 2
Great is Your love and justice God
You use the weak to lead the strong
You lead us in the song of Your salvation
And all Your people sing along

Chorus 2
Your [G]grace is e[Dsus]nough    
Heaven [Em7]reaching down to [C2]us
Your [G]grace is e[D]nough for [C2]me   God I see 
Your [G]grace is e[Dsus]nough    
I'm [Em7]covered by Your [C2]love
Your [G]grace is e[D]nough for [C2]me    
For [G]me
",G,,,,,,,,,,,,
12598652,Y006 - You Alone Can Rescue,5376377,"","","March 29, 2026","",Genre: Contemporary,Mood: Declarative,"","","","Themes: Freedom, Thankfulness & Adoration",Default Arrangement,76,0,"","A, B, Bb, C","Verse 1
[B]Who oh Lord could [E]save them[B]selves
[E]Their own soul could [F#]heal
Our [G#m]shame was [B/D#]deeper [E]than the [B]sea	
Your [E]grace is [F#]deeper [B]still

Chorus
You alone can [E]rescue [F#]You alone can [G#m]save	
You alone can [E]lift us [F#]from the [G#m]grave				
You came down to [E]find us [F#]led us out of [G#m]death			
To You alone bel[E]ongs the [F#]highest [B]praise

Verse 2
You alone have made a way
The great divide You healed
For when our hearts were far away
Your love went further still
Yes Your love goes further still

Bridge	
We [B]lift up our eyes, we lift up our eyes
You’re the [E (G#m)]Giver of life
",B,,,,,,,,,,,,
12598685,K001 - Kindness,3028373,"","","February 08, 2026","",Genre: Contemporary,Mood: Adoration,"","","","Themes: Repentance, Thankfulness & Adoration",Default Arrangement,,0,"",G,"Verse 1
[G]Open [D/F#]up the    [Em]skies of m[D]ercy
[G]Rain [D/F#]down the [Em]cleansing [D]flood
[G]Healing [D/F#]waters  [C]rise around [G/B]us
[C]Hear our cries Lord, [D]let ‘em rise

Chorus
It’s Your [C]kindness [G/B]Lord, that [Am]leads us to repentance
Your [C]favor [G/B]Lord is our de[Am]sire
It’s Your [C]beauty [G/B]Lord, that [Am]makes us stand in silence
And [C]Your love, Your [D/C]love is better than [G]life

Verse 2
We can feel Your mercy falling
You are turning our hearts back again
Hear our praises rise to heaven
Draw us near Lord,  meet us here
",G,,,,,,,,,,,,
12598711,M002 - Madly,3622016,"","","August 08, 2021","",Genre: Contemporary,Mood: Declarative,"","","","Themes: Commitment & Dedication, Missions, Evangelism, The Nations",Default Arrangement,,0,"","E, G","Chorus
And I'm [A]madly in love with Y[E/G#]ou
And I'm [B7sus]madly in love with Y[E]ou		
And I'm [A]madly in love with Y[E]ou	
And I'm [B7sus]madly in love with Y[E]ou

Verse 1
Let what we [C#m]do in [B]here fill the [A]streets out th[E]ere
Let us [A]dance for Y[E]ou, let us [B]dance for Y[E]ou
Let what we [C#m]do in h[B]ere fill the [A]streets out th[E]ere
Let us [A]dance for Y[E]ou, let us [B]dance for Y[E]ou

Bridge
All of my [A]life and nothing [E]less 
Offered to [B]You my righteous[E]ness
All of my [A]life and nothing [E]less 
Offered to [B]You my righteous[E]ness",E,,,,,,,,,,,,
12598781,J007 - Jesus We Enthrone You,1964707,"","","December 07, 2025","",Genre: Contemporary,Mood: Adoration,"","","",Themes: God's Kingdom & Reign,J007 - Jesus We Enthrone You,134,0,"","A, E, G","Verse 1
[G]Jesus, we en[Em]throne You
[C]We proclaim You are [D]King[D7]
[Em]Standing here in the [Bm]midst of us
[C]We raise You up with our [D]praise[D7]

Chorus 
[C]And as we [Bm]worship, [Em]build Your throne
[C]And as we [D]worship, [G]build Your throne
[C]And as we [D]worship, [G]build [D]Your [Em]throne
Come, Lord [C]Jesus, and [D]take Your [G]place



",G,,,,,,,,,,,,
12598825,Y021 - Your Beloved,1963849,"","","January 31, 2026","",Genre: Contemporary,Mood: Reflection & Prayer,"","","",Themes: God's Love & as Father,Default Arrangement,71,0,"",G,"Verse 1
[G]Lord it was [Bm]You who cre[C]ated the [G]hea[D]vens 
[G]Lord it was [Bm]Your hand [C]that put the stars in their [D]place
[G]Lord it is [Bm]Your voice that [C]commands the [G]mor[D]ning
Even [Em]oceans [E/F#]and their [G]waves bow at Your [D]feet[C]

Pre-Chorus
[Am]Lord, who am [Em]I compared to Your [C]glory, oh [D]Lord?
[Am]Lord, who am [Em]I compared to Your [D]majesty?[C]

Chorus
I am Your be[G]loved, Your cre[Em]ation
And You [C]love me as I [D]am
You have called me [G]chosen for Your [Em]kingdom
Unash[C]amed to call me Your [D]own
I am Your be[Em]loved[D]  [G]  [C]
",G,,,,,,,,,,,,
12598835,Y005 - You Alone Are God,4599715,"","","October 13, 2018","",Genre: Contemporary,Mood: Declarative,"","","",Themes: Thankfulness & Adoration,Default Arrangement,85,0,"","B, C","Verse 1
I con[C]fess my hope in the light of Your sal[F/C]vation
Where I l[C]ose myself I will find You’re all I [F/A]need

Pre-Chorus
Sing my [F/C]soul of the Savior’s l[C]ove
Sing my [F/C]soul unto God a[G]lone[C]   [F/C]

Verse 2
I will meet You here in the life we call surrender
Let the world I know be the glory of Your grace

Chorus
You a[F]lone are [G]God
You a[F]lone are [G]God
We de[Am]clare the gl[F]ory of Your [G]name

Bridge
[Am]Reign in all the ea[F]rth
Reign in all the ea[C]rth Jes[G/B]us

",C,,,,,,,,,,,,
12598841,Y007 - You Are God Alone (Not A God),4243463,"","","June 22, 2025","",Genre: Contemporary,Mood: Declarative,"","","",Themes: Thankfulness & Adoration,Default Arrangement,71,0,"","B, C, F","Verse 1
[C]You are not a god cre[F]ated by human hands
[C]You are not a god dep[F]endent on any mortal man
[C]You are not a [G/B]god in ne[Am]ed of [F]anything we can g[C]ive
By Your pl[G/B]an, that’s [C/E]just the way it [F]is

Chorus
You are God al[C]one from before time beg[G/B]an
You were on Your thr[Am]one, You are God al[F]one
And right n[C]ow, in the good times and [G/B]bad
You are on Your thr[Am]one, You are God alo[F]ne

Verse 2
You’re the only God whose power none can contend
You’re the only God whose Name and praise will never end
You’re the only God who’s worthy of everything we can give
You are God, that’s just the way it is

Bridge
Unch[C]angeable, unsha[G/B]keable, unst[Am]oppable, that’s what You [F]are
Unch[C]angeable, unsha[G/B]keable, unst[Am]oppable, that’s what You [F]are

",C,,,,,,,,,,,,
12598848,Y011 - You Are My King (Amazing Love),2456623,"","","December 21, 2025","",Genre: Contemporary,Mood: Declarative,Purpose: Communion,"","","Themes: Jesus' Life, Death, & Resurrection",Default Arrangement,70,0,"","D, E","Verse 1
[D/F#]I’m for[G]given be[Asus7]cause You were fors[A7]aken
[D/F#]I’m acc[G]epted, [Asus7]You were cond[A7]emned
[D/F#]I’m  a[G]live and well, Your [Asus7]spirit is with[A7]in me
[G]Because You [Asus7]died and rose ag[D]ain

Chorus
[D]Amazing [D/F#]love, h[G]ow can it be
[D]That You, my King, would die for [Asus7]me         [A7]
[D]Amazing [D/F#]love, [G]I know it’s true
[D]Its my joy to honor [Asus7]You [A7]
In all I [G]do, [Asus7]I honor [D]You

Bridge	
[D]You are my King, You are my King
[D]Jesus, You are my King, Jesus You are my King

",D,,,,,,,,,,,,
12599084,K003 - King Of All Glory,4883012,"","","August 17, 2025","",Genre: Contemporary,Mood: Declarative,"","","","Themes: God's Greatness, Power, Glory, God's Kingdom & Reign",K003 - King Of All Glory,91,0,"","A, G","Verse 1
[A]Who can stand next to Your [E]majesty
Next to Your [Bm]holiness who can st[E]and
 [A]What compares faced with Your [E]righteousness
Faced with Your [Bm]promises what comp[E]ares

Pre-Chorus		
[D]Here we are [E]by Your grace we stand
[D]Matchless K[Bm]ing we've come to s[E]ing

Chorus
[A]Holy are You [E]Lord
King of all [Bm]glory we have [Esus]come to honor Y[E]ou
[A]Holy are You [E]Lord
Heaven and [Bm]earth ring singing [Esus]Halleluj[E]ah
[D]Holy
",A,,,,,,,,,,,,
12599104,K007 - Knowing You,1045238,"","","March 20, 2026","",Genre: Hymn,Mood: Reflection & Prayer,"","","","Themes: Commitment & Dedication, Surrender",K007 - Knowing You,130,0,"","C, D: Edwin, G: Michelle","Verse 1
All I [Am]once [F]held [C]dear, built my [F]life [G]up[C]on
All this [Am]world [F]re[C]veres and [Am]wars to [Gsus]own [G]
All I [F]once [G]thought [C]gain, I have [Am]coun[G/B]ted [C]loss
Spent and [Am]worth[F]less [C]now com[Am]pared to [Gsus]this [G]

Chorus
Knowing [F]You, [C]Jesus, [F]knowing [C]You 
There [Am]is no [G]greater [F]thing
You’re my [C/E]all, You’re the [F/A]best, You’re my [C/G]joy
My Righteous[F]ness, and I [C/E]love You, [Am]Lord [Gsus]  [G]

Verse 2
Now my heart’s desire is to know You more
To be found in You and known as Yours
To possess by faith what I could not earn
All surpassing gift of righteousness

Verse 3
Oh to know the power of Your risen life
And to know You in Your sufferings
To become like You, in Your death, my Lord
So with You to live and never die



",C,,,,,,,,,,,,
12599113,I024 - In The Secret,1810119,"","","August 29, 2025","",Genre: Contemporary,Mood: Reflection & Prayer,"","","","Themes: Commitment & Dedication, God's Presence & Intimacy",I024 - In The Secret,107,0,"","F, G","Verse 1
[G]In the secret, in the quiet [C]place
[Em]In the stillness [D]You are [C]there
[G]In the secret, in the quiet [C]hour I wait
Only for You,[Em] ‘cause I want to [D]know You [C]more

Chorus
[G]I want to [D]know You, [Em]I want to [C]hear Your voice
[G]I want to [D]know You [C]more
[G]I want to [D]touch You, [Em]I want to [C]see Your face
[G]I want to [D]know You [C]more

Verse 2
I am reaching for the highest goal
That I might receive the prize
Pressing onward, pushing every hindrance aside
Out of my way, ‘cause I want to know You more
",G,,,,,,,,,,,,
12599145,J001 - Jesus At The Center,6115180,"","","December 29, 2027","",Genre: Gospel,Mood: Adoration,"","","","Themes: Church & Unity, Thankfulness & Adoration",J001 - Jesus At The Center,65,0,"","C: Michelle, D, E","Verse 1
[E]Jesus at the c[F#m]enter of it [E/G#]all
[A]Jesus at the c[E/G#]enter of it a[B]ll	
From be[A]ginning to the e[E]nd, it will [B]always be
It’s [C#m]always [B]been You [A] Jesus, [B]Jesus

Chorus
Nothing else [A]matters
[F#m]Nothing in this world will d[E]o		
Jesus You’re the [A]center
[F#m]Everything revolves around [C#m]You,  Jesus [B]You

Verse 2
Jesus be the center of my life
Jesus be the center of my life
From beginning to the end, it will always be
It’s always been You Jesus, Jesus

Bridge
From my [B]heart to the heavens 
[C#m]Jesus be the center 
It’s [A]all about You
Yes it’s [B]all about You

Verse 3
Jesus be the center of Your church
Jesus be the center of Your church
And every knee will bow
And every tongue shall confess You Jesus, Jesus

",E,,,,,,,,,,,,
12599161,J003 - Jesus Loves Me,7028829,"","","October 26, 2025","",Genre: Contemporary,Mood: Reflection & Prayer,"","","","Themes: God's Love & as Father, Our Testimony & Redemption",J003 - Jesus Loves Me,164,0,"","A, E, F","Intro
[C    Am7   Fmaj7   C/G  G]

Verse 1
[C] I was l[Am7]ost, I was in ch[F]ains
The world had a h[Gsus]old of m[G]e
[C] My heart was a st[Am7]one, I was covered in sh[F]ame
When He c[Gsus]ame for m[G]e

Pre-Chorus
[C]I couldn't run, couldn't [Am7]run from His presence
[F]I couldn't run, couldn't [Gsus]run from H[G]is arms

Chorus
[C]Jesus He l[Am7]oves me
He l[F]oves me, He is[Gsus] for [G]me
[C]Jesus how c[Am7]an it be
He l[F]oves me, He [Gsus]is      f[G]or me [C]

Verse 2
It was a fire deep in my soul
I'll never be the same
I stepped out of the dark and into the light
When He called my name

Bridge   
[Am7]  He holds the stars, and He [F]holds my heart
[C]  With healing hands that [G/B]bear the scars
[Am7]  The rugged cross where He [F]died for me
 My [C]only hope, my [G]everything
",C,,,,,,,,,,,,
12599170,J004 - Jesus Lover Of My Soul (Hillsong),1198817,"","","December 05, 2025","",Genre: Contemporary,Mood: Desperation & Dependence,"","","","Themes: Thankfulness & Adoration, Trust",Default Arrangement,,0,"",G,"Verse 1
[G]Jesus, [D/F#]lover of my [Bsus-B]soul         [Em]
Jesus,[Em7/D] I will  [Am]never let You [D]go
[G]You’ve taken me [D/F#m]from the miry [Bsus-B]clay         [Em]
You’ve set my [Em7/D]feet upon the Rock [Am]
And now I [D]know

Chorus
[G]I love You,[D/F#]   I need You
[Em]Though my [Dm7]world may fall
I’ll [C]never let You go
[G]My Savior, [D/F#]my closest Friend 
[Em]I will [Dm7]worship You un[C]til the very end
",G,Simple Chords,,0,"",G,"Verse 1
[G]Jesus, [D/F#]lover of my soul       [Em7]
Jesus,[Em7] I will  [C]never let You [D]go
[G]You’ve taken me [D/F#]from the miry clay       [Em7]
You’ve set my [Em7]feet upon the Rock [C]
And now I [D]know

Chorus
[G]I love You,[D/F#]   I need You
[Em7]Though my world may fall
I’ll [C]never let You [D]go
[G]My Savior, [D/F#]my closest Friend 
[Em7]I will worship You un[C]til the very end
",G,,,,,,,,
12599184,Y012 - You Are My Strength,4869940,"","","January 11, 2025","",Genre: Contemporary,Mood: Reflection & Prayer,"","","",Themes: Hope,Default Arrangement,154,0,"","D, E, F, G","Verse 1
You are my [G]strength
Strength like no [C]other
Strength like no [G/B]other [D]reaches to [G]me

Verse 2
You are my hope
Hope like no other 
Hope like no other reaches to me

Chorus
In the f[C]ullness of Your grace
In the p[Em]ower of Your name
You lift me u[G]p   
[C]You lift me u[D]p

Verse 3
Unfailing love
Stronger than mountains
Deeper than oceans reaches to me

Bridge
[C]Your [G]love O L[D]ord
[Em]Reaches to the [C]hea[G]vens[D]   [Em]
[C]Your [G]faithful[D]ness [Em]reaches to the [C]skies [G]  [D]
",G,,,,,,,,,,,,
12599209,O008 - One Desire,3452743,"","","January 04, 2026","",Genre: Contemporary,Mood: Desperation & Dependence,"","","","Themes: Commitment & Dedication, God's Presence & Intimacy",Default Arrangement,,0,"",E,"Verse
[E/G#]   You gave it all for me, [A2]   my soul desire my everything
[E/G#]   And all I am is devoted [A2] to You
[E/G#]   How could I fail to see
[A2]   You are the love that rescued me
[E/G#]   And all I am is devoted to You  [A2]


Pre-Chorus
And oh[B]    how could I not [C#m7]     be moved
Lord here [A2]    with You   so h[E]ave Your way in me  [B]
Cause Lord there is just[C#m]   one thing
That I [A2]   will seek


Chorus
This is my cry [E]   my one desi[B/D#]re
Just to be where You are [C#m7]   Lord  now and fore[A2]ver
It’s more than a song [E/G#]   my one desi[D]re
Is to be with You [F#m7]   Is to be with You [C#m7]   [A]  Je[E/G#]sus       [A2]      [E/G#]


Bridge
The [E]one thi[F#m7]ng the [E/G#]one thi[F#m7]ng I ask [C#m7]   is to [B]be with You [E/G#]  [A2]",E,,,,,,,,,,,,
12599266,Y024 - Your Name,4611679,"","","December 08, 2022","",Genre: Contemporary,Mood: Declarative,Purpose: Call to Worship,"","","Themes: God's Greatness, Power, Glory, Thankfulness & Adoration",Christmas Version,144,0,"","A, Bb, C","Intro: [A/C#][D][E][F#m] | [A/C#][D][E][A]

Verse 1
[A/C#]Humbly [D]to the [E]earth You c[A]ame
[A/C#]Born in[D]to this [E]world to s[A]ave
[A/C#]God with u[D]s, Emm[E]anuel[F#m]
Now [D]we ad[E]ore Your n[A]ame

Chorus
Your N[E]ame[F#m7]            is a [A]strong and mighty t[D]ower 
Your N[E]ame[F#m7]            is a [A]shelter like no [D]other 
Your N[E]ame[F#m7]            let the [A]nations sing it l[D]ouder 
'Cause [A/C#]nothing has the p[D]ower to s[Esus]ave    [E]
But Your N[A/C#]ame  [D] [E] [A]

Verse 2
[A/C#]Jesus [D]in Your [E]Name we pr[A5]ay 
[A/C#]Come and [D]fill our [E]hearts tod[A5]ay 
Lord [A/C#]give us str[D]ength to l[E]ive for Y[F#m]ou
And [D]glorify[E] Your N[A5]ame 

Tag
[A/C#]God with u[D]s Emm[E]anuel[A]
[A/C#]God with u[D]s Emm[E]anuel[A]
[A/C#]God with u[D]s Emm[E]anuel[F#m]
Now [D]we a[E]dore Your n[A]ame


",A,Default Arrangement,,0,"","A, G","Verse 1
As [A/C#]morning [D]dawns and [E]evening f[A5]ades 
[A/C#]You ins[D]pire s[E]ongs of pr[A5]aise 
That [A/C#]rise from [D]earth to t[E]ouch Your h[F#m7]eart
And [D]glorify [E]Your N[A5]ame 

Chorus
Your N[E]ame [F#m7]is a [A5]strong and mighty t[D2]ower 
Your N[E]ame [F#m7]is a [A5]shelter like no [D2]other 
Your N[E]ame [F#m7]let the [A5]nations sing it l[D2]ouder 
'Cause [A/C#]nothing has the p[D2]ower to s[Esus]ave  [E]
But Your N[A/C#]ame 

Verse 2
[A/C#]Jesus [D]in Your [E]Name we pr[A5]ay 
[A/C#]Come and [D]fill our [E]hearts tod[A5]ay 
And [A/C#]give us str[D]ength to l[E]ive for Y[F#m7]ou
And [D]glorify[E] Your N[A5]ame 

Bridge
[A/C#]Jesus [D]Jesus [E]Jesus[A]

",A,,,,,,,,
12599299,O009 - One Pure And Holy Passion,270224,"","","October 14, 2023","",Genre: Contemporary,Mood: Reflection & Prayer,"","","","Themes: Commitment & Dedication, Holiness & Purity",Default Arrangement,,0,"",C,"Verse 1
G[C]ive me one [G/B]pure and holy p[Am]assion  [Am/G]
G[F]ive me one mag[C/E]nificent obs[Dm7]ession   [F/G]
Jesus, g[C]ive me one g[G/B]lorious am[Am]bition for my [Em]life
To k[F]now and follow h[F/G]ard after Y[C]ou   [F]   [G] 

Chorus
To k[C]now and follow h[F]ard after Y[C]ou
To g[C]row as Your disc[Em]iple i[F]n the t[Gsus  G]ruth
This world is e[Am]mpty, pale, and p[Em]oor
Compared to k[Am]nowing [Em]You, my L[D]ord
Lead me [Dm7]on, and I will [F/G]run after Y[C]ou





",C,,,,,,,,,,,,
12599347,S013 - Sing Sing Sing,5114065,"","","September 28, 2025","",Genre: Contemporary,Mood: Celebratory,Purpose: Call to Worship,"","",Themes: Thankfulness & Adoration,S013 - Sing Sing Sing,146,0,"","C: Chris, E","Chorus
S[E]ing sing sing

And make music with the heavens
We will [C#m]sing sing sing

Grateful that You hear us when we
S[B]hout Your praise
Lift h[A]igh the name of J[E]esus

Verse 1
W[E]hat’s not to love about You

Heaven and earth adore You
[C#m]Kings and kingdoms bow down
Son of God You are the O[B]ne
You are the O[A]ne we’re living f[(E)]or [<i>To Chorus:</i> C#m B1]

Verse 2
You are the love that frees us
You are the light that leads us
Like a fire burning
Son of God You are the One
You are the One we’re living for
",E,,,,,,,,,,,,
12599366,S014 - Sing To The King,4010902,"","","August 17, 2025","",Genre: Contemporary,Mood: Declarative,"","","","Themes: Church & Unity, Jesus' Life, Death, & Resurrection",S014 - Sing To The King,120,0,"","E: Michelle, Chris","Verse 1
S[E]ing to the [B/E]King who is [A/E]coming to r[E]eign
Glory to [B/E]Jesus the     L[A/E]amb that was s[E]lain
Life and sal[B/E]vation, His e[A/E]mpire shall b[E]ring
Joy to the n[B/E]ations when J[A/E]esus is K[E]ing

Chorus
C[E]ome let us sing a song
A[F#m7] song declaring we belong to J[A2]esus
He’s all we n[E]eed   [D2]   [A]
L[E]ift up a heart of praise
[F#m7]Sing now with voices raised to J[A2]esus   [B]
Sing to the K[E]ing

Verse 2
For His returning we watch and we pray
We will be ready the dawn of that day
We’ll join in singing with all the redeemed
Satan is vanquished and Jesus is King!
",E,,,,,,,,,,,,
12599376,L007 - Let Your Glory Fall,785489,"","","November 16, 2025","",Genre: Contemporary,Mood: Reflection & Prayer,"","","","Themes: God's Greatness, Power, Glory, Missions, Evangelism, The Nations",Default Arrangement,136,0,"",G,"Verse 1
[C]Fa[D]ther of cre[G]ation,[C] unfold Your [D]sovereign [G]plan
[C]Raise up a [D]chosen [G  D/F#  Em]generation
[C]That will march [Am7]through the [Dsus]land      [D]
[C]All of cre[D]ation is [G]longing,[C] for Your un[D]veiling of [G]power
[C]Would You re[D]lease Your [G  D/F#  Em]anointing
[C]Oh God, let [Am7]this be the [Dsus]hour       [D]

Chorus 
Let Your [G]glory [D]fall in this [C]room
Let it [Am7]go forth from [Em]here to the [D]nations
Let Your [G]fragrance [D]rest in this [C]place
As we [Am7]gather to [D]seek Your [G]face

Verse 2
Ruler of the nations, the world has yet to see
The full release of Your promise, the church in victory
Turn to us Lord and touch us
Make us strong in Your might
Overcome our weakness 
That we could stand up and fight
",G,,,,,,,,,,,,
12599400,H023 - Hope of the World,6177386,"","","December 04, 2025","",Genre: Contemporary,Mood: Desperation & Dependence,"","","","Themes: Hope, Jesus' Life, Death, & Resurrection",Default Arrangement,,0,"",A,"Verse 1
For the l[D]ove poured out	 For the p[F#m]rice of freedom  [E]
Let the w[D]hole earth sing	H[F#m]ear the praises rising  [E]

We s[D]tand in awe
Of w[F#m]hat You’ve done for u[A]s
At the [E]cross

Chorus
The hope of the w[D]orld lifted on h[A]igh
Calling us h[F#m]ome with arms out w[E]ide
To know You fore[D]ver
To love You fore[F#m]ver
You are our e[E]verything

Verse 2
Our sin erased       We’re forgiven
You made a way    You are our ransom

We owe this life
For all You’ve done for us
At the cross

Bridge
A[D]ll we n[F#m]eed is Y[E]ou (x3)
",A,,,,,,,,,,,,
12599425,L014 - Lord I Need You,5925687,"","","February 20, 2026","",Genre: Contemporary,Mood: Desperation & Dependence,"","","",Themes: Trust,Default Arrangement,,0,"","A, E, G","Verse 1
Lord I[A] come, I confess
Bowing[F#m] here  I [E]find my[D] rest
Without[A] You I fall apart
You’re the[A/E] one that guides [D]my heart

Chorus
Lord I [A]need You, [D]Oh I [A]need [E]You
 [F#m]Every [D]hour I [A]need [E]You
My [A/C#]one de[D]fense, my[A] righteous[D]sness
Oh [A]God, how I [E]need [A]You 

Verse 2
Where sin runs deep, Your grace is more
Where grace is found is where You are
And where You are, Lord I am free
Holiness is Christ in me
Yes where You are, Lord I am free
Holiness is Christ in me

Bridge
So [D]teach my [A]song to [E]rise to [F#m]You
When temptation [A]comes my [D]way
And when I [D]cannot [A]stand I’ll [E]fall on [F#m]You 
Jesus You’re my [E]hope a[A]nd stay
",A,,,,,,,,,,,,
12599430,T010 - This Is Amazing Grace,6333821,"","","January 30, 2026","",Genre: Contemporary,Mood: Celebratory,"","","","Themes: Jesus' Life, Death, & Resurrection, Thankfulness & Adoration",T010 - This Is Amazing Grace,110,0,"","A, C, D, E, G: Chris - No Octave Jump","Verse 1 
W[A]ho breaks the power of sin and darkness
W[D]hose love is mighty and so much stronger
T[F#m]he King of glory  [E]  the King above all K[D]ings 

Who shakes the whole earth with holy thunder
Who leaves us breathless in awe and wonder
The King of glory   the King above all Kings 

Chorus
This is amazing gr[A]ace, this is unfailing l[D]ove
That You would take my [F#m]place, that You would bear my c[E]ross
You would lay down Your l[A]ife, that I would be set f[D]ree
J[F#m]esus, I sing for [E]all that You’ve done for [A]me   [D]

Interlude
[A D]

Verse 2
Who brings our chaos back into order
Who makes the orphan a son and daughter
The King of Glory   the King above all kings

Who rules the nations with truth and justice
Shines like the sun in all of its brilliance
The King of Glory   the King above all kings

Bridge
W[A]orthy is the Lamb who was slain
W[D]orthy is the King who conquered the grave
W[F#m]orthy is the Lamb who was slain
W[D]orthy is the King who conquered the grave
",A,,,,,,,,,,,,
12599462,T009 - This I Believe (The Creed),7018338,"","","February 20, 2026","",Genre: Contemporary,Mood: Declarative,"","","","Themes: Church & Unity, Jesus' Life, Death, & Resurrection",T009 - This I Believe (The Creed),142,0,"","A, Bb, C, G","Verse 1
[F]Our Father everl[Am]asting
[G]The all cre[C/E]ating O[F]ne
God Almi[G]ghty  [C/E]
[F]Through Your Holy S[Am]pirit
[G]Conceiving Christ the [C/E]Son    [F]
Jesus our S[G]aviour

Chorus
[C]     I believe in God our F[Dm]ather
[F]     I believe in Christ the S[G]on
[Am]     I believe in the Holy Spirit
[F]     Our God is three in One

[C]I believe in the r[C/D]esurrection
[F]That we will rise ag[G]ain
[Am]For I believe 
In the N[F]ame of J[G]esus  [to bridge: C]

Verse 2
Our Judge and our Defender
Suffered and crucified
Forgiveness is in You
Descended into darkness
You rose in glorious life
Forever seated high

COLUMN_BREAK
Bridge
I be[F]lie[Am]ve in Y[G]ou   [C/E]
I bel[F]ieve You [Am]rose ag[G]ain  [C/E]
I bel[F]ieve that J[G]esus Christ is L[C]ord

Chorus 2
I believe in life eternal
I believe in the virgin birth
I believe in the saint's communion
And in Your holy Church
I believe in the resurrection
When Jesus comes again
For I believe in the Name of Jesus",C,,,,,,,,,,,,
12599470,L018 - Love Like Fire,5636921,"","","January 29, 2026","",Genre: Contemporary,Mood: Desperation & Dependence,"","","","Themes: God's Love & as Father, Surrender",Default Arrangement,,0,"",E,"Verse 1
I am [E]desperate for Your touch 
A glimpse of heaven for the [C#m]glory of Your Son
In a moment You can [B]turn a life around
For[Asus2]ever to be found in Yo[E]u 

Verse 2
I am reaching out to find
There's nothing greater than Your love that holds my life
Your grace and mercy that have saved me by Your blood
And swept away my shame oh Lord 

Pre-Chorus
Your love is like [C#m]fire that [Asus2]burns for all to s[E]ee  [B]
My only de[C#m]sire to [Asus2]worship at your fe[E]et    
So let this [B]fire consume my li[E]fe

Chorus	
Let Your [E]love take me deeper  [B] 
Draw me closer to where You a[C#m]re                                                
All I w[Asus2]ant is more of Yo[E]u
When You [E]call I will follow [B]
At the cross I surrender a[C#m]ll
Jesus I[Asus2] belong to Yo[E]u

Verse 3
And I’m surrendered to Your love
Forever humbled by the message of the cross
I stand abandoned in Your presence and embrace
I'll never be the same oh God
",E,,,,,,,,,,,,
12599485,O011 - One Thing Remains,5508444,"","","January 25, 2026","",Genre: Contemporary,Mood: Declarative,"","","",Themes: God's Love & as Father,O010 - One Thing Remains,148,0,"","A, E","Verse 1
[D]Higher than [A]the mountains [E]that I face
[D]Stronger than the [A]power of the [E]grave
[D]Constant in the [A]trial and the [E]change
One [D]thing[A] rem[E]ains	one [D]thing[A] rem[E]ains

Chorus
Your l[F#m]ove never fails it [D]never gives up
It [A]never runs out on [E]me

Verse2
On and on and on and on it goes
It overwhelms and satisfies my soul
And I never ever have to be afraid
One thing remains	one thing remains

Bridge
In [D]death in [A]life I’m [E]confident and [Bm]covered by
The [D]power of [A/C#]Your great [E]love
My [D]debt is [A]paid there’s [E]nothing that can [Bm]separate
My [D]heart from [A/C#]Your great [E]love
",A,,,,,,,,,,,,
12599591,H024 - Hosanna (Hillsong),4785835,"","","March 29, 2026","",Genre: Contemporary,Mood: Declarative,"","","","Themes: God's Kingdom & Reign, Missions, Evangelism, The Nations",Default Arrangement,145,0,"","D: Michelle, E, F, G","Intro
[C#m E F#m G#m]

Verse 1
[E]I see the King of glory [C#m]coming on the clouds with fire
The whole earth sh[F#m]akes the whole earth sh[G#m]akes       [(C#m)]
[E]I see His love and mercy [C#m]washing over all our sin
The people s[A]ing the people s[B]ing

Chorus
Hos[E/G#]ann[A]a Hos[B]ann[C#m]a Ho[A]sanna in the [C#m]high[B]est
Hos[E/G#]ann[A]a Hos[B]ann[C#m]a Ho[A]sanna in the [B]high[C#m]est

Verse 2
I see a generation rising up to take their place
With selfless faith with selfless faith
I see a near revival stirring as we pray and seek
We’re on our knees we’re on our knees

Bridge
[A]Heal my heart and make it cl[B]ean
[E]Open up my eyes to the [C#m]things unseen
[A]Show me how to love like Y[B]ou have loved me [C#m]
[A]Break my heart for what breaks Y[B]ours
[E]Everything I am for Your [C#m]kingdom’s cause
[A]As I walk from earth int[B]o eternity [A]

",E,,,,,,,,,,,,
12599600,I029 - It Is Well (Hymn),4490515,"","",,"",Genre: Hymn,Mood: Desperation & Dependence,"","","",Themes: Trust,Hymn,,0,"",C,"Verse 1
When [C]peace like a [G]river a[F]tten[G7]deth my [C]way
When [Am]sorrows like [D]sea billows [G]roll
What[C]ever my [F]lot [A7]thou hast [Dm]taught [D7]me to [G]say
It is [C]well it is [F]well [C/G]with [G]my [C]soul

Chorus
It is [C]well     (It is well)
With my [G]soul     (With my soul)
It is [F]well it is [C/G]well [G7]with my [C]soul

Verse 2
Though Satan should buffet though trials should come
Let this blest assurance control
That Christ has regarded my helpless estate
And hath shed his own blood for my soul

Verse 3
My sin o the joy of this glorious thought
My sin not in part but the whole
Is nailed to the cross and I bear it no more
Praise the Lord praise the Lord O my soul

Verse 4
And Lord haste the day when my faith shall be sight
The clouds be rolled back as a scroll
The trump shall resound and the Lord shall descend
Even so it is well with my soul
",C,It Is Well (Chapel),,0,"",G,"Verse 1
When [Em]peace like a [D/G]river at[C]ten[D]deth my [G]way
When [Em]sorrow like [A]sea [Dsus]billows [D]roll
What[G]ever my [C]lot You have [A]taught me to [D]say
It is [G]well it is [C]well [D]with my [G]soul

Verse 2
Though Satan should buffet though trials should come
Let this blest assurance control
That Christ has regarded my helpless estate
And hath shed his own blood for my soul

Chorus
It is w[D]ell
With my [G]soul
It is w[C]ell, it is [Dsus]well,[D] with my s[G]oul

Verse 3
But Lord ‘tis for Thee, for Thy coming we wait
The sky not the grave, is our goal
Oh, trump of the angel, oh voice of the Lord
Blessed hope, blessed rest of my soul

Bridge
You are the [G]Rock on which I stand
By Your g[Em]race it is [D/F#]well
My hope is [G]sure [G/B]    in Christ [C]my Saviour
It is w[Em]ell [D/F#]with my [G]soul",G,,,,,,,,
12599817,L003 - Let Everything That Has Breath,2430979,"","","December 29, 2027","",Genre: Contemporary,Mood: Celebratory,Purpose: Call to Worship,"","","Themes: God's Greatness, Power, Glory, Thankfulness & Adoration",L003 - Let Everything That Has Breath,110.5,0,"",E,"Verse 1
[E]Praise You in the morning,[B/D#] praise You in the evening
[C#m]Praise You when I’m young and when I’m o[A]ld
[E]Praise You when I’m laughing,[B/D#] praise You when I’m grieving
[C#m]Praise You every season of the s[A]oul

Pre-Chorus 1
[F#m]If we could see how [G#m]much You’re worth 
[F#m]Your power, Your might, Your [G#m]endless love 
[F#m]Then surely we would [G#m]never cease to [A]praise

Chorus
[E]Let everything that,[B/D#] everything that
[C#m]Everything that [A]has breath, [B]praise the Lord  [F#m]

Verse 2
Praise You in the heavens, joining with the angels
Praising You forever and a day
Praise You on the earth now, joining with creation
Calling all the nations to Your praise

Pre-Chorus 2
If they could see how much You’re worth
Your power, Your might, Your endless love 
Then surely they would never cease to praise
	

",E,,,,,,,,,,,,
12599880,L004 - Let It Be Jesus,7017785,"","","December 14, 2024","",Genre: Contemporary,Mood: Desperation & Dependence,"","","","Themes: Commitment & Dedication, Surrender",L004 - Let It Be Jesus,141,0,"","A, G: Michelle","Verse 1
Let it be [C]Jes[G]us      the [Em]first name that I c[D]all
Let it be [C]Jes[G]us      my [Em]song inside the st[D]orm
I’ll [Am]never need another[C]

Chorus
For m[G]e, to l[D]ive i[C]s Christ
For m[G]e, to live i[D]s Ch[C]rist 
God I br[G]eathe Your N[D]ame above [C]everything
Let it be[G]	    
let it b[D]e Je[C]sus

Verse 2
Let it be Jesus	from the rising of the sun
Let it be Jesus	when all is said and done
I’ll never need another, Jesus there’s no other

Bridge
Should I [D]ever be abandoned
Should I [Em]ever be acclaimed
Should I [D]ever be surrounded
by the [Em]fire and the flame
There’s a [D]name I will remember
There’s a [Em]name I will proclaim
Let it be [G]   let it [D]be J[C]esus (x3)
",G,,,,,,,,,,,,
12599902,O012 - One Voice,12138,"","","February 01, 2026","",Genre: Contemporary,Mood: Reflection & Prayer,"","","",Themes: Church & Unity,O012 - One Voice,129,0,"",D,"Verse 1
[D]Father we [A]ask of [F#m]You this [Bm]day
To [Em]come and [Bm]heal our [A]land
Knit our [Em]hearts to[A]gether 
That Your [F#m]glory may be [Bm]seen in us					
[G]Then the world will know that [Em]Jesus Christ is [A7]Lord[A7]

Chorus
Let us be [D]one [F#m]voice that [G]glorifies Your [A7]name
Let us be [D]one [F#m]voice de[G]claring that You [A7]reign
Let us be [F#m]one [F#]voice in [Bm]love and harmony
And we [G]pray, O God, grant us [A]uni[D]ty

Verse 2
Now is the time for you and I
To join our hearts in praise
That the name of Jesus
Will be lifted high above the earth
Then the world will know that Jesus Christ is Lord",D,,,,,,,,,,,,
12599957,O013 - One Way,4222082,"","","October 13, 2024","",Genre: Contemporary,Mood: Celebratory,"","","",Themes: Commitment & Dedication,Default Arrangement,135,0,"","A, B, C, F: Michelle","Verse 1
[B]I lay my life down at Your feet [G#m]  You’re the only one I need
[F#]I turn to You and You are always [E]there
[B]In troubled times it’s You I see[G#m]k   I put You first that’s all I need
[F#]I humble all I am, all to Y[E]ou

Chorus
[B]One way     [F#]   Jesus
[G#m7]You’re the only One that [E]I could live for
[B]One way     [F#]   Jesus
[G#m7]You’re the only One that [A]I could live for [G#m] [E] [G#m] [E]

Verse 2
You are always, always there every how and everywhere
Your grace abounds so deeply within me
You will never, ever change   yesterday, today, the same
Forever till forever meets no end

Bridge
[B]You are the way the tr[F#]uth and the life
We [G#m7]live by faith and n[E]ot by sight for [G#m7]You
We’re [F#]living all for[E] You
",B,,,,,,,,,,,,
12600037,M003 - Majestic,4573308,"","","March 20, 2026","",Genre: Contemporary,Mood: Celebratory,Purpose: Call to Worship,"","","Themes: God's Greatness, Power, Glory, Thankfulness & Adoration",Default Arrangement,118,0,"","B, C: Chris, D, F, G: Miesha's Key","Verse 1
O [D]Lord our Lord how ma[A]jestic is
Your N[G]ame in all the e[D]arth
O Lord our Lord how ma[A]jestic is
Your N[G]ame in all the e[D]arth 

Chorus
The heavens de[G]clare Your gr[D]eatness
The oceans cry [G]out to Y[Bm7]ou
The mountains they [G]bow down bef[D/F#]ore You
So I’ll j[Em7]oin with the e[D/F#]arth
And I’ll g[G]ive my pr[A]aise to Y[D]ou [A] [G] [D]

Bridge
[D]I will worship [G] You [D]I will worship [G] You
[D]I will worship [G] You [D]I will worship [G] You
[D]We will [D/C#]worship [G] You
[Bm7]We will [D/F#]worship [G] You

",D,,,,,,,,,,,,
12600061,O015 - Open Heaven (River Wild),7047254,"","","July 14, 2022","",Genre: Contemporary,Mood: Declarative,"","","","Themes: Holy Spirit, Surrender",O015 - Open Heaven (River Wild),138,0,"","A, B, Bb, C: Edwin's Key, G","Intro
[| F / G / | Am / C/E / F / G|]

Verse 1
[Am]Signs and [C/E]wonders from a[F]bove [G] 
[Am]When You [C/E]poured out Your [F]Spi[G]rit
[Am]On the [C/E]old and the [F]young [G]
[Am]In the [C/E]power of Your [F]presence[G] [Am]

Chorus
[C/E]Holy Spirit [F]rain
[G]Falling like a [Am]flood
[C/E]Break upon my [F]praise
As I [G]sing of Your [Am]love
[Cadd2/E]Holy Spirit [F]fire
[G]Burn in my [Am]soul as 
I [C/E]call on Your [F]Name [G]
[Am]As I [C/E]call on Your [F]Name 

Verse 2
[Am]Dreams and [C/E]visions of the [F]Son
[G]As I [C/E]stand in Your [F]presence [G]
[Am]Reve[C/E]lations of Your [F]love [G]
[Am]As I [C/E]look to the [F]heavens [G]   [Am]
COLUMN_BREAK
Bridge 1
[F]Oh Holy Spirit [G]burn like a fire
[C/E]All consuming [F]consume me
[F]Here in Your presence, 
[G]Lord I surrender
[C/E]To Your glory, [F]for Your glory

Bridge 2
[F]Living water, [G]river wild in me
[Cadd2/E]Immerse me [F]in Your mercy
[F]Open heaven, [G]crashing over me
[Cadd2/E]Restore me [F]in Your glory",C,,,,,,,,,,,,
12600079,O016 - Open The Eyes Of My Heart,2298355,"","","March 15, 2026","",Genre: Contemporary,Mood: Declarative,Purpose: Call to Worship,"","","Themes: God's Greatness, Power, Glory",O016 - Open The Eyes Of My Heart,108,0,"","E, G","Verse 1
[E]Open the eyes of my heart, Lord
[B/D#]Open the eyes of my heart
I want to s[A/C#m]ee You, I [A]want to see [E]You
[E]Open the eyes of my heart, Lord
[B/D#]Open the eyes of my heart
I want to s[A/C#m]ee You, I [A]want to see [E]You

Chorus
To see You [B]high and lifted [C#m]up
Sh[A]ining in the light of Your glory[B]
[B]Pour out Your power and love[C#m]
As we sing, H[F#m]oly Holy Holy[B]

Bridge
[E]Holy Holy Holy
[B/D#]Holy Holy Holy
[A/C#m]Holy Holy[A] Holy
I want to s[E]ee You
",E,,,,,,,,,,,,
12600177,L001 - Lay Me Down,6223577,"","","March 01, 2026","",Genre: Contemporary,Mood: Celebratory,"","","","Themes: Commitment & Dedication, Surrender",L001 - Lay Me Down,130,0,"","A, C, G","Verse 1
With this h[Am]eart open wide  [G/B]
From the de[C]pths, from the heights
I will br[Am]ing a s[G]acrifi[C]ce

Verse 2
With these hands lifted high
Hear my song, hear my cry
I will bring a sacrifice
I will br[Am]ing a s[G]acrifi[F]ce [C]

Chorus
[F]I lay me [C]down, I'm not my [G]own
I be[Am]long to [G]You al[F]one
Lay me [C]down, lay me [G]down

Hand on my heart this much is true
There's no life apart from You
Lay me down, lay me down

Verse 3
Letting go of my pride, giving up all my rights
Take this life and let it shine
Take this life and let it shine

Bridge
It will be my [C]joy to say Your will, Your way
It will be my [Am]joy to say Your will, Your way
It will be my [G]joy to say
Yo[F]ur will, Your way, a[C]lways  [(G)]
",C,,,,,,,,,,,,
12600213,A019 - As We Seek Your Face,442375,"","","January 04, 2026","",Genre: Contemporary,Mood: Desperation & Dependence,"","","",Themes: God's Presence & Intimacy,Default Arrangement,,0,"",G,"Verse 1
As we [G]seek [D/F#]Your [G]face, may we [Em]know [Bm]Your [C]heart
Feel Your [G]pre[D]sence, ac[Em]cep[C]tance
As we [G]seek [D/F#]Your [G]face

Verse 2
At Your feet we fall sovereign Lord
We cry, “Holy, holy.” 
At Your feet we fall

Chorus
[G]Jesus [D/F#]draw me [Em]close, [C]clo[G/B]ser [D]Lord to You
[G]Let the [D/F#]world [Em]around [C]me [G/B]fade a[D]way
[G]Jesus [D/F#]draw me [Em]close, [C]clo[G/B]ser [D]Lord to You
For [C]I de[D]sire to [Em]worship [D]and o[C]bey [G]
",G,,,,,,,,,,,,
12600236,A020 - At The Cross,4591816,"","","December 29, 2027","",Genre: Contemporary,Mood: Desperation & Dependence,Purpose: Communion,"","","Themes: Jesus' Life, Death, & Resurrection",Default Arrangement,70,0,"","C, D: Michelle, E","Verse 1
[E/G#]Oh [A]Lord You've [B]searched m[C#m7]e
[E]You [A]know my [B]way
[E/G#]Even whe[A]n I fai[B]l Yo[C#m7]u
[A]I know You [B]love me

Verse 2
Your holy presence 
Surrounding me
In every season 
I know You love me
I know You love me

Chorus		
[E]At the cross I bow my [C#m7]knee 
Where Your blood was [E/G#]shed for [A]me
There’s no greater love than [B]this 
[E]You have overcome the [C#m7]grave 
Your glory fills the [E/G#]highest [A]place
What can separate me [B]now

Verse 3	
You go before me 
You shield my way
Your hand upholds me
I know You love me

COLUMN_BREAK

Bridge		
You tore the ve[A]il  
[B]You made a way[C#m7] 
When You sai[A]d that i[C#m7]t is do[B]ne
You tore the ve[A]il  
[B]You made a way[C#m7] 
When You sai[A]d that i[C#m7]t is do[B]ne

Verse 4		
And when the earth fades 
Falls from my eyes
And You stand before me 
I know You love me
I know You love me",E,,,,,,,,,,,,
12600246,L017 - Lost In Wonder,3943520,"","","June 22, 2025","",Genre: Contemporary,Mood: Adoration,Purpose: Communion,"","","Themes: Jesus' Life, Death, & Resurrection, Thankfulness & Adoration",Default Arrangement,,0,"","A, G","Verse 1
You [G]chose the cross with every breath [D/F#]
The [Em7]perfect life, the perfect death [C2]
You chose the cr[G]oss [D/F#]

Verse 2
A [G]crown of thorns You wore for us [D/F#]
And [Em7]crowned us with eternal life [C2]
You chose the cr[G]oss [D/F#]

Pre-Chorus 1
And [Am7]though Your soul was o[G/B]verwhelmed with p[D]ain [G/B]
O[Am7]bedient to d[G/B]eath You over[D]came

Chorus
I'm lost in [G]wonder, I'm [D/F#]lost in[Em7] love
I'm lost in [C2]praise for everm[D]ore
Because of [G]Jesus' un[D/F#]failing [Em7]love
I am for[C2]given I am res[D]tored

Verse 3
You loosed the cords of sinfulness
And broke the chains of my disgrace
You chose the cross
Up from the grave victorious
You rose again so glorious
You chose the cross

Pre-Chorus 2
The sorrow that surrounded You was mine
Yet not my will but Yours be done You cried

Bridge
Because of [G]Jesus, because of [Em]Jesus
Because of [C]Jesus I am rest[D]ored

",G,,,,,,,,,,,,
12600271,G021 - Great Are You Lord,6460220,"","","December 30, 2027","",Genre: Contemporary,Mood: Desperation & Dependence,"","","","Themes: God's Greatness, Power, Glory",G021 - Great Are You Lord,145,0,"","A, C, D, F, G","Intro
[D  F#m  E]

Verse 1
You give [D]life, You are [F#m]love
You bring [E]light to the darkness
You give [D]hope, You res[F#m]tore
Every [E]heart that is broken

Pre-Chorus
[D] [F#m]Great are You, [E]Lord

Chorus
It's Your [D]breath in our [F#m]lungs
So we [E]pour out our praise, we pour out our praise
It's Your [D]breath in our [F#m]lungs
So we [E]pour out our praise to You only

Bridge
[A]All the earth will shout Your praise
Our [Asus]hearts will cry, these bones will sing
[D2]Great are You, [A]Lord

Tag
[D]Great [F#m]are You, [E]Lord",A,,,,,,,,,,,,
12600274,A021 - At The Cross (Love Ran Red),7017786,"","","December 27, 2027","",Genre: Contemporary,Mood: Declarative,Purpose: Communion,"","","Themes: Jesus' Life, Death, & Resurrection, Surrender",A021 - At The Cross (Love Ran Red),146,0,"","C: Michelle, F, G","Intro
[G Em D/F# G G/B C]

Verse 1
There's [Em]a place where [D/F#]mercy [G]reigns and [G/B]never [C2]dies
There's [Em]a place where [D/F#]streams of [G]grace flow [G/B]deep [C2]and wide
Where all [D]the love I've e[C2]ver found 
Comes like [D]a flood, comes flow[C2]ing down

Chorus
At the [C2]cross, at the cross I sur[G]render my life
I'm in [D]awe of You   I'm in [Am7]awe of You
Where Your [C2]love ran red and my [G]sin washed white
I owe [D]all to You   I owe [Am7]all to You, Je[C2]sus [G] [C2]

Verse 2
There's a place where sin and shame are powerless
Where my heart has peace with God and forgiveness
Where all the love I've ever found
Comes like a flood, comes flowing down

Bridge
[C2]Here my hope is found, [Em]here on holy ground
[G]Here I bow down, [Dsus/F#]here I bow down
[C2]Here arms open wide, [Em]here You save my life
[G/D]Here I bow down, [D]here I bow down",G,,,,,,,,,,,,
12600311,A023 - Awesome In This Place,847554,"","","August 15, 2025","",Genre: Contemporary,Mood: Reflection & Prayer,"","","","Themes: God's Greatness, Power, Glory",Default Arrangement,,0,"",D,"Verse 1
As I [Bm]come into Your presence
[G]Past the gates of praise
In[Bm]to Your sanctuary
'Til we're [G]standing face to face[D/F#]
I [A]look upon Your countenance
I see the [G]fullness [A]of Your [G]gra[D/F#]ce
And I can [Em]only bow [D/F#]down [G]and [A]say

Chorus
You are [D]awesome in this place, Mighty [Em]God[D/F#]
You are [G]awesome in this [A]place, Abba [D]Father[A]
You are [D]worthy [Em]of all pra[D/F#]ise
To [G]You [D/F#]our lives we [Em]raise
You are [A]awesome in this place
Mighty [D]God
",D,,,,,,,,,,,,
12600315,E003 - Ever Be,7030065,"","","May 01, 2025","",Genre: Contemporary,Mood: Declarative,"","","","Themes: God's Faithfulness, Thankfulness & Adoration",E003 - Ever Be,134,0,"","C, D: Michelle, F, G","Intro
[D   Bm9   F#m   G]

Verse 1
[D]Your love is devoted [Em]  like a ring of solid g[G]old                            
Like a vow that is test[F#m]ed, like a [A]covenant of [D]old 
Your love is enduring[Em] through the winter r[G]ain
And beyond the horiz[F#m]on, with [A]mercy for tod[G]ay

Pre-Chorus 1
Faithful You have b[D]een and faithful You will[A] be
You pledge Yourself to me[Em] and it’s why I sing

Chorus
Your [G  (D)]praise will ever be on my [D]lips, ever be on my lips
Your [Bm]praise will ever be on my [A]lips, ever be on my lips 

Verse 2
You Father the orphan, Your kindness makes us whole
You shoulder our weakness and Your strength becomes our own
You’re making me like You, clothing me in white
Bringing beauty from ashes for You will have Your bride

Pre-Chorus 2
Free of all her guilt, and rid of all her shame
And known by her true name, and it’s why I sing

Bridge
[D]  You will be praised, [A]  You will be praised
[Bm] With angels and saints we sing [G]worthy are You Lord
[D]  You will be praised, [Em]  You will be praised
[Bm] With angels and saints we sing [G]worthy are You L[D]ord  
",D,,,,,,,,,,,,
12600337,A024 - Awesome Is The Lord Most High,4674159,"","","November 02, 2025","",Genre: Contemporary,Mood: Celebratory,Purpose: Call to Worship,"","","Themes: God's Greatness, Power, Glory",A024 - Awesome Is The Lord Most High,138.02,0,"","C: Miesha, D, G","Verse 1
[G]Great are You Lord mighty in [D]strength[C2]
You are faithful You will ever [G]be
We will praise You all of our [D]days[C2]
It’s for Your glory we offer every[Em7]thing

Chorus
[D/F#]Raise Your [G]hands all you nations 
Shout to [C]God all creation
How [Em7]awesome is the Lord most [C2]high
We will [G]praise You together
For [D/F#]now and forever
How [Em7]awesome is the Lord most [C2]high

Verse 2
Where You send us God we will go
You’re the answer we want the world to know
We will trust You when You call our name
Where You lead us we’ll follow all the way

Bridge
[G]Hallelujah [D]hallelujah
How [Em7]awesome is the Lord most [C2]high
",G,,,,,,,,,,,,
12600384,R008 - Resurrecting,7051507,"","","March 15, 2026","",Genre: Contemporary,Mood: Declarative,"","","","Themes: Freedom, God's Greatness, Power, Glory, Jesus' Life, Death, & Resurrection",R005 - Resurrecting,148,0,"","A, C, E, F: Michelle's Key, G","Intro
[D    F#m     E]

Verse 1
The head that [D]once was [F#m]crowned with [E]thorns
Is crowned with [D]glory [A]now
The Savior [D]knelt to [F#m]wash our [E]feet
Now at His [D]feet we[A] bow

Verse 2
The One who wore our sin and shame
Now robed in majesty
The radiance of perfect love
Now shines for all to see

Chorus
Your [D]Name, Your [A]Name is [E]victory           All [D]praise will [A]rise to [E]Christ our King

Verse 3
The fear that held us now gives way
To Him who is our peace
His final breath upon the cross
Is now alive in me

Bridge
[D]By Your [A]Spirit I will [E]rise from the [A/C#]ashes of de[D]feat
The [A]resurrected [E]King is resurrecting [D]me
In Your [A]Name I come a[E]live to declare [A/C#]Your victo[D]ry
The [A]resurrected [E]King is resurrecting [D]me

Verse 4
The tomb where soldiers watched in vain
Was borrowed for three days
His body there would not remain
Our God has robbed the grave
Our God has robbed the grave
",A,R008 - Resurrecting (Special),142,0,"",C,"Intro: F C/E G Am

Verse 1
The head that [F]once w[C/E]as
Crowned with [G]thorns [Am]
Is crowned with [F]glory [C/E] now [G] [Am]
The Savior [F]knelt t[C/E]o wash our [G]feet [Am]
Now at His [F]feet we[C/E] bow

Verse 2
The One who wore our sin and shame
Now robed in majesty
The radiance of perfect love
Now shines for all to see

Chorus
Your [F]Name, Your [C/E]Name is [G]victory
All [F]praise will [C/E]rise to [G]Christ our King

Verse 3
The fear that held us now gives way
To Him who is our peace
His final breath upon the cross
Is now alive in me

COLUMN_BREAK

Interlude: Am C/E F G

Bridge
[Am]By Your Spirit I will [C/E]rise
From the ashes of de[F]feat
The resurrected [G]King is resurrecting [Am]me
In Your Name I come a[C/E]live
To declare Your victo[F]ry
The resurrected [G]King is [E/G#]resurrecting [Am]me

[Am]By Your Spirit I will [C9]rise
From the ashes of de[F]feat
The resurrected [G]King is [E/G#]resurrecting [Am]me
In Your Name I come a[C9]live
To declare Your victo[F]ry
The resurrected [G]King is [E/G#]resurrecting [Am]me [C9-F-G]

Verse 4
The tomb where [F]soldiers watched in [G]vain
Was borrowed [F]for thr[C/E]ee days
His body [Bb]there would [Am]not re[D/F#]main
Our God has [F]robbed the [C]grave [Bb] [C] [Bb]",C,,,,,,,,
12600457,K002 - King,4255248,"","","March 29, 2026","",Genre: Contemporary,Mood: Celebratory,"","","","Themes: God's Greatness, Power, Glory, God's Kingdom & Reign",K002 - King,137,0,"","A, B, C, F, G","Verse 1
[C]We have heard the thunder [Am]and we have seen the storm
[G]Echoes of Your kingdom coming, [F]Rumors of our home
Where [C/E]one day we will st[F]and before You L[G]ord
Our [Dm]altogether [C/E]beautiful rew[F]ard

Chorus
And we will [C]give You [G/B]glory, [Am]bring You [G]honor
[F]King above all [C/E]kings, [Dm]You deserve our ev[F]erything
We will [C]lift our [G/B]voices [Am]with Your [G]praises
[F (Dm)]Jesus You a[G]re our [C]King

Verse 2
Though now we walk in darkness
Though now we see in part
Right now we're warmed by the burning flames
Of the fire in our hearts
You've promised You will lead us to Your throne
Where we will worship You and You alone

Bridge
[C]We will give You glory
[Am]We will give You glory
[G]We will give You glory
[F]We will give You glory",C,,,,,,,,,,,,
12603057,B001 - Be Thou My Vision,30639,"","","January 26, 2024","",Genre: Hymn,Mood: Reflection & Prayer,Purpose: Offering,"","",Themes: Commitment & Dedication,B001 - (Ascent The Hill) Be Thou My Vision,,0,"","B, C, E","Verse 1
[E]Be Thou my vision O Lord of my heart
[B]Naught be all else to me [A]save that Thou [B]art
[A]Thou my best [E/G#]thought by [C#m]day or by [A]night
[E]Waking or [C#m]sleeping Thy [F#m]presence [B]my [E]light

Verse 2
Be Thou my Wisdom and Thou my true Word
I ever with Thee and Thou with me, Lord
Thou my great Father I Thy true son
Thou in me dwelling and I with Thee one

Verse 3
Riches I heed not nor man's empty praise
Thou mine inheritance now and always
Thou and Thou only first in my heart
High King of heaven my treasure Thou art

Chorus
O [B]God be my ev[C#m]erything, b[A]e my del[B]ight
Be Jes[B]us my gl[C#m]ory, my s[A]oul sati[B]sfied 

Verse 4
High King of heaven my victory won
May I reach heaven's joys O bright heaven's sun
Heart of my own heart whatever befall
Still be my vision O Ruler of all",E,B001 - (Hymn) Be Thou My Vision,170,0,"","A, B, D, G","Verse 1
[D]Be Thou my vision O Lord of my heart
[A]Naught be all else to me [G]save that Thou [A]art
[G]Thou my best [D/F#]thought by [Bm]day or by [G]night
[D]Waking or [Bm]sleeping Thy [Em]presence [A]my [D]light

Verse 2
Be Thou my Wisdom and Thou my true Word
I ever with Thee and Thou with me, Lord
Thou my great Father I Thy true son
Thou in me dwelling and I with Thee one

Verse 3
Riches I heed not nor man's empty praise
Thou mine inheritance now and always
Thou and Thou only first in my heart
High King of heaven my treasure Thou art

Verse 4
High King of heaven my victory won
May I reach heaven's joys O bright heaven's sun
Heart of my own heart whatever befall
Still be my vision O Ruler of all",D,,,,,,,,
12603089,B002 - Beautiful Exchange,5637470,"","","September 12, 2025","",Genre: Contemporary,Mood: Reflection & Prayer,"","","","Themes: Jesus' Life, Death, & Resurrection, Our Testimony & Redemption",B002 - Beautiful Exchange,138,0,"","B: Miesha: Chorus & Bridge, C, D","Verse 1
You were [Bm]near though I was [D/F#]distant
Disil[G]lusioned I was lost and inse[D]cure
Still mercy [Bm]fought for my at[D/F#]tention
You were [G]waiting at the door
Then I let You [Bm]in     [D/F#]  [G]  [D]

Verse 2
Trading Your life for my offenses
For my redemption
You carried all the blame
Breaking the curse of our condition
Perfection took our place

Chorus 1
When [Bm]only [D/F#]love could [G]make a [D]way
You [Bm]gave Your [D/F#]life in a [G]beautiful exchange

Chorus 2
When only love could break these chains
You gave Your life in a beautiful exchange

Verse 3
My burden erased, my life forgiven
There is nothing that could take this love away
And my only desire, and my sole ambition
Is to love You just the same

Bridge
[A]Holy are You [G]God
[Bm]Holy is Your [D]name
[A]With everything I've [G]got 
My heart will [Bm]sing how I love [D]You",D,,,,,,,,,,,,
12603093,M004 - Majesty,4219071,"","","November 16, 2025","",Genre: Contemporary,Mood: Reflection & Prayer,Purpose: Communion,"","","Themes: Jesus' Life, Death, & Resurrection, Our Testimony & Redemption",M004 - Majesty,138,0,"","A, G","Verse 1
[F#m]Here [E]I [D]am [A/C#]humbled by Your Majes[D]ty
[A/C#]Covered by Your grace so [E/G#]free
[F#m]Here [E]I [D]am, [A/C#]knowing I'm a sinful m[D]an
[A/C#]Covered by the blood of the Lamb [E/G#]

Pre-Chorus
[F#m]Now [E/G#]I've [A]found the greatest love [F#m]of [E/G#]all is [A]mine
Since You laid down Yo[B/D#]ur life the greatest sacri[D]fice

Chorus
[A]Maje[E]sty, [F#m]Majes[D]ty
Your [A]grace has found me just as I [E]am
Empty [F#m]handed, but alive in Your h[D]ands
[A]Maje[E]sty, [F#m]Majes[D]ty
For[A]ever I am changed by Your [E]love
In the [F#m]presence of Your Majes[D]ty

Verse 2
Here I am humbled by the love that You give
Forgiven so that I can forgive
Here I stand knowing that I'm Your desire
Sanctified by glory and fire",A,,,,,,,,,,,,
12603107,M007 - Marvelous Light,4491002,"","","June 15, 2025","",Genre: Contemporary,Mood: Celebratory,"","","","Themes: Commitment & Dedication, Jesus' Life, Death, & Resurrection, Our Testimony & Redemption",M007 - Marvelous Light,125.02,0,"","A, E: Michelle's Key, G","Chorus
[A] Into marvelous light I’m running
[D] Out of darkness out of shame
[F#m] By the cross You [E]are the truth
You [D]are the life You are the way

Verse 1
[A] I once was fatherless [D] a stranger with no hope
[A] Your kindness wakened me [D]wakened me from my sleep
[A] Your love it beckons deeply [D] a call to come and die
[A] By grace now I will come and [D]take this life take Your life

Pre-Chorus
[F#m] Sin has [E]lost its power [D]death has [E]lost its sting
[F#m] From the [E]grave You’ve risen [D] victoriously

Verse 2
My dead heart now is beating my deepest stains now clean
Your breath fills up my lungs now I’m free now I’m free

Bridge
[A] Lift my hands and spin around
[D] See the light that I have found
[F#m] Oh the [E]marvelous light [D]marvelous light",A,,,,,,,,,,,,
12603108,B005 - Because He Lives,16880,"","","April 20, 2025","",Genre: Hymn,Mood: Adoration,"","","","Themes: Jesus' Life, Death, & Resurrection, Thankfulness & Adoration",Default Arrangement,,0,"","A, Bb, E, G","Verse 1
God sent His [G]Son
They called Him [C]Jesus
He came to [G]love, heal and for[D]give
He lived and [G]died to buy my [C]pardon
An empty [G]grave is there to [D]prove my Savior [G]lives

Chorus
Because He [G]lives I can face to[C]morrow
Because He [G]lives all fear is [D]gone
Because I kn[G]ow He holds the [C]future
And life is [G]worth the living [D]just because He [G]lives

Verse 2
And then one day
I'll cross that river
I'll fight life's final war with pain
And then as death gives way to victory
I'll see the lights of glory and I'll know he lives


",G,,,,,,,,,,,,
12603114,D005 - Draw Me Close,1459484,"","","February 20, 2026","",Genre: Contemporary,Mood: Desperation & Dependence,"","","",Themes: God's Presence & Intimacy,Default Arrangement,121,0,"","A, C, G","Verse 1
[A]Draw me close to [D]You [E]never let me [A]go [E/G#]
I lay it all [D]down again [F#m]
To hear You say that [Dmaj7]I’m your fri[E]end [A]

Verse 2
[A]You are my de[D]sire [E]No one else will [A]do [E/G#]
‘Cause nothing else could [D]take Your place [F#m]
To feel the warmth of [Dmaj7]Your embr[E]ace [A]
Help me find the [D]way, [Esus]bring me [E]back to [A]You [D] [E]

Chorus
[A]You’re [E/G#]all I w[D]ant
[A]You’re [E/G#]all I’ve [D/F#]ever  [E]needed
[A]You’re [E/G#]all I w[D]ant
[Esus7]Help me know [E]You are [A]near
",A,,,,,,,,,,,,
12603116,G012 - God Of Wonders,3118757,"","","August 15, 2025","",Genre: Contemporary,Mood: Adoration,"","","","Themes: God's Greatness, Power, Glory",Default Arrangement,161,0,"","A, G","Verse 1
[Dsus] [Em]Lord of all cre[C]ation  
[Dsus]      Of [Em]water earth and [C]sky
[Dsus]      The heavens [Em]are Your taber[C]nacle
[Dsus]      Glory [Em]to the Lord on [C]high

Chorus
[G]God of wonders beyond our galax[D]y 
You are [Am]holy [C]holy
The [G]universe declares Your majes[D]ty
You are [Am]holy [C]holy
Lord of [D/C]heaven and e[C]arth   [C]Lord of [D/C]heaven and e[C]arth

Verse 2
[Dsus] [Em]Early in the [C]morning 
[Dsus]       I will [Em]celebrate the [C]light   
[Dsus]       When I [Em]stumble in the [C]darkness 
[Dsus]       I will [Em]call Your name by [C]night

Bridge
[Am]Hallelujah to the [C]Lord of [D]heaven and e[Am]arth
Hallelujah to the [C]Lord of [D]heaven and e[Am]arth
Hallelujah to the [C]Lord of [D]heaven and e[G]arth",G,,,,,,,,,,,,
12603117,M008 - Meet Us Here,311736,"","","January 30, 2025","",Genre: Contemporary,Mood: Adoration,Purpose: Call to Worship,"","",Themes: God's Presence & Intimacy,Default Arrangement,105,0,"","D, E, G","Verse 1
[E]Lord we have [F#m]come to this [E/G#]house
Where we [A]love to sing Your [Bsus]prai[B]ses
[E]We lift our [F#m]hearts and our [E/G#]hands
To the [A]King of all the [B]ages
[G#m]Hear us [G#]Lord, we [C#m]pray
Come Jesus, [F#m]come, come fill this [B]place

Chorus
Meet us [E]here [F#m] meet us [E/G#]here [A]Lord [E/G#]
We are [F#m]few but we are [D]strong
When You sur[Esus]round [B]us
Meet us [E]here [F#m] meet us [E/G#]here [A]Lord [E/G#]
As we [F#m]gather in Your [B]name meet us [E]here",E,,,,,,,,,,,,
12603142,M010 - Mighty To Save,4591782,"","","December 30, 2027","",Genre: Contemporary,Mood: Declarative,"","","","Themes: Missions, Evangelism, The Nations",M010 - Mighty To Save,75,0,"","A, D, E, G","VERSE 1
[D]Everyone needs comp[A]assion, love that’s never f[F#m]ailing
Let [E]mercy fall on m[D]e
Everyone needs forg[A]iveness, the kindness of a S[F#m]avior 
The [E]hope of nations [D] [E] [D] [E]

CHORUS
[A]Savior He can move the [E]mountains
My God is [D]mighty to s[A]ave, He is [F#m]mighty to s[E]ave
For[A]ever author of sa[E]lvation
He rose and [D]conquered the gr[A]ave, Jesus [F#m]conquered the gr[E]ave [D]

VERSE 2
So take me as You find me, all my fears and failures 
Fill my life again
I give my life to follow, everything I believe in
Now I surrender

BRIDGE
[D]Shine your light and [A]let the whole world [E] see 
We’re [F#m]singing [D]for the glory [A] of the risen [E] King [F#m]Jesus 

",A,,,,,,,,,,,,
12603148,T011 - This Is How We Know,5557079,"","","May 25, 2025","",Genre: Contemporary,Mood: Declarative,"","","","Themes: Church & Unity, Thankfulness & Adoration",T011－This Is How We Know,72,0,"","A, B","Verse 1
[G]This is how we know  this is how we know what love is
[C]Just one look at Your cr[D]oss
And [G]this is where we see  this is where we see how love works
[C]For You surrendered Your [D]all

Pre-Chorus
[G]   And this is how we k[D/F#]now that [C]You have [D/F#]loved us f[Em7]irst
This is where we [G]chose to [C]love You in re[D]turn

Chorus
For You [G]so loved the world  that You [C]gave Your only Son
Love a[Am]mazing so divine  we will [C]love You in re[D]turn
For this [G (Em)]life that You give for this [C]death that You have died
Love a[Am]mazing so divine  we will [C]love You in re[D]ply Lor[G]d

Bridge
Our love will be [C]loud  our love will be [G/B]strong
Our love shall be [Am]hands and feet  that serve You in this w[G]orld
So let us stay [C]true  and let it en[G/B]dure
That You will be [Am]glorified and worshiped and a[D]dored",G,,,,,,,,,,,,
12603150,S015 - Sinking Deep,6605236,"","","March 22, 2026","",Genre: Contemporary,Mood: Desperation & Dependence,"","","","Themes: God's Love & as Father, God's Presence & Intimacy",S015 - Sinking Deep,140,0,"","A, E, F: Michelle's Key, G","Verse 1
[G]Standing here in Your presence
[G]In a grace so relentless
[C]I am won by perfect [D]love
[G]Wrapped within the arms of heaven
[G]In a peace that lasts forever
[C]Sinking deep in mercy’s [D]sea

Chorus
I’m [Am]wide awake[Em], [G]drawing close, [D]stirred by grace
And [Am]all my [Em]heart is [D]Yours
All [Am]fear remo[Em]ved, I [G]breathe You in, I [D]lean into
[C]Your love, oh Your love[G]

Verse 2
When I’m lost You pursue me
Lift my head to see Your glory
Lord of all, so beautiful
Here in You, I find shelter
Captivated by the splendor
Of Your face, my secret place

Bridge
Your [G]love so deep, it's washing [Am]over me
Your face is [Em]all I seek, You are my [C]everything
[G]Jesus Christ, You are my [Am]one desire
Lord hear my [Em]only cry, to know You [C]all my life

",G,,,,,,,,,,,,
12603174,E001 - Eagle's Wings,2478168,"","","January 25, 2026","",Genre: Contemporary,Mood: Desperation & Dependence,"","","",Themes: God's Presence & Intimacy,Default Arrangement,,0,"","D: Michelle, F, G","Verse 1
[F#m]Here I am w[B]aiting
Ab[E]ide in me I pra[A]y 
[F#m]Here I am [B]longing for Y[E]ou
[F#m]Hide me in Y[B]our love
[E]Bring me to my k[A]nees
[F#m]May I know J[B]esus more and m[E]ore

Chorus 
[E]  Come live in [A]me 	    
All my l[F#m]ife take [A B]over 
[E]  Come breathe in [A]me
And I will r[F#m]ise on e[B]agle’s wing[E]s
",E,,,,,,,,,,,,
12603189,B006 - Before The Throne Of God Above,2306412,"","","February 08, 2026","",Genre: Contemporary,Mood: Reflection & Prayer,"","","","Themes: Jesus' Life, Death, & Resurrection",B006 - Before The Throne Of God Above,68,0,"","A: Michelle, B, C, C#: Chris, D, F: Miesha, G","Verse 1
Before the [D]throne of [G]God a[D]bove
I have a [D]strong and [Bm]perfect [F#m]plea
A great high [G]Priest whose [A]name is [Bm]love
Who ever [G]lives and [A]pleads for [D]me

My name is [G]graven [A]on His [D]hands
My name is [G]written [A]on His [Bm]heart
I know that [G]while in [A]heaven He [Bm]stands	
No tongue can [G]bid me [A]thence de[Bm]part
No tongue can [G]bid me [A]thence de[D]part

Verse 2
When Satan tempts me to despair
And tells me of the guilt within
Upward I look and see Him there
Who made an end to all my sin

Because the sinless Savior died
My sinful soul is counted free
For God the Just is satisfied
To look on Him and pardon me	
To look on Him and pardon me

Chorus
Halle[A]lujah
Ha[F#m]lleluja[Bm]h
Praise the [G]One
Risen [A]Son of [D]God

COLUMN_BREAK
Verse 3
Behold Him there the risen Lamb	
My perfect spotless Righteousness
The great unchangeable I Am
The King of glory and of grace

One with Himself I cannot die
My soul is purchased by His blood 
My life is hid with Christ on high
With Christ my Savior and my God
With Christ my Savior and my God

Verse 3 (alternate chords)
Behold Him [Bm]there the [G]risen [D]Lamb
My perfect [Bm]spotless [G]Righteous[A]ness",D,,,,,,,,,,,,
12603191,S016 - Something More,7072003,"","","January 23, 2026","",Genre: Contemporary,Mood: Reflection & Prayer,"","","","Themes: Surrender, Thankfulness & Adoration",Default Arrangement,,0,"","C, E","Verse 1
[C]Here at Your feet[G], I lay down my dreams[Am]
My whole [F]life is Yours my King[C]
Take my de[G]sires, I long for Your fire[Am]
My whole life[F] is Yours

Chorus
I’m not [F]satisfied [C/E]with this life
I’ve fo[Dm]und something more
Oh I’ve fo[G]und something more

Bridge
I have fo[F]und my life, I have fo[Am]und my peace
In Your [C]presence, at Your [G]throne
Jesus You’[F]re my delight
You alone[Am] satisfy
You are [C]worthy of my [G]all
",C,,,,,,,,,,,,
12603199,O017 - Our God,5677416,"","","August 10, 2025","",Genre: Contemporary,Mood: Declarative,"","","","Themes: God's Greatness, Power, Glory",O017 - Our God,107.5,0,"",A,"Intro
[F#m  D  A  E  (x2)]

Verse 1
[F#m]Water you tu[D]rned into w[A]ine
[F#m]Opened the e[D]yes of the bl[A]ind
There’s no one [Bm]like You
None like[E] You

Verse 2
Into the darkness You shine
Out of the ashes we rise
There is no one like You
None like You

Chorus
[F#m]Our God is greater  [D]Our God is stronger
[A]God You are higher than a[E]ny other	
[F#m]Our God is Healer  [D]Awesome in power
Our G[A]od our G[E]od

Bridge
[F#m] And if our God is for us
[D] Then who could ever stop us
[A] And if our God is with us
[E] Then what could stand against",A,,,,,,,,,,,,
12603200,S019 - Sovereign,6453309,"","","December 28, 2025","",Genre: Contemporary,Mood: Declarative,"","","","Themes: God's Faithfulness, Hope",S019 - Sovereign,71,0,"","E, F, G","Verse
[A]Sovereign in the mountain air [F#m7]sovereign on the ocean floor
[D2]With me in the calm [F#m7]with me in the [Esus]storm
[A]Sovereign in my greatest joy [F#m7]sovereign in my deepest cry
[D2]With me in the dark [F#m7]with me at the [Esus]dawn

Chorus
[A]In Your everlasting [F#m7]arms all the pieces of my [D2]life
From beginning to the [F#m7]end I can [E]trust You
[A]In Your never failing [F#m7]love You work everything for [D2]good
God, whatever comes my [F#m7]way I will trust [E]You   [D2]

Bridge
[A/C#]All my [D2]hopes all I [F#m7]need
Held [E]in Your hands
[A/C#]All my [D2]life all of [F#m7]me
Held [E]in Your hands
[A/C#]All my [D2]fears all my [F#m7]dreams
Held [E]in Your hands [A/C#  D2  F#m7  E]",A,,,,,,,,,,,,
12603228,N003 - No Higher Calling,121799,"","","January 17, 2025","",Genre: Contemporary,Mood: Adoration,"","","","Themes: Commitment & Dedication, Thankfulness & Adoration",Default Arrangement,68,0,"","A, C, G","Verse 1
[A]Down at Your [A/C#]feet, O [D]Lord, is the [Esus]most [E]high [A]place
In Your pr[A/C#]esence L[D]ord I s[Dm]eek Your f[A]ace, I s[Dm]eek Your f[A]ace
[A]For down at Your fe[A/C#]et O [D]Lord is the mo[Esus]st hi[E]gh pl[A]ace
In Your pr[A/C#]esence L[D]ord we se[Dm]ek Your f[A]ace
We se[Dm]ek Your f[A]ace

Chorus
There is n[D]o higher [Esus]call [E]ing [C#m]no greater h[F#m]onor 
Than to b[D]ow and kn[E]eel before Your thr[A]one [A7]
I’m a[D]mazed at Your [Esus]gl [E]ory em[C#m]braced by Your m[F#m]ercy 
Oh L[D]ord I l[E]ive to worship [A]You",A,,,,,,,,,,,,
12603235,T012 - This Is My Father's World,4192260,"","","May 12, 2019","",Genre: Hymn,Mood: Declarative,Purpose: Offering,"","","Themes: God's Kingdom & Reign, Hope",T012 - This Is My Father's World,95,0,"","C-D, G","Verse 1
This [C]is my Father's [Csus]world, and to my [C]listening [G]ears
All [C]nature [G/B]sings, and [E7]round me [F]rings the [C/G]music [G7]of the [C] spheres
This [C]is my [G]Father's [Am7]world,[G]  I [F]rest me [G]in the [C]thought[G]
Of [C]rocks and [G/B]trees, of [E7]skies and [F]seas; His [C/G]hand the [G7]wonders[C] wrought

Verse 2
This is my Father's world, the birds their carols raise
The morning light, the lily white, declare their Master's praise
This is my Father's world, He shines in all that's fair
In the rustling grass I hear Him pass, He speaks to me everywhere

Verse 3
TRANSPOSE KEY +2
This [C]is my [G/B]Father's [F/A]world,[C/G]   o [F]let me [Am]never for[D/F#]get  [G]
That [C]though the [G/B]wrong seems [E7]oft so [F]strong, God [C/G]is the [G7]Ruler [C]yet
This [C]is my [G]Father's [Am7]world,[G] the [F]battle [G]is not [C]done [G]
Je[C]sus who [G/B]died shall be [E7]satisf[F]ied, and [C/G]earth and [G7]heaven be[C] one

Chorus
I have a [F]Fa[C/E]ther,   He is my [F]Fat[G]her
He [C/E]reigns in [F]po[C/E]wer    [C/G]and   [G]in  [C]love
I have a [F]Fa[C/E]ther,   my glorious [F]Fa[G]ther
Cre[C/E]ator,    [F]Mas[C/E]ter,    [G/C]King,   [G]my [C]God",C,,,,,,,,,,,,
12603246,C009 - Closer (Hillsong),6514066,"",There is no life besides You,"January 11, 2025","",Genre: Contemporary,Mood: Celebratory,"","","",Themes: God's Presence & Intimacy,Default Arrangement,122,0,"","A, G","Verse 1
[C]There is no life with[Am]out You   [F]
[C]You have all that we ne[Am]ed    [F]
[C]Where You are every fear is bro[Am]ken   [F]
[C]And the darkness must[Am] flee   [F]

Chorus
Closer and [C]closer we want to know You
Reaching [Am]out reaching [F]out
Here in Your [C]presence we want to go deeper
In Your [Am]light come a[F]live

Verse 2
There is no one beside You
You alone are enough
You fling the doors of Your heart wide open
And we are lost in Your love

Bridge
[C]To You we will come running
[G]In You we find belonging
[Am]Your love is all that can [F]satisfy
",C,,,,,,,,,,,,
12603252,G022 - Great Great God,6028253,"","","December 29, 2027","",Genre: Contemporary,Mood: Declarative,"","","","Themes: God's Greatness, Power, Glory, God's Kingdom & Reign",G022 - Great Great God,142,0,"",A,"Intro
[D   A   F#m   E]

Verse 1
[D]  Your cross gave l[A]ife, hope and sal[F#m]vation
Full restor[E]ation, promise for all
[D]  Your grace has m[A]ade us part of Your k[F#m]ingdom
Living in fr[E]eedom as heirs with Your S[D]on

Pre-Chorus
Jesus [F#m]Your name is a[A]live, now Your re[E]demption draws into our lives [D]
Strong in [F#m]battle, You over[A]came and the victory’s o[E]urs, now we sing

Chorus
[D]   Great [F#m] great [E] there is no one like our G[D]od
   Great [F#m] great [E] there is no one like our G[D]od
   Great [F#m] great [E] there is no one like our G[D]od
   Great [F#m] great [E] there is no one like our G[D]od

Verse 2
Our walls fall down, strongholds are broken
Eternity spoken, righteous we stand
The church we’ll rise, declaring Your kingdom
Shouting Your freedom the blood of the Lamb

Instrumental
A/C# / / / | F#m / / / | A/C# / / / | F#m / / / 
A/C# / / / | Bm / / / | D/E / E / | D/E / E /

Bridge
[D]   You re[F#m]ign in [E]all the e[A]arth   [D] You re[F#m]ign vic[E]torio[A]us
[D]   Your p[F#m]ower is l[E]imitl[A]ess   There is [D]no one [F#m]like our G[E]od
[D]   You re[F#m]ign in [E]all the e[A]arth   [D] You re[F#m]ign vic[E]torio[A]us
[D]   Your p[F#m]ower is l[E]imitl[A]ess   There is [D]no one [F#m]like our G[E]od
   There is [D]no one [F#m]like our G[E]od",A,,,,,,,,,,,,
12603260,E002 - Enough,,"","","January 11, 2026","",Genre: Contemporary,Mood: Desperation & Dependence,"","","",Themes: Thankfulness & Adoration,Default Arrangement,,0,"","D, G","Verse 1
[G]You are m[C]y sup[D]ply my bre[G/B]ath of l[C]ife
And still more a[Am]wesome than I kn[D]ow
[G]You are m[C]y rew[D]ard worth l[G/B]iving f[C]or
And still more a[Am]wesome than I kn[D]ow

Chorus
And all of Y[G]ou is m[Em]ore than eno[D]ugh fo[C]r all of m[G]e
F[Em]or every t[D]hirst and[C] every ne[G]ed
Y[Em]ou sati[D]sfy me[C] with Your l[G/B]ove	
And [C]all I have in Y[D]ou is more than e[G]noug[Em]h    [D] [C]

Verse 2
[G]You’re my s[C]acrif[D]ice of gr[G/B]eatest pr[C]ice
And still more a[Am]wesome than I kn[D]ow	
[G]You’re my c[C]oming K[D]ing You are [G/B]everyth[C]ing
And still more a[Am]wesome than I kn[D]ow

Bridge
[G]More than [C]all I w[D]ant, more than [C]all I n[G/B]eed   [C]
You are m[D]ore than enough for me
[G]More than a[C]ll I kn[D]ow, more than a[C]ll I s[G/B]ee     [C]
You are m[D]ore than enough for me",G,,,,,,,,,,,,
12603293,C017 - Cornerstone,6158927,"","","January 31, 2026","",Genre: Contemporary,Mood: Declarative,"","","","Themes: Commitment & Dedication, God's Faithfulness",C017 - Cornerstone,143,0,"","A, Bb, C, F: Michelle, G","Verse 1
[C] My hope is built on nothing less
[F] Than Jesus' blood and r[G]ighteousness
[Am] I dare not trust the s[C/G]weetest frame
[F] But wholly tr[G]ust in Jes[C]us' name

Chorus
Christ al[F]one, C[Am]ornerst[G]one
[C/E]Weak made [F]strong in the S[Am]avior's love [G]
[C/E]Through the st[F]orm
[Am]He is [G]Lord, Lord of all [C]

Verse 2
When darkness seems to hide His face
I rest on His unchanging grace
In every high and stormy gale
My anchor holds within the veil
My anchor holds within the veil

Verse 3
When He shall come with trumpet sound
Oh may I then in Him be found
Dressed in His righteousness alone
Faultless stand before the throne

Verse 4
His oath, His covenant His blood
Support me in the whelming flood
When all around my soul gives way
He then is all my hope and stay",C,,,,,,,,,,,,
12603311,P002 - The Power Of Your Love,917491,"","","November 14, 2025","",Genre: Contemporary,Mood: Desperation & Dependence,"","","","Themes: Commitment & Dedication, God's Love & as Father",Default Arrangement,152,0,"","A, Bb, F: Michelle","Verse 1
[G]Lord I [D/F#]come to Y[Em]ou, let my heart be [Bm7]changed, ren[Em]ewed
Flowing [D/F#]from th[C]e grace, that I’ve f[D]ound in [Em]You  [D]
[G]Lord I’ve [D/F#]come to kn[Em]ow, the weaknesses I [Bm7]see in m[Em]e
Will be s[D/F#]tripped [C]awa[D]y, by the power of Your [C]love[G]   [D/F#]   [Em]   [D]
	
Chorus									
[C]Hold me c[D]lose, let Your love
Surr[C]ound [G D/F# Em D C]me,                 bring me [D]near
Draw me to Your [G G/A G/B G/D]side                   and [C]as I w[D]ait
I’ll rise up like the [C]ea[G]gle, and I will [D/F#]soar with [Em]You
Your [D]Spirit leads m[C]e on, in the [D]power of Your [C]love[G]   [D]

Verse 2
Lord un[D/F#]veil my e[Em]yes, let me see You [Bm7]face to f[Em]ace
The knowledge [D/F#]of Your [C]love as You [D]live in [Em]me[D]
[G]Lord re[D/F#]new my m[Em]ind, as Your will un[Bm7]folds in my l[Em]ife
In living [D/F#]every [C]da[D]y, by the power of Your [C]love[G] [D/F#] [Em] [D]
",G,,,,,,,,,,,,
12603317,G023 - Great Is The Lord,10769,"","","November 16, 2025","",Genre: Contemporary,Mood: Adoration,"","","","Themes: God's Greatness, Power, Glory, Thankfulness & Adoration",G021 - Great Is The Lord,148,0,"","A, E, F","Verse
[A]Great is the L[D]ord most [E]worthy of [A]praise
In the [D]city of our [E]God, the holy [F#m] place
The [A]joy of the whole [Bm]earth  [Esus  E]

[A]Great is the L[D]ord in whom we [E]have the victo[A]ry
He [D]aids us a[E]gainst the ene[F#m]my
We [A]bow down on our [Bm]knees  [Esus  E]

Chorus
And [A]Lord we want to lift Your Name on [C#m]high
And [F#m]Lord we want to thank You
For the [D]works You've done in [E]our lives
And [A]Lord we trust in Your unfailing [C#m]love
For [D]You alone are [A/C#]God eternal
[Bm]Throughout earth and [Esus-E]heaven a[A]bove",A,,,,,,,,,,,,
12603326,T013 - This Is Our God,3330810,"","","December 07, 2025","",Genre: Contemporary,Mood: Desperation & Dependence,"","","","Themes: God's Love & as Father, Hope",Default Arrangement,69,0,"","D, E: Chris","Verse 1
[E]A refuge for the p[A]oor a shelter from the st[E]orm this is our [A]God	
[E]He will wipe away your t[A]ears and return your wasted y[E]ears
This is our [A]God
So call u[F#m]pon His name He is [A]mighty to save this is our [E]God

Verse 2
[E]A Father to the [A]orphan a healer to the br[E]oken this is our [A]God
[E]He brings peace to our m[A]adness and comfort in our s[E]adness
This is our [A]God
So call u[F#m]pon His name He is [A]mighty to save this is our [E]God

Chorus
[A]This is the one we have wai[C#m]ted for
[A]This is the one we have wai[C#m]ted for
[A]This is the one we have wai[C#m]ted for
[A]Je[E/G#]sus [F#m]Lord and [E/G#]Savior [A] this is our [E]God

Verse 3
[E]A fountain for the th[A]irsty a lover for the l[E]onely this is our [A]God
[E]He brings glory to the h[A]umble and crowns for the f[E]aithful
This is our [A]God
So call u[F#m]pon His name He is [A]mighty to save this is our [E]God

Bridge
[F#m]Jesus [A]Lord and S[E]avior
",E,,,,,,,,,,,,
12603329,I015 - I Surrender All,23189,"","","April 17, 2025","",Genre: Hymn,Mood: Adoration,Purpose: Offering,"","",Themes: Surrender,Default Arrangement,140,0,"","A, D","Verse 1
[D]All to Jesus [A]I surrender
[G]All to Him I [A]freely [D]give
[D]I will ever [A]love and trust Him
[G]In His presence [A]daily [D]live

Chorus
[D]I surrender [Em]all, [A]I surrender [D]all   [Asus]   [A]
[D]All to [G]Thee, my [Bm]blessed [Em]Savior
[A]I surrender [D]all

Verse 2
All to Jesus I surrender
Humbly at His feet I bow
Worldly pleasure all forsaken
Take me Jesus take me now

Verse 3
All to Jesus, I surrender
Make me Savior wholly Thine
Let me feel the Holy Spirit
Truly know that Thou art mine


",D,,,,,,,,,,,,
12603330,E004 - Every Move I Make,1595726,"","","January 31, 2026","",Genre: Children,"","","","",Themes: Thankfulness & Adoration,Default Arrangement,,0,"","D, G","Verse 1
[G]Every move I [C]make, I make in [D]You, 		
You make me [C]move, Jesus	
[G]Every breath I [C]take I breathe in [D]You            [C]
[G]Every step I [C]take, I take in [D]You
You are my [C]way Jesus
[G]Every breath I [C]take, I breathe in [D]You      [C]      [G] 

Chorus 
[G]Waves of [Am]mercy, [G/B]waves of [C]grace
[G]Every[Am]where I look[G/B] I se[C]e Your fa[G]ce
Your [Am]love has [G/B]captured [C]me  
[G]Oh my [Am]God, this [G/B]love, how [C]can [D]it [G]be?[C] [D] [C] [G]
",G,,,,,,,,,,,,
12603332,M016 - My God Reigns,5507878,"","","January 04, 2026","",Genre: Contemporary,Mood: Desperation & Dependence,"","","","Themes: God's Faithfulness, Trust",M016- My God Reigns,164,0,"","A, B, E, F, G","Verse 1
[A]I have a [E/G#]hope so sure an [F#m]anchor for my s[D]oul
[A]My peace in the [E/G#]worst of times I [F#m]trust in God al[D]one

Pre-Chorus
[E]Let every [Bm]voice declare it now

Chorus
My God [A]reigns His love will never [E/G#]fail me
My God [F#m]reigns He’s ruling over [D]all
In all my [A]life in every situ[E/G#]ation I know
[D]My God is greater [E] my God is over a[D]ll   [E] [F#m] [E]

Verse 2
By faith I have believed and on this truth I stand
No power in life or death can take me from His hands

Bridge
[A]Above all s[E/G#]ickness above all f[F#m]ear
Above [D]every heartache h[A]ere
In earth and h[E/G#]eaven my God r[D]eigns

Above all power above all thrones
The greatest love I’ve ever known
Today forever my God reigns",A,,,,,,,,,,,,
12603333,P006 - Presence Power Glory,7001402,"","","January 30, 2026","",Genre: Contemporary,Mood: Declarative,"","","","Themes: God's Presence & Intimacy, Holy Spirit",P006 - Presence Power Glory,142.51,0,"","E, G","Intro
[G   D   Em   C]

Verse 1
[Em]Strip me back of [C]all my pride, my po[G]ssessions[D]
Till [Em]all I want and [C]all I seek is Your [G]presence[D]
Awake in m[C]e a fire and a z[Em]eal
A fire full of l[D]ove, heaven open [C]up

Chorus
So [G]come and fill this place
With Your [D]mercy with Your grace
Holy [Em]Spirit, Holy [C]Spirit
With [G]power and with love
All con[D]suming fire come
Holy [Em]Spirit, Holy [C]Spirit

Bridge
[G] We want more of Your presence
[D] We want more of Your power 
[Em] We want more of Your glory
[C] We want to know You",G,,,,,,,,,,,,
12603338,G024 - Great Is Thy Faithfulness,18723,"","","May 01, 2025","",Genre: Hymn,"",Purpose: Offering,"","","Themes: God's Greatness, Power, Glory, Trust",G022 - Great Is Thy Faithfulness,151,0,"","A: Michelle, C, D, E, G","Verse 1
[D]Great is Thy [G]faithfulness, [A7]O God my [D]Father
[G]There is no [D]shadow of [E]turning with [A]Thee
[A7]Thou changest [D]not, Thy com[D]passions they [Em7]fail not
[B7]As Thou hast [D]been, Thou for[A]ever [A7]will [D]be

Chorus
[A]Great is Thy [D]faithfulness
[B]Great is Thy [Em]faithfulness
[A7]Morning by [D]morning new [E]mercies I [A]see
[A7]All I have [D]needed Thy [D]hand hath pro[Em7]vided
[B7]Great is Thy [D]faithfulness, [D]Lord un[A7]to [D]me

Verse 2
Summer and winter and springtime and harvest
Sun, moon, and stars in their courses above
Join with all nature in manifold witness
To Thy great faithfulness mercy and love

Verse 3
Pardon for sin and a peace that endureth
Thine own dear presence to cheer and to guide
Strength for today and bright hope for tomorrow
Blessings all mine, ten thousand beside",D,,,,,,,,,,,,
12603343,P010 - Psalm 19,1773823,"","","October 07, 2023","",Genre: Contemporary,Mood: Reflection & Prayer,"","","",Themes: Commitment & Dedication,Default Arrangement,96,0,"",C,"Verse 1
May the [C]words of my mouth
And the medi[Am]tations of my heart
Be [F]pleasing to You, [Gsus]pleasing to Yo[G]u
May the [C]words of my mouth
And the medi[Am]tations of my heart
Be [Dm]pleasing to You[G] my [C]God

Chorus
You’re my [F]Rock and my[G/B] Red[C]eemer
You’re the [F]reason th[G/B]at I s[C]ing
I des[F]ire to b[G/B]e a ble[Am]ssing in Your[Dm] eyes[G]
Every [F]hour e[G/B]very m[C]oment
Lord I [F]want to b[G/B]e Your se[C]rvant
I des[F]ire to b[G/B]e a ble[Am]ssing
In Your[Gsus] eyes[G]   in Your [C]eyes
",C,,,,,,,,,,,,
12603348,M017 - My Heart Is Yours,7017788,"","","January 09, 2026","",Genre: Contemporary,Mood: Declarative,"","","","Themes: Commitment & Dedication, Surrender",M017 - My Heart Is Yours,144,0,"",G,"Verse 1
I [C]give You my life [G/B]
I [D]give You my trust [G/B]   [C Em D]Jesus
For [C]You are my God [G/B]
And [D]You are enough[G/B]   [C Em D]Jesus

Chorus
My [C]heart is Yours, my [D]heart is Yours
Take it [C]all, take it all
My [Em]life in Your h[D]ands

Verse 2
I lay down my life
I take up my cross, Jesus
For You are my God
Whatever the cost, Jesus
Oh Jesus

Bridge
And [G]all to Jesus, [D]I surrender
[Em]All to You I [D]freely[G] give
Oh, [G]I will ever [D]love and trust You
[Em]In Your [C]presence [D]I will [G]live
",G,,,,,,,,,,,,
12603352,B008 - Beneath The Waters (I Will Rise),6179573,"","","October 06, 2024","",Genre: Contemporary,Mood: Declarative,"","","","Themes: God's Greatness, Power, Glory, Jesus' Life, Death, & Resurrection",B008 - Beneath The Waters (I Will Rise),148,0,"","A: Michelle, B: Chris, G","Verse 1
[A]This is my re[E/G#]velatio[A]n 
Christ Jesus[E/G#] crucifie[F#m]d      
[E/G#]   [F#m]   [E/G#]    
[A]Salvation thro[E/G#]ugh repen[A]tance
At the cross on [E]which He die[F#m]d      
[E/G#]   [F#m]   [E/G#]    

Verse 2
Now here my absolution
Forgiveness for my sin
And I sink beneath the waters
That Christ was buried in

Chorus
I will r[D]ise, I will r[A]ise
As [E]Christ was raised to l[F#m]ife
Now in H[D]im
Now in H[A]im I l[E]ive

Verse 3
I stand a new creation
Baptised in blood and fire
No fear of condemnation
By faith I'm justified

COLUMN_BREAK
Bridge 1
[D]  I rise as You are risen
[A]  Declare Your rule and reign
[E]  My life confess Your Lordship
[F#m]  And glorify Your Name

Your word it stands eternal
Your kingdom knows no end
Your praise goes on forever
And on and on again

Bridge 2
No power can stand against You
No curse assault Your throne
No one can steal Your glory
For it is Yours alone

I stand to sing Your praises
I stand to testify
For I was dead in my sin
But now I rise",A,,,,,,,,,,,,
12603361,G026 - Greater,7030449,"","","March 09, 2025","",Genre: Contemporary,Mood: Declarative,"","","","Themes: God's Greatness, Power, Glory",G023 - Greater,148,0,"","E, F, G","Intro
[G   D   G/B   C   Em   D   C]

Verse 1
From [G]Him, through [D]Him, and to [G/B]Him are all th[C]ings
To [Em]God be the [D]glory [C]
His [Em]word en[D/F#]dures from be[G/B]ginning to [C]end
To [Em]God be the [D]glory [C]      to [Em]God be the [D]glory [C]

Chorus
[G]Greater is the One who lives i[C/G]n me
[G]Greater is the love of [C/G]Jesus
[Em7]Greater than my sin, [C]greater than the grave
A[G/B]bove all other thrones, a[C]bove all other [D]names
[G]Greater [C]    You are [G]greater [C]

Verse 2
He was, and is, and forever will be
To God be the glory
His power in us, He is strength for the weak
To God be the glory     to God be the glory

Bridge
[C] Jesus, You reign for[Em]ever  [D]      Jesus, You reign forever
[G] There's no one like You [Em7]        Jesus, You reign
[C] Jesus, You reign for[Em]ever  [D]      Jesus, You reign forever
[G] There's none besides You [Em7]        Jesus, You reign       [C]     Jesus, You reign",G,,,,,,,,,,,,
12603373,R002 - Raised To Life,7011534,"","","November 23, 2025","",Genre: Contemporary,Mood: Declarative,"","","","Themes: Freedom, Jesus' Life, Death, & Resurrection",R002 - Raised To Life,156,0,"","A, Bb, E: Michelle (no octave jump), G","Verse 1
[C]Precious com[G]passion that[C] pours 
From the [C/E]wounds that have[F] won our sal[C]vation[G]
[F]Sin was[C] strong but the [Am]Savior is s[G]tronger 
[F]Come let us[G] worsh[C]ip Him 

Verse 2
Great was the debt that we owed 
And how high was the price of our healing 
Paid in full by the One who is worthy 
Come let us worship Him 

Chorus
Raised to [F]life with Christ the Sav[C]ior 
In His[F] name a new cr[Am]eation 
[C]Now our [F]song will rise[G]
A[Am]doring [G]Christ the [C]Lord 

Verse 3
Death overcome by the Word 
That was spoken before it was finished 
Jesus saves is our song everlasting 
Come let us worship Him  

Bridge
[C] Sin was strong 
[(G)]But [F] Jesus is stronger 
[C] Our shame was great 
[(G)]But [F] Jesus You're greater",C,,,,,,,,,,,,
12603395,R005 - Refiner's Fire,426298,"","","January 11, 2026","",Genre: Contemporary,Mood: Reflection & Prayer,"","","","Themes: Holiness & Purity, Repentance",Default Arrangement,,0,"","D, E","Verse 1
[E]Puri[B]fy my [C#m]heart
Let me be as [F#m]gold and prec[B]ious silver
[E]Puri[B]fy my [C#m]heart
Let me be as [F#m]gold, [E]pure [B]gold

Chorus
[E] Re[A]finers’ [B]fire, [E]my heart’s [A]one des[B]ire
Is to [E]be [B]holy, [E/G#]set ap[A]art for [B]You, Lord
I choose to[E] be [B]holy, [E/G#] set a[A]part for [E]You, my [B]Master
[F#m]Ready to [B]do Your [E]will

Verse 2
Purify my heart
Cleanse me from within, and make me holy
Purify my heart
Cleanse me from my sin, deep within
",E,,,,,,,,,,,,
12603402,T018 - 'Til I See You,4455189,"","","December 27, 2027","",Genre: Contemporary,Mood: Desperation & Dependence,"","","","Themes: Commitment & Dedication, Thankfulness & Adoration",Default Arrangement,75.02,0,"","E-E, G","Verse 1
The greatest l[A]ove that any[B]one could ever [C#m]know
That overc[A]ame the cross and gr[B]ave to find my s[C#m]oul
And 'til I s[A]ee You face to f[B]ace 
And grace am[C#m]azing takes me home
I'll trust in[A]   You

Verse 2
With all I am I'll live to see Your kingdom come
And in my heart I pray You'd let Your will be done
And 'til I see You face to face 
And grace amazing takes me home
I'll trust in   You

Chorus
I will l[E]ive to l[B/D#]ove You
I will l[C#m]ive to br[E/G#m]ing You praise
I will l[A]ive a ch[B]ild in awe of [C#m]You    [B]

Verse 3
You are the voice that calls the universe to be
You are the whisper in my heart that speaks to me
And 'til I see You face to face 
And grace amazing takes me home
I'll trust in   You

Bridge
You a[A]lone [E] are G[B]od of a[C#m]ll
You a[A]lone [E] are w[B]orthy L[C#m]ord
And with [A]all I [E]am 
My s[B]oul will bl[C#m]ess Your n[A]ame ",E,,,,,,,,,,,,
12603405,H001 - Happy Day,4847027,"","","August 12, 2018","",Genre: Contemporary,Mood: Celebratory,"","","","Themes: Jesus' Life, Death, & Resurrection",H001 - Happy Day,140,0,"","C, G: Michelle's Key","Verse 1
[C]The greatest day in history
[F]Death is beaten You have rescued m[Am]e
Sing it out Jesus is al[F]ive
[C]The empty cross the empty grave
[F]Life eternal You have won the d[Am]ay
Shout it out Jesus is a[F]live    He’s al[G]ive

Chorus
[C]Oh happy d[F]ay happy d[Am]ay  You w[G]ashed my sin away
[C]Oh happy d[F]ay happy d[Am]ay  I’ll [G]never be the s[C   F   Am]ame
For[G]ever I am cha[C/E   F   Am   G]nged

Verse 2	
When I stand in that place
Free at last meeting face to face
I am Yours Jesus You are mine
Endless joy perfect peace
Earthly pain finally will cease
Celebrate Jesus is alive    He’s alive

Bridge
[Am]Oh what a glorious [Em]day what a glorious [F]way 
That [C]You have saved me
[Am]Oh what a glorious [Em]day what a glorious [F]name [C]",C,,,,,,,,,,,,
12603407,R006 - Reign In Us,5207587,"","","January 29, 2026","",Genre: Contemporary,Mood: Reflection & Prayer,"","","","Themes: Commitment & Dedication, Surrender",R006 - Reign In Us,144,0,"","A, Bb, F: Female Lead","Verse 1
You [F#m]thought of us before the world beg[D]an to breathe
And You [E/G#]knew our names before we came to [A]be[E/G#]
You [F#m]saw the very day we’d fall a[D]way from You
And how [E/G#]desperately we need to be re[A]deemed

Pre-Chorus
Lord [D]Jesus come [E]lead us we’re [Bm]desperate [D]for Your [E]touch

Chorus
[A] Oh great and mighty One[E] with one desire we come
[Bm] That You[F#m] would reign[D] that You would [E]reign in us
[A] We’re offering up our lives[E] a living sacrifice[Bm]
That You[F#m] would reign[D] that You would [E]reign in us[A]

Verse 2
Spirit of the living God fall fresh again
Come search our hearts and purify our lives
We need Your perfect love we need Your discipline
We’re lost unless You guide us with Your light

Bridge
We cry o[E]ut for Your l[D]ife to ref[A]ine us cry o[E]ut
For Your [D]love to def[A]ine us cry [E]out
For Your m[D]ercy to k[A]eep us [F#m]blameless until You ret[E]urn[E]

Tag
So [D]reign please [A]reign in [E]us 
Come [F#m]purify our [D]hearts we [A]need Your [E]touch
Come [F#m]cleanse us like a [D]flood and [A]send us [E]out
So the [F#m]world may know You [D]reign You [A]reign in [E]us
",A,,,,,,,,,,,,
12603415,T020 - 'Tis So Sweet To Trust In Jesus (Trust In Jesus),22609,"Rest, Cleansing, Christian Life, Trust, Jesus, Faith, Promise, Assurance, Grace, Declaration","","October 04, 2024","",Genre: Hymn,Mood: Declarative,Purpose: Offering,"","","Themes: Thankfulness & Adoration, Trust",Shane & Shane Version,150,0,"","A, D, E","Chorus
[D]Jesus, Jesus, [G]how I [A]trust Him!
[Bm]How I’ve proved Him [G]o’er and [A]o’er
[D]Jesus, [D/F#]Jesus, [G]precious [D]Jes[A/C#]us!
[Bm]O for [G]grace to [Asus]trust [A]Him [D]more!

Verse 1
[D]’Tis so sweet to [G]trust in [D]Jesus,
[D]And to take Him[G]   at His [A]Word
[D/F#]Just to rest up[G]on His p[D]romise [A/C#]
[Bm]Just to [G]know, Thus [Asus]saith [A]the [D]Lord

Verse 2
'Tis so sweet to trust in Jesus
Just from sin and self to cease
Just from Jesus simply taking
Life and rest, and joy and peace

Verse 3
O how sweet to trust in Jesus
Just to trust His cleansing blood
And in simple faith to plunge me
’Neath the healing, cleansing flood

Verse 4
I’m so glad I learned to trust Thee,
Precious Jesus, Savior, Friend
And I know that Thou art with me,
Wilt be with me to the end",D,T020 - Tis So Sweet To Trust In Jesus,154,0,"","A, D, E, F: Chris, G","Verse 1
[G]’Tis so sweet to [C]trust in [G]Jesus,
[G]And to take Him[C]   at His [D]Word
[G/B]Just to rest up[C]on His p[G]romise
[G/B]And to [C]know, “Thus [D]saith the [G]Lord!”

Chorus
[G]Jesus, Jesus, [C]how I [D]trust Him!
[Em]How I’ve [Bm]proved Him [C]o’er and [D]o’er
[G]Jesus, [G/B]Jesus, [C]precious [G]Jes[D/F#]us!
[Em]O for [C]grace to [D]trust Him [G]more!

Verse 2
O how sweet to trust in Jesus
Just to trust His cleansing blood
And in simple faith to plunge me
’Neath the healing, cleansing flood!

Verse 3
Yes, ’tis sweet to trust in Jesus
Just from sin and self to cease
Just from Jesus simply taking
Life and rest, and joy and peace

Verse 4
I’m so glad I learned to trust Thee,
Precious Jesus, Savior, Friend
And I know that Thou art with me,
Wilt be with me to the end",G,,,,,,,,
12603430,T021 - To Be Like You,6514097,"","","December 28, 2027","",Genre: Contemporary,Mood: Desperation & Dependence,"","","",Themes: Commitment & Dedication,T019 - To Be Like You,70,0,"","A, D, E, G","Verse 1
[Am]Hum[G]ble [F]King, [F]Ho[C/E]ly [G]One
[Am]Friend [G]of [F]sinners, [F]God's [C/E]own [G]Son
[Am]God [G]in [F]flesh, [F]a - [C/E]mong [G]men
You [Am]walked [G]my [F]road, You [F]un[C/E]der[G]stand

Verse 2
Servant King, Friend to me
You saved my soul, washed my feet
Here I'll bow, give all to You
Lord I want to be like You

Chorus
[C]   All I want, [G]   all I need
[Am]   More of You, [F]   less of me
[C]   Take this life, [G]   Lord it's Yours
[Am]   Have my heart, [F]   have it all

Verse 3
I  will walk in Your ways
Love Your word, seek Your face
My reward, my sole pur - suit
To know You more, to be like You

Instrumental
[C/E F G Am] (x2)

Bridge
[C/E]Je[F]sus, [G]Je[Am]sus
[C/E]All I [F]want is to [G]be like [Am]You
[C/E]Je[F]sus, [G]Je[Am]sus
[C/E]All I [F]want is to [G]be like [C]You",C,,,,,,,,,,,,
12603438,H006 - He Knows My Name,2151368,"","","January 31, 2026","",Genre: Contemporary,Mood: Reflection & Prayer,"","","","Themes: God's Love & as Father, God's Presence & Intimacy",Default Arrangement,66.9,0,"",E,"Verse 1
[E]     I h[F#m]ave a M[E/G#m-A]aker
[E/G#]     He formed my he[B]art
[E]     Bef[F#m]ore even [E/G#]time beg[A]an my [B]life was in His h[E]ands

Chorus
[A]    He kn[E]ows my n[B]ame      [alt: D-E]
[A]    He kn[E]ows my [B]every thou[E]ght
[A]    He se[E]es each te[B]ar that f[C#m]alls
    And he[A]ars me wh[B]en I c[E]all

Verse 2
[E]     I [F#m]have a F[E/G#-A]ather
[E/G#]     He calls me His [B]own
[E]     He'll n[F#m]ever le[E/G#]ave m[A]e    no [B]matter where I g[E]o",E,,,,,,,,,,,,
12603445,S001 - Salvation Is Here,4451327,"","","March 22, 2026","",Genre: Contemporary,Mood: Celebratory,"","","",Themes: Freedom,S001 - Salvation Is Here,112.8,0,"","A, F","Verse 1
[B]God a[G#m]bove all the [F#]world in m[E]otion
[B]God a[G#m]bove all my[F#] hopes and fea[E]rs
[B]And I don’t[G#m] care what the [F#]world throws at[E] me n[G#m]ow
It’s gonna [E]be alright[B] [E] [F#] [G#min]

Verse 2
Hear the sound of the generations
Making loud our freedom song
All in all that the world would know Your name
We’re gonna be alright

Chorus
Cause I [B]know my G[E]od saved the day
And I kn[F#]ow His wo[G#m]rd never fails
And I kn[B]ow my G[E]od made a way for me[C#m]
[E] Salvation is here

[G#m  B  E  C#m]

Bridge
Salvation is [G#m]here  [B]   Salvation is [E]here and it lives in me[C#m]
Salvation is [G#m]here  [B]   Salvation that [E]died just to set me fr[C#m]ee
Salvation is [G#m]here  [B]   Salvation is [E]here and it lives in me[C#m]
Salvation is [G#m]here  [B]   Cause You are al[E]ive and You live in me

[B   E   F#  G#m] (on bridge repeat)
",B,,,,,,,,,,,,
12603452,S003 - Sanctuary,24140,"","","September 08, 2017","",Genre: Contemporary,Mood: Reflection & Prayer,"","","","Themes: Holiness & Purity, Surrender",Default Arrangement,,0,"","C, D, F","Lord, pre[D]pare me to be a sanctu[A]ary
Pure and [G]holy, [A]tried and [D]true[A]
And with thanks[D]giving, I’ll be a [A]living
Sanctu[G]ary [A]for [D]You",D,,,,,,,,,,,,
12603469,T022 - To The Ends Of The Earth,3744578,"","","November 06, 2025","",Genre: Contemporary,Mood: Declarative,"","","","Themes: Commitment & Dedication, Missions, Evangelism, The Nations",Default Arrangement,,0,"",D-D,"Verse
[Em]Love unf[C]ailing[G]   overt[D]aking my h[Em]eart    [C]
You t[G]ake me [D]in
[Em]Finding p[C]eace again[G]   fear is l[D]ost in all Y[C]ou are

Pre-Chorus
And [D]I would give the world to tell Your st[Em]ory
Cause I know that You’ve c[C]alled me
I know that You’ve c[G]alled me
I’ve [D]lost myself for good within Your pr[C]omise
I won’t h[Em]ide it, I won’t hide it

Chorus
[G]Jesus I believe in You and [D/F#m]I would go
To the [Am]ends of the earth, to the [C]ends of the earth
For Y[G]ou alone are the Son of God
And [F]all the world will see
That You a[Am]re God, You a[C]re God
",G,,,,,,,,,,,,
12603473,H004 - Healer,4873981,"","","January 31, 2026","",Genre: Contemporary,Mood: Desperation & Dependence,"","","","Themes: Freedom, Hope",H004 - Healer,77,0,"","A, D, E, G","Verse
You [A]hold my every moment  
You [D]calm my r[E]aging s[A]eas  
You [A]walk with m[E/G#]e through f[F#m7]ire  
And [D]heal all my dis[E]ease  

Pre-Chorus
I [Bm7]trust [A/C#]in [D2]You   I [Bm7]trust [D]in Y[E]ou  

Chorus
[A]  I believe You're my Healer  
[F#m7]   I believe You are [E]all I [D]need [E   D/F#   E/G#]  
[A]   I believe You're my Portion  
[F#m7]   I believe You're more than en[E]ough for m[D]e    [E]  
   [D/F#]Jesus You're a[E/G#]ll      I n[D]eed  [E   D/F#   E/G#] 

Bridge
[F#m]Nothing i[E/G#]s  imp[A]ossible for Yo[F#m]u  
Nothing i[E/G#]s  imp[A]ossible
[F#m]Nothing i[E/G#]s  imp[A]ossible for Yo[D]u  
You hold my w[F#m7]orld in Your h[E]ands ",A,,,,,,,,,,,,
12603478,S004 - Saviour King,4785897,"","","December 31, 2027","",Genre: Contemporary,Mood: Declarative,"","","","Themes: Church & Unity, Thankfulness & Adoration",Default Arrangement,150,0,"","B: Michelle, C, D, E","Verse 1
Let now the [C#m]weak say [B]I have [E]strength
By the [F#m]Spirit of [C#m]power that raised Christ [B]from the [E]dead
Let now the [C#m]poor stand [B]and con[E]fess
That my [F#m]portion is [C#m]Him and I’m more [B]than [E]blessed

Pre-Chorus
[C#m] Let now our hearts burn with a flame
[A] A fire consuming all for [E]Your Son’s [B]holy Name
[C#m] And with the heavens we declare[A] You are our K[F#m]ing [B]

Chorus
We love You [E]Lord we worship [C#m]You
You are our [B]God You alone are [E]good
You asked Your [E]Son to carry [C#m]this
The heavy c[B]ross our weight of [E]sin

I love You Lord I worship You
Hope which was lost now stands renewed
I give my life to honor this
The love of Christ the Savior King

Verse 2
Let now Your church shine as the bride
That You saw in Your heart as You offered up Your life
Let now the lost be welcomed home
By the saved and redeemed those adopted as Your own
",E,,,,,,,,,,,,
12603487,H020 - Holy Is The Lord,4158039,"","","January 30, 2025","","","","","","","Themes: God's Greatness, Power, Glory",Default Arrangement,168,0,"","A, Bb, E","Verse
[G]We stand and [C2]lift up our h[Dsus]ands
For the [Em]joy of the L[C2]ord is our str[Dsus]ength [D]
[G]We bow d[C2]own and w[Dsus]orship Him n[D]ow
How gr[Em]eat, how a[C2]wesome is H[Dsus]e

Pre-Chorus
And together we s[A7]ing   [C2]
Everyone [A7] sing  [C2]

Chorus
Holy is the L[G/B]ord G[C2]od alm[Dsus]ighty
The e[Em]arth is f[C2]illed with His gl[Dsus]ory
Holy is the L[G/B]ord G[C2]od alm[Dsus]ighty
The e[Em]arth is f[C2]illed with His gl[Dsus]ory
The e[Em]arth is f[C2]illed with His gl[Dsus]ory

Bridge
It’s r[G]ising up [D/F#]all around
It’s the [F]anthem of the L[C/E]ord’s renown",G,,,,,,,,,,,,
12603491,S006 - Second Chance,5032051,"","","January 31, 2026","",Genre: Contemporary,Mood: Desperation & Dependence,"","","",Themes: Repentance,Default Arrangement,74,0,"","A, F: Michelle, G","Verse 1
[A]You called my name reached out Your h[D]and
Restored my life and I was [Bm]redeemed 
The moment You entered my l[E]ife

Verse 2
Amazing grace Christ gave that day
My life was changed
When from my shoulders fell the weight of my sin

Chorus
So it’s with everything I [A]am
I reach out for Your h[E]and
The hope for change the s[F#m]econd chance I’ve g[D]ained
On You I throw my l[A]ife
Casting all my fears a[E]side
How could greater love than [F#m]this
Ever possibly ex[D]ist    [<i>To bridge:</i>] [Bm] [E]

Verse 3
Consume my thoughts as I rest in You
I’m now in love
With a Savior bearing the marks of His love

Bridge
So I’ll [A]wait upon You now with my [E]hands released to You
Where a [F#m]little faith’s enough to see [D]mountains lift and move
And I’ll [A]wait upon You now dedi[E]cated to Your will
To this [F#m]love that will remain a [D]love that never fails
",A,,,,,,,,,,,,
12603496,S009 - Send Me Out,5621778,"","","November 15, 2024","",Genre: Contemporary,Mood: Declarative,"","","","Themes: Missions, Evangelism, The Nations",Default Arrangement,144,0,"",G,"Verse 1
[Em]Jesus Lord of my salvation [G]Savior of my soul
Send me o[Em]ut to the w[D]orld to make You kn[C]own
[Em]Jesus King of every nation [G]this world’s only hope
Send me o[Em]ut to the w[D]orld to make You kn[C]own
Send me o[Em]ut to the wo[D]rld

Chorus
I wanna be Your [G]hands and fe[D]et
I wanna be Your vo[Em]ice every time I spe[C]ak
I wanna run to the [G]ones in ne[D]ed in the name of Je[C]sus
I wanna give my [G]life away[D] all for Your [Em]kingdom’s sake[C]
Shine a light in the [G]darkest pla[D]ce    in the name of Je[C]sus
In the name of Je[Em]sus     [C   G   D]

Verse 2
Carry to the broken-hearted, mercy You have shown
Send me out to the world to make You known
And to the ones in need of rescue, lead me I will go
Send me out to the world to make You known
Send me out to the world

Bridge
[G]Here am I     [D]I will go[G]
[C]Send me out to m[Em]ake You kn[D]own
[G]There is hope for e[C]very so[G]ul
[D]Send me out send me out
[G]Here am I     [D]I will go[G]
[C]Send me out to m[Em]ake You k[D]nown
[G]There is hope for e[C]very so[G]ul so[D] send me out
",G,,,,,,,,,,,,
12603640,H026 - House Of The Lord (I love to live),,"","","April 27, 2025","",Genre: Contemporary,Mood: Reflection & Prayer,"","","","Themes: God's Love & as Father, God's Presence & Intimacy",Default Arrangement,75,0,"","D, E","Verse 1
[Esus]I love to live in Your [E]house, O Lord
[Esus]I love to be here at Your [E]feet
[F#m]And let Your words be the [E]food I eat
The [F#m]food I [E]eat

Verse 2
I love to live in Your house, O Lord
To dine at the table with my King
And give to You the praise I bring
The praise I bring

Chorus
For here in Your [G#m]house I find Your em[C#m]brace
You set on my [A]head a garland of [B]grace
When I lift my [G#m]hands, You fill me with [C#m]more
I love to [A]liv[Am]e in the house of the [Esus  E]Lord
",E,,,,,,,,,,,,
12603674,H028 - How Can I Keep From Singing,4822372,"","","December 05, 2025","",Genre: Contemporary,Mood: Adoration,"","","","Themes: God's Faithfulness, Thankfulness & Adoration",Default Arrangement,160,0,"",A,"Verse 1
There is an [A]endless song echoes [E/G#]in my soul I [F#m]hear the music [D]ring
And though the [A]storms may come I am [E/G#]holding on, [F#m]to the Rock I [D]cling

Chorus
[A]How can I keep from singing Your [E]praise
How can I [D]ever say e[A/C#]nough 
How am[D]azing is Your [E]love
[A]How can I keep from shouting Your [E]name
I know I am [D]loved by the [A/C#]King
And it [D]makes my [E]heart want to [A]sing

Verse 2
I will lift my eyes in the darkest night for I know my Savior lives
And I will walk with You knowing You’ll see me through
And sing the songs You give

Bridge
I can [Bm]sing in the [A/C#]troubled times [D]sing when I [E]win
I can [Bm]sing when I [A/C#]lose my step and I [D]fall down a[E]gain
I can [Bm]sing ‘cause You [A/C#]pick me up [D]sing ‘cause You’re [E]there
I can [Bm]sing ‘cause You [A/C#]hear me Lord when I [D]call to You in [E]prayer
I can [Bm]sing with my [A/C#]last breath [D]sing for I k[E]now
That I’ll [Bm]sing with the [A/C#]angels and the [D]saints around the [E]throne
",A,,,,,,,,,,,,
12603676,H029 - How Deep The Father's Love For Us,1558110,"","","April 18, 2025","",Genre: Hymn,Mood: Reflection & Prayer,Purpose: Communion,"","","Themes: God's Love & as Father, Jesus' Life, Death, & Resurrection",Austin Stone,110,0,"","E, G","Verse 1
How [G]deep the Father's love for [C]us
How [G]vast beyond all mea[D]sure 
That [G]He should give His only [C]Son
To [G]make a wretch His [D]trea[G]sure

How [G/B]great the pain of searing [C]loss
The [G]Father turns His face [D]away
As [Em]wounds which mar the chosen  [C]One
Bring [G]many sons to [D]glo[Em]ry      [D-G]  

Verse 2
Behold the Man upon a cross
My sin upon His shoulders
Ashamed I hear my mocking voice
Call out among the scoffers

It was my sin that held Him there
Until it was accomplished
His dying breath has brought me life
I know that it is finished

COLUMN_BREAK
Verse 3
I [G]will not boast in any[C]thing
No [G]gifts no power no wis[D]dom
But [G]I will boast in Jesus [C]Christ
His [G]death and resur[D]rec[G]tion [hold] [G]

Why [Em]should I gain from His re[C]ward
I [G]cannot give an an[D]swer
But [Em]this I know with all my [C]heart
His [G]wounds have paid my [D]ran[G]som

Tag
Yes [Em]this I know with all my [C]heart
His [G]wounds have paid my [D]ran[G]som
",G,Default Arrangement,100,0,"","D, E, G","Verse 1
How [D]deep the Father's [Em]love [F#m]for [G]us
How [D/F#]vast beyond all [Bm]mea[A]sure 
That [D]He should give His [Em]on[F#m]ly [G]Son
To [D/A]make a wretch His [A]trea[D]sure

How [D/F#]great the pain of [Bm]sea[A]ring [G]loss
The [D/F#]Father turns His [Bm]face [A]away
As [D]wounds which mar the [Em]cho[F#m]sen  [G]One
Bring [D/A]many sons to [A]glo[D]ry

Verse 2
Behold the Man upon a cross
My sin upon His shoulders
Ashamed I hear my mocking voice
Call out among the scoffers

It was my sin that held Him there
Until it was accomplished
His dying breath has brought me life
I know that it is finished

Verse 3
I will not boast in anything
No gifts no power no wisdom
But I will boast in Jesus Christ
His death and resurrection

Why should I gain from His reward
I cannot give an answer
But this I know with all my heart
His wounds have paid my ransom
",G,,,,,,,,
12603816,B009 - Better Is One Day,1097451,"","","January 11, 2026","",Genre: Contemporary,Mood: Desperation & Dependence,"","","",Themes: God's Presence & Intimacy,B009 - Better Is One Day,146,0,"","C: Michelle, D, E","Verse 1
How [E]lovely is Your dwelling place[A] O Lord Alm[B]ighty
[E]My soul longs and even faints for [B]You
For [E]here my heart is satisfied[A] within Your pr[B]esence
I [E]sing beneath the shadow of Yo[B]ur wings

Chorus
Better is [A]one day in Your courts
Better is [B]one day in Your house
Better is [A]one day in Your courts
Than thousands els[B]ewhere

Verse 2
One thing I ask and I would seek: to see Your beauty
To find You in the place Your glory dwells

Bridge 
[C#m7]  My heart and flesh cry o[B]ut [A] for You, the living [B]God
[C#m7]  Your spirit’s water [B]for my[A] soul   [B]
[C#m7]  I’ve tasted and I’ve [B]seen[A] come once again to [B]me
[E/G#]  I will draw near to You
[F#m]  I will draw near to You
",E,,,,,,,,,,,,
12603879,B012 - Bless His Holy Name,17566,"","","December 04, 2025","",Genre: Gospel,Mood: Adoration,"","","",Themes: Thankfulness & Adoration,Default Arrangement,,0,"",E,"Chorus
[E]Bless the Lord, [B]oh my soul
And [E]all [E/G#]that is with[A]in me
Bless His [E]ho[B]ly [C#m]nam[A]e
Bless the [E]Lord,  [B]oh my [E]soul

You have done great things (3x)
Bless the Lord, oh my soul

You will do great things…",E,,,,,,,,,,,,
12607065,Y008 - You Are Here (The Same Power),5065925,"","","December 30, 2027","",Genre: Contemporary,Mood: Declarative,"","","","Themes: God's Presence & Intimacy, Hope",Y008 - You Are Here (The Same Power),146.5,0,"","A, B, C, G","Verse 1
[G#m]There is a l[B]ove that I [E]know [F#] 
A [G#m]strength for the [B]weak and the br[E]oken h[F#]eart
My [G#m]Shepherd and [B]King I f[E]ind You with[F#]in me 	
For [G#m]You [B]are h[E]ere 

Verse 2
You carried the cross for the world 
You gathered the lost and the fatherless 
My Shepherd and King I find You within me 
For You are here my Lord forever 
You are here 

Chorus
In this pl[F#]ace You are here
By Your m[E]ercy I draw ne[C#m]ar
In my h[F#]eart take Your place 
You are [ E C#m ( to bridge: F# ) ]here

Verse 3
Your word is the light of the earth 
Your glory resounds in the universe 
My Shepherd and King I find You within me 
For You are here my Lord forever 
You are here 

Bridge
[B]The same power that c[F#]onquered the grave 
Lives in [E]me  [G#m]  lives in [F#]me
[B]Your love that r[F#]escued the earth
Lives in [E]me  [G#m] lives in [F#]me

",B,,,,,,,,,,,,
12608372,H021 - Holy Spirit,6087919,"","","January 31, 2026","",Genre: Contemporary,Mood: Desperation & Dependence,"","","","Themes: God's Presence & Intimacy, Holy Spirit",H021 - Holy Spirit,144,0,"","A, D, E, F: Michelle's Key, G","Verse 1
[G]There's nothing worth more, that will ever come cl[C]ose
No thing can compare, You're our living ho[G]pe
Your presence [C]Lord

Verse 2
[G]I've tasted and seen of the sweetest of l[C]oves
Where my heart becomes free, and my shame is un[G]done
Your presence [C]Lord

Chorus
[G]Holy Spirit You are welcome here
Come [C]flood this place and fill the [Am7]atmosphere
Your [G]glory God is what our hearts long for
To be [C]overcome by Your [Am7]presence Lor[G]d

Bridge
[G]Let us become more aware of Your presence

Let us experience the glory of Your goodness

[C]Let us be[G/B]come more aw[Am7]are of Your p[G/B]resence
[C]Let us exp[G/B]erience the gl[Am7]ory of Your g[G/B]oodness [C]
",G,,,,,,,,,,,,
12608406,G001 - Give Me Faith,5680939,"","","December 27, 2027","",Genre: Contemporary,Mood: Declarative,"","","",Themes: Trust,G001 - Give Me Faith,72,0,"","A, E: Michelle, G","Verse 1
[A]I need Y[E]ou to [F#m]soften my heart
And [D]break me apart
I ne[A]ed You to [E]open my eyes
To [F#m]see that You're shaping m[D]y life

Pre-Chorus
[A/C#]All [D]I    [E]am
[A/C#]I  sur[D]ren[E]der

Chorus
[D]Give me f[A]aith to [E]trust what You s[F#m]ay
[D]That You're go[A]od and [F#m]Your love is gr[E]eat
[Bm]I'm br[D]oken ins[A]ide, I gi[E]ve You my l[D]ife  [E]

Verse 2
I need You to soften my heart
And break me apart
I need You to pierce through the dark
And cleanse every part of me

Bridge
[D]I may be [A]weak 
[E]But Your Spirit's [F#m]strong in me
[D]My flesh may [A]fail
[F#m]But my God You [E]never will 

",A,,,,,,,,,,,,
12608727,Y020 - You're Worthy Of My Praise,487976,"","","October 12, 2025","",Genre: Contemporary,Mood: Adoration,Purpose: Call to Worship,"","",Themes: Commitment & Dedication,Y020 - You're Worthy Of My Praise,88,0,"","D, G","Verse 1
[G]I will worship 	    with [F]all of my heart
[C]I will praise You	with [G]all of my strength [Am7]  [D]
[G]I will seek You	  [F]all of my days
[C]I will follow 	       [G]all of Your ways[Am7]  [D]

Chorus
[G]I will give You [D]all my worship 
[C]I will give You [Am7]all my [D]praise[G]
[G]You alone I [D]long to worship 
[C]You alone are [Am7]worthy [D]of my [G]praise

Interlude
[G F C]

Verse 2
[G]I will bow down        [F]hail You as King
[C]I will serve You 	 give You [G]everything [Am7]  [D]
[G]I will lift up                 my [F]eyes to Your throne
And [C]I will trust You    I will [G]trust You alone [Am7]  [D]

",G,,,,,,,,,,,,
12608778,Y014 - You Deserve,5029978,"","","December 31, 2027","",Genre: Contemporary,Mood: Celebratory,"","","","Themes: Commitment & Dedication, Thankfulness & Adoration",Y014 - You Deserve,155,0,"","D: Michelle, F, G: Chris","Verse 1
What is this l[G]ove given to us
That saved my l[C]ife through selfless sacrifice
Although we f[G]ail the cross prevails
Forgiveness st[C]ands You take me back again

Pre-Chorus
[Em]You’ve sho[D/F#]wn me li[G]fe You’ve opened my [D]eyes
So I give You my pra[C]ise yeah I give You my all  [Em]
You’ve sh[D/F#]own me l[G]ife You’ve opened my e[D]yes
To the truth that there’s no [Am]greater love

Chorus
Now in the [C]darkness [G]God’s light s[D]hines
Christ for[C]ever [G]glorifi[Em]ed   [D]
So [C]come on come on sing o[G]ut to God
Now with [Em]all we’ve g[D]ot we [C]live for You our [D]God

Verse 2
Salvation’s strong in Christ alone
The Savior King alone in victory
I step aside give You my life
For You to move do what You want to do

Bridge
[G]I can’t imagine life without You without You
 ‘Cause its [C]all for You yeah its [Am]all for You God",G,,,,,,,,,,,,
12608848,Y019 - You Said,2582810,"","","November 14, 2019","",Genre: Contemporary,Mood: Declarative,"","","","Themes: Missions, Evangelism, The Nations",Default Arrangement,78,0,"","A, E","Verse 1
[A/C#]You [E]said [F#m]ask and you [E/G#]will rec[A/C#]eive[E]   whatever you [F#m]need [E/G#]
[A/C#]You [E]said [F#m]pray and I’ll [E/G#]hear from heaven [A/C#]
[E]And I’ll heal Your l[F#m]and  [E/G#]

Verse 2
[A/C#]You [E]said Your [F#m]glory will [E/G#]fill the [A/C#]earth[E] like water the [F#m]seas [E/G#]
[A/C#]You [E]said [F#m]lift up your [E/G#]eyes the [A/C#]harvest is [E]here
The [A/C#]Kingdom is [E]near You said

Chorus
[A]Ask and [E]I’ll give the n[F#m]ations to [D]you
O [A]Lord[E] that’s the [D]cry of my [E]heart
[A]Distant [E]shores and the [F#m]islands will [D]see Your [A]light [E]
As it [D]rises on [E]us

",A,,,,,,,,,,,,
12608919,X007 - My Soul Magnifies The Lord,5601671,"","",,"","",Mood: Celebratory,"",Season: 2020 - Spr/Sum,"",Themes: Christmas,Default Arrangement,,0,"",G,"Verse 1
[G]Good news of great joy        for[C] every woman, every man
[G]This will be a sign to you     a[C] baby born in Bethlehem
[D]Come and worship, do not be a[C]fraid

Verse 2
A company of angels    glory in the highest
And on the Earth peace among    those on whom His favor rests
Come and worship, do not be afraid

Chorus
My [G]soul, my soul magnifies the L[D]ord
My soul magnifies the L[Em]ord
He has done great thi[C]ngs for me    great things for me

Verse 3
Unto you a child is born    unto us a Son is giv’n
Let every heart prepare His throne    in every nation under Heav’n
Come and worship, do not be afraid

Bridge
Of His g[G]overnment there will be no end
He’ll est[Am]ablish it with His righteousness
And He[G/B] shall reign on David’s throne
And His n[C]ame shall be from this day on

[D]Wonderful C[C]ounselor      [G/B]Everlasting F[C]ather
[D]Wonderful C[Am]ounselor     [G/B]Everlasting F[C]ather

Tag
My [G]soul, my soul magnifies the L[C]ord
",G,,,,,,,,,,,,
12608967,X009 - O Come All Ye Faithful,31054,"","","December 21, 2025","","",Mood: Celebratory,"","","",Themes: Christmas,Arrangement,,0,"","C, F, G","Intro
[Dm] [C/E] [F]  [G] [Am] [F] [C]   [C] [F] [C]
Verse 1
O [C]come all ye [Cmaj9]faithful
[C]Joy[G/B]ful [Amin7]and [Dmin7]tri[C/G]um[Abdim7]phant
O [Am(add2)]come [Bmin/F#]ye, [D/F#]O [G]come ye to [G/D]Be[D7]thle[Gsus4]hem
[Cmaj(add2)/3]Come [Fmaj(add2)/A]and [C#dim7]be[Dmin7]hol[G7]d [Cmaj6]]Him
[Gmaj(add2)/B]Born [Cmaj(add2)]the [Fmaj(add2)/A]King [Gmaj(add2)]of a[G]ngels

Chorus 1
O [C]come let [Dmin7]us a[C/E]dore [Fsus2]Him
O [C/G]come let [Fmaj9/A]us a[C/Dmin7]dore[G]Him
[C#dim7]O [Dmin]come [C/E]let [F]us [Am/F#]a[G]dore[Abdim7] [C/A]H[Fmin/D]im
[C/G]Chri[G7]st the [C]Lord

Verse 2
Sing, choirs of angels
Sing in exultation
Sing, all ye citizens of heaven above
Glory to God
All glory in the highest

Verse 3
Yes, Lord, we greet thee born this happy morning
Jesus, to thee be the glory given
Word of the Father, now in flesh appearing
COLUMN_BREAK

Chorus 2
We give You all the Glory
We give you all the Glory
We give you all the Glory
Christ the Lord


Chorus 3
We sing with Angels Holy
We sing with Angels Holy
We sing with Angels Holy
Christ the Lord
",C,Arrangement (default),164,0,"","A, D, E, G: Chris","Verse 1
O [G]come all ye [D]faithful
[G]Joyful and [C]tri[G]um[D]phant
O [Em]come ye, O [D]come ye to Be[A]thle[D]hem
[G]Come and be[C]hold [G]Him
[Am]Born the [Em]King of a[D]ngels

Chorus
O [G]come let us adore Him
O [G]come let us adore [D]Him
O [C]come [G/B]let [Am]us [G]ad[D/F#m]ore [C]Him
[G]Chri[D]st the [G]Lord

Verse 2
Sing, choirs of angels
Sing in exultation
Sing, all ye citizens of heaven above
Glory to God
All glory in the highest

Verse 3
Yes, Lord, we greet thee born this happy morning
Jesus, to thee be the glory given
Word of the Father, now in flesh appearing",G,Bethel (chorus only),138,0,"","A, B, C, E: Michelle, F: F, G","Chorus 1
O [E]come let us adore Him
O [E]come let us adore [B]Him
O [A]come let us a[B]dore [C#m]Him
[E]Chr[B]ist the [E]Lord

Chorus 2
For He alone is worthy
For He alone is worthy
For He alone is worthy
Christ the Lord

Chorus 3
We'll give you all the glory
We'll give you all the glory
We'll give you all the glory
Christ the Lord",E,Maverick City,79,0,"","Db-Eb, F-G, G","Intro
[| Ebm Db Gb2 | Ab  / Bbm Gbm |]
[| Db / / / | Db Ab2/C Db |]

Verse 1
O [Db]come all ye [Ab/Db]faithful
[Db]Joy[Ab/C]ful [Db]and [Gb]tri[Db/Ab]um[Ab]phant
O [Bbm]come ye, O [Ab]come ye to
  Be[C7#5 Bbm7 Eb7]thle[Absus7]hem [ Ab7 Ab7/Gb]
[Db/F]Come [Bbm7]and [Bdim7]be[Ebm7 Ab7]hold [Db]Him
[Ab/C]Born [Db]the [Db/Bb]King of [Ab]angels

Chorus 1
O [Db]come let us adore Him
O [Db]come [Ab]let [Db]us [Gb]a[Db]dore [Fm7/Ab]Him
[Bdim7]O [Ebm7]come [Db/F]let [Gb]us
  [Eb7/G]a[Ab7]dore[Ab7/Gb] [Db/F Adim7]Him
[Db/Ab]Chri[Ab]st the [Db]Lord [A7 (key up D)]

Verse 2
[D]Sing, choirs of [A/D]angels
[D]Sing [A/C#]in [Bm7]exul[D/A]ta[A#dim7]tion
[Bm]Sing, all ye [A]citizens of
  heaven above[A7]
[D/F#]Glo[Bm7]ry [Cdim7]to [Em7 A7 D]God
[A/C#]Glo[D]ry [G/B]in [A]the highest
COLUMN_BREAK

Chorus 1
O [D]come let us adore Him
O [D]come [A]let [D]us [G]a[D]dore [A]Him
[A#dim7]O [Em7]come [D/F#]let [G]us
  [E7/G#]a[A7]dore[A#dim7] [Bm7 A#dim7]Him
[D/A]Chri[A]st the [D]Lord [Bb7 (key up Eb)]

Chorus 1
O [Eb]come let us adore Him
O [Eb]come [Bb]let [Eb]us [Ab]a[Eb]dore [Cm7]Him
O [Fm7]come [Eb/G]let [Ab]us
  [Adim7]a[Bb7]dore[Bb/D] [Cm7 Bdim7]Him
[Eb/Bb]Chri[Bb]st the [Eb]Lord

Chorus 2
We give you all the glory
We give you all the glory
We give you all the glory
Christ the Lord

Chorus 3
We sing with angels holy
We sing with angels holy
We sing with angels holy
Christ the Lord",Db
12609004,X014 - Silent Night,,"","","December 24, 2017","","",Mood: Reflection & Prayer,"","","",Themes: Christmas,X014 - Silent Night,83.1,0,"","A, D","Verse 1
[A]Silent night holy night
[E]All is calm [A]all is bright
[D]Round yon virgin [A]mother and child
[D]Holy Infant so [A]tender and mild
[E]Sleep in heavenly [A]peace
Sleep in [E]heavenly [A]peace

Verse 2
Silent night holy night
Shepherds quake at the sight
Glories stream from heaven afar
Heavenly hosts sing alleluia
Christ the Savior is born
Christ the Savior is born

Verse 3
Silent night holy night
Son of God love’s pure light
Radiant beams from Thy holy face
With the dawn of redeeming grace
Jesus Lord at thy birth
Jesus Lord at thy birth
",A,,,,,,,,,,,,
12609709,S021 - Spirit Break Out,6058450,"","","December 31, 2027","",Genre: Contemporary,Mood: Desperation & Dependence,"","","","Themes: Church & Unity, Holy Spirit",S018 - Spirit Break Out,83,0,"","A, B, Bb, C, E, G","Chorus
[F]Spirit break o[G]ut  [Am]
Break our walls do[Em]wn
[F]Spirit break o[G]ut  [Am]
Heaven come do[Em]wn

Verse 1
[F] Our Father[G] all of heaven roars Your na[Am]me
Sing louder  [Em] let this place erupt with [F]praise
Can you hear it [G] the sound of heaven touching [Am]earth
The sound of heaven touching earth

Verse 2
King Jesus, You’re the name we’re lifting high
Your glory, shaking up the earth and skies
Revival, we want to see Your kingdom here
We want to see Your kingdom here

",C,,,,,,,,,,,,
12609975,S025 - Step by Step,1194926,"","","August 21, 2016","",Genre: Contemporary,Mood: Declarative,"","","",Themes: Commitment & Dedication,Default Arrangement,,0,"","D, E, G","Verse
O [G]God You are my [D]God	
And [C]I will [D]ever praise [G]You
O [G]God, You are my [D]God
And [C]I will [D]ever praise [G]You

	
Chorus
I will [Em]seek You in the [Am]morning		
And I will [C]learn to walk in Your [Am]ways[D]	
And [G]step by step You’ll [D]lead me		      
And I will [C]follow You [D]all of my [G]days

Tag
I will [Em]follow You all of my [Am]days
And I will [C]follow You all of my [Am]days[D]	
And [G]step by step You’ll [D]lead me		      
And I will [C]follow You [D]all of my [G]days",G,,,,,,,,,,,,
12610041,S028 - Stir In Me,2731678,"","","December 14, 2024","",Genre: Contemporary,Mood: Desperation & Dependence,Purpose: Call to Worship,"","",Themes: Commitment & Dedication,S028 - Stir In Me,117.7,0,"",G,"Verse 1
[F]Stir i[C]n me a [Dm]fire that the w[Bb]orld cannot expl[F]ain [C]		
I come to [Dm]worship Yo[Bb]u [F]	
Stir i[C]n me a [Dm]passion that my h[Bb]eart cannot cont[F]ain [C]		         
I come to [Dm]worship You[Bb]

Chorus
[F]Hold me, [C]break me, [Dm]mold me 			       
And m[Bb]ake me more and m[F]ore like You [C]				       
I come to [Dm]worship Y[Bb]ou		            
To [F]love You, [C]fear You
[Dm]Draw ever n[Bb]ear You as I w[F]orship You [C]
I come to [Dm]worship Y[Bb]ou, oh L[F]ord",F,,,,,,,,,,,,
12610102,S030 - Stronger,5060810,"","","January 31, 2026","",Genre: Contemporary,Mood: Declarative,"","","","Themes: Jesus' Life, Death, & Resurrection",S030 - Stronger,70,0,"","A, B, Bb, C, G: Michelle","Verse 1
There is [F]love that [G]came for [C/E]us
Humbled [F]to a [G]sinner’s [C/E]cross	
You broke my [F]shame and [G]sinful[Am]ness	
You rose a[F]gain vic[G]torio[F]us [G] [C/E]

Verse 2
Faithfulness none can deny
Through the storm and through the fire
There is truth that sets me free
Jesus [F]Christ who [G]lives i[C]n me
		         			           
Chorus
You are [C]stronger You are [G]stronger	     			      
Sin is [Am]broken You have [F]saved me          			       
It is [C]written Christ is [G]risen	       		             
Jesus [F]You are [G]Lord of [F]all [G] [C/E]

Verse 3
No beginning and no end
You’re my hope and my defense
You came to seek and save the lost
You paid it all upon the cross

Tag
So let Your N[F]ame be lifted higher [Am]
Be lifted higher [C]
Be lifted higher [G/B]",C,,,,,,,,,,,,
12610540,H033 - How Great Thou Art,14181,"","","December 14, 2025","",Genre: Hymn,Mood: Adoration,Purpose: Offering,"","","Themes: God's Greatness, Power, Glory",H033 - How Great Thou Art,73.02,0,"","A, C, D, E: Miesha, F, G","Verse 1
O Lord my [G]God, when I in [C]awesome wonder
Consider [G]all the [D]worlds Thy Hands have [G]made
I see the [G]stars, I hear the [C]rolling thunder
Thy power through[G]out the [D]universe dis[G]played [C]

Chorus
Then sings my [G]soul, My [C]Savior God, to [G]Thee[(A)] [(G/B)]
How great Thou [D]art, [C] How great Thou [G]art[(A)] [(G/B)]
Then sings my [G][(Em)]soul, My [C]Savior God, to [G]Thee
How great Thou [D]art, [C] How great Thou [G]art

Verse 2
And when I think, that God, His Son not sparing
Sent Him to die, I scarce can take it in
That on the Cross, my burden gladly bearing
He bled and died to take away my sin

Verse 3
When Christ shall come, with shout of acclamation
And take me home, what joy shall fill my heart
Then I shall bow, in humble adoration
And then proclaim, My God, how great Thou art",G,,,,,,,,,,,,
12610592,H034 - How He Loves,5032549,"","","December 27, 2027","",Genre: Contemporary,Mood: Declarative,"","","",Themes: God's Love & as Father,Default Arrangement,136,0,"","A, F: Michelle, G","Verse 1
[C]He is jealous for me
[Am]Loves like a hurricane I am a tree
[G]Bending beneath the weight of his wind and [F]mercy
When [C]all of a sudden
I am unaware of these af[Am]flictions eclipsed by glory
And I [G]realize just how beautiful You are
And how [F]great Your affections are for me 

Pre-Chorus
And [C]oh how He loves us [Am]oh
Oh how He [G]loves us
How He loves us [F] all

Chorus
He [C]loves us, oh how He [Am]loves us
Oh how He [G]loves us, oh how He [F]loves

Bridge
We are His portion and He is our prize
Drawn to redemption by the grace in His eyes
If His grace is an ocean we’re all sinking
And heaven meets earth like an unforeseen kiss
And my heart turns violently inside of my chest
I don’t have time to maintain these regrets
When I think about the way
",C,,,,,,,,,,,,
12610609,H035 - How Marvelous,6271835,"","","January 18, 2024","",Genre: Hymn,Mood: Adoration,Purpose: Offering,"","",Themes: Our Testimony & Redemption,H035 - How Marvelous,141,0,"",G,"Verse 1
I [G]stand amazed in the presence 
of [D]Jesus the Naza[G]rene
And [C]wonder how He could [G/B]love me
A [G]sinner con[D]demned un[G]clean

Chorus
[G]How marvelous how wonderful
[D]And my song shall ever be
[G]How marvelous [Em]how wonderful
[Am]Is my [Em]Savior’s [D]love for [G]me

Verse 2
He took my sin and my sorrows
He made them His very own
He bore the burden to Calvary
And suffered and died alone

Verse 3
When with the ransomed in glory
His face I last shall see
‘Twill be my joy through the ages
To sing of His love for me
",G,,,,,,,,,,,,
12613232,Y018 - You Never Let Go,4674166,"","","May 14, 2023","",Genre: Contemporary,Mood: Declarative,"","","","Themes: God's Faithfulness, Hope",Y018 - You Never Let Go,79,0,"","A, G","Verse 1
Even though I [A]walk through the valley of the shadow of death
Your [D/F#]perfect love is casting out fear
And even when I’m [A]caught in the middle of the storms of this life
I [D/F#]won’t turn back I know You are near

Pre-Chorus
And I will fear no [F#m]evil [E] [A]       for my God is [F#m]with [E] [A]me
And if my God is [F#m E]with [A]me whom then shall I [E]fear
Whom then shall I [D]fear

Chorus
[A]Oh no You never let go through the calm and through the storm
[F#m]Oh no You never let go in every high and every low
[Esus]Oh no You never let go [D]Lord You never let go of m[A]e [Esus]  [D]

Verse 2
And I can see a light that is coming for the heart that holds on
A glorious light beyond all compare
And there will be an end to these troubles but until that day comes
We’ll live to know You here on the earth

Bridge
Yes I can see a [A]light that is coming for the heart that holds on
And there will be an [F#m]end to these troubles

But until that day comes
[Esus]Still I will praise You[D] still I will praise Y[C#m]ou[D]  [E]

",A,,,,,,,,,,,,
12613300,Y017 - You Never Fail,6513335,"","","December 29, 2027","",Genre: Contemporary,Mood: Declarative,"","","","Themes: God's Faithfulness, Hope",Y017 - You Never Fail,150,0,"","A, C, G","Intro
[C Em C G D]

Verse 1

[C]When waters rise all a[Em]round me
[C]When mountains stand in the pat[G]h I se[D]e
[C]I look to love that's [Em]unfailing
[C]I look to grace that is a[G]ll I ne[D]ed

Pre-Chorus
Oh [Am]call 	[Em]call upon the N[D]ame
Jesus [Am]Christ	 t[Em]he only Name that s[D]aves

Chorus

For t[C]here is n[G]o one like our G[D]od
There's [G/B]no one like our [C]God
There's n[G]othing that can s[D]tand against You
[G/B]There's no s[C]tronghold You can't [D]break
No l[Em]ife that You can't[G/B] save
Our G[C]od You never [D]fail

Verse 2

Your light will shine through the darkness
Your word will calm every crashing wave
My hope it lies in Your promise
My faith it stands on the empty grave

Bridge
  	
[C]Strong through every trial[G]  faithful through the night
[Em]Our God will never fail   [D]  our God will never fail
[C]Anchor through the flood [G]  You keep holding on
[Em]I know You'll never fail  [D]   Jesus You'll never fail
",G,,,,,,,,,,,,
12613329,X002 - Angels We Have Heard On High,,"","","December 07, 2025","","",Mood: Celebratory,"","","",Themes: Christmas,Arrangement (default),111.5,0,"","E, G","Verse 1
[G]Angels we have [D]heard on [G]high
[G]Sweetly singing [D]o’er the [G]plains
[G]And the mountains [D]in re[G]ply
[G]Echoing their [D]joyous [G]strains

Chorus
[G]Glo [Em]- [Am]o [D]- [G]o - [C]o [D]- ria [G]in Excelsis [D]Deo  [G]

Verse 2
Shepherds why this jubilee
Why your joyous strains prolong
What the gladsome tidings be
Which inspire your heavenly song

Verse 3
Come to Bethlehem and see
Him whose birth the angels sing
Come adore on bended knee
Christ our Lord the newborn King
",G,,,,,,,,,,,,
12613367,X010 - O Come O Come Emmanuel,,"","","November 30, 2025","","",Mood: Declarative,"","","",Themes: Christmas,X010 - O Come O Come Emmanuel,142.5,0,"","D, G","Verse 1
O [Em]come, O come, Em[Am]manu[G]el
And [Em]ransom captive [Am]Isra[Em]el
That [Am]mourns in lonely [Em]exile [D]here
Un[Em]til the Son of [Am]God ap[G]pears

Chorus
Re[D]joice re[Em]joice Em[Am]manu[Em]el
Shall [G]come to thee, O [Am]Isra[Em]el

Verse 2
O come, Thou Day-Spring, come and cheer
Our spirits by Thine advent here
Disperse the gloomy clouds of night
And death's dark shadows put to flight

Verse 3
O come, Thou Rod of Jesse, free
Thine own from Satan's tyranny
From depths of Hell Thy people save
And give them victory o'er the grave

",G,,,,,,,,,,,,
12613431,X011 - O Holy Night,,"","","December 21, 2025","","",Mood: Reflection & Prayer,"","","",Themes: Christmas,X011 - O Holy Night,156.6,0,"","A, Ab, G","Verse 1
[A]O holy night, the [D]stars are brightly [A]shining
It is the night of our [E]dear Savior’s [A]birth
[A]Long lay the world in [D]sin and error [A]pining
Till He ap[C#m]peared and the [G#]soul felt its [C#m]worth
A [E]thrill of hope, the [A]weary world rejoices
For [E]yonder breaks a [A]new and glorious morn

Chorus
[F#m]Fall on your [C#m]knees, O [Bm]hear the angel [F#m]voices
O [A]nig[E]ht di[A/C#]vine[D], O [A]night [E]when Christ was [A]born
O [E]ni[E/D]ght di[A/C#]vine[D], O [A]night[E], O night di[A]vine

Verse 2
Led by the light of faith serenely beaming
With glowing hearts by His cradle we stand
So led by light of a star sweetly gleaming
Here came the wise men from Orient land
The King of kings lay thus in lowly manger
In all our trials born to be our friend

Chorus 2
Christ is the Lord! O praise His Name forever
His power and glory evermore proclaim

Verse 3
Truly He taught us to love one another
His law is love and His Gospel is peace
Chains shall He break for the slave (his child) is our brother
And in His Name all oppression shall cease
Sweet hymns of joy in grateful chorus raise we
Let all within us praise His holy Name

",A,,,,,,,,,,,,
12613472,Y010 - You Are My All In All,825356,"","","January 31, 2026","",Genre: Contemporary,Mood: Reflection & Prayer,"","","",Themes: Thankfulness & Adoration,Y010 - You Are My All In All,128,0,"","A, C: Miesha, E, G","Verse 1
[G]You are my[D/F#] strength when I am[Em] weak
You are the[G] treasure that[C] I seek
You are my[G] al[D]l in [G]all [D]
[G]Seeking You [D/F#]as a precious [Em]jewel
Lord to give[G] up I'd be a [C]fool
You are my[G] al[D]l in [G]all  [D]

Chorus
[G]Je[D/F#]sus, [Em]Lamb of [G]God, [C]worthy[D] is Your [G]na[D]me
[G]Je[D/F#]sus, [Em]Lamb of [G]God, [C]worthy [D]is Your [G]name

Verse 2
Taking my sin, my cross, my shame
Rising again I bless Your name
You are my all in all
When I fall down, You pick me up
When I am dry, You fill my cup
You are my all in all
 ",G,,,,,,,,,,,,
12614878,H003 - The Heart Of Worship,2296522,"","","December 27, 2027","",Genre: Contemporary,Mood: Reflection & Prayer,"","","","Themes: Commitment & Dedication, Holiness & Purity",Default Arrangement,,0,"","C, D, E, G","Verse 1
[D]When the music f[A/C#]ades, all is stripped a[Em]way
And I simply c[Asus]ome   [A7]
[D]Longing just to b[A/C#]ring something that’s of w[Em]orth
That will bless Your h[Asus]eart   [A7]

Pre-Chorus
[Em]I’ll bring You [D/F#]more than a s[Asus]ong for a [A7]song in itself
[Em]Is not what [D/F#]You have re[Asus]quired   [A7]
[Em]You search much [D/F#]deeper with[Asus]in
Through the [A7]way things appear
[Em]You’re looking [D/F#]into my [Asus]heart   [A7] 

Chorus
[D]I’m coming back to the [A/C#]heart of worship
And it’s [Em]all about [D/F#]You, [G]all about [A]You, Jesus
[D]I’m sorry Lord for the [A/C#]thing I’ve made it
When it’s [Em]all about [D/F#]You, [G]all about [A]You, Je[D]sus

Verse 2
King of endless worth, no one could express
How much You deserve
Though I’m weak and poor, all I have is Yours
Every single breath

Tag
[D]I’ll bring you more than a song,[A7] I’ll bring you more than a [Em7]song (2x)  [A7]   [A7sus]
[D]You’re looking into my heart,[A7] looking into my [Em7]heart (2x)   [A7]   [A7sus]",D,,,,,,,,,,,,
12615179,H009 - Here For You,5925649,"","","January 31, 2025","",Genre: Contemporary,Mood: Declarative,Purpose: Call to Worship,"","",Themes: God's Presence & Intimacy,H009 - Here For You,170,0,"","A, B, D","Verse 1
Let our [B]praise be Your welcome    let our songs be a sign
We are here for [E]You    We are here for [B]You
Let Your [B]breath come from heaven    fill our hearts with Your life
We are here for [E]You    We are here for [B]You

Chorus
To [E]You our hearts are open   [F#]Nothing here is hidden
[B/D#]You are our one de[E]sire
[C#m7]You alone are holy   [F#/A#]Only You are worthy
[B/D#]God let Your fire fall [E]down

Verse 2
Let our [B]shout be Your anthem    Your renown fill the skies
We are here for [E]You    We are here for [B]You
Let Your [B]Word move in power    let what’s dead come to life
We are here for [E]You    We are here for [B]You

Bridge
We [B]welcome You with [Bsus2]praise    We [B]welcome You with [Bsus2]praise
Al[G#m7]mighty God of love    Be [E]welcomed in this place
Let [B]every heart a[Bsus2]dore      Let [B]every soul a[Bsus2]wake
Al[G#m7]mighty God of love      Be [E]welcomed in this place",B,,,,,,,,,,,,
12615296,H010 - Here I Am To Worship,3266032,"","","April 03, 2026","",Genre: Contemporary,Mood: Adoration,Purpose: Call to Worship,"","","Themes: Commitment & Dedication, Thankfulness & Adoration",H012 - Here I Am To Worship,159,0,"","C, D, E, F","Verse 1
[E]Light of the [B]world You stepped [F#m]down into [A]darkness
[E]Opened my [B]eyes let me [A]see
[E]Beauty that [B]made this [F#m]heart ad[A]ore You
[E]Hope of a [B]life spent with[A] You

Chorus
So here I am to [E]worship here I am to [B/D#]bow down
Here I am to [E/G#]say that You’re my G[A]od
And You’re altogether [E]lovely altogether [B/D#]worthy
Altogether [E/G#]wonderful to m[A]e 

Verse 2
[E]King of all [B]days oh so [F#m]highly ex[A]alted
[E]Glorious in [B]heaven a[A]bove
[E]Humbly You [B]came to the [F#m]earth You cre[A]ated
[E]All for love’s [B]sake became[A] poor 

Bridge
And I’ll [B]never [E/G#]know how [A]much it cost
To [B]see my [E/G#]sin up[A]on that cross",E,I love the King (tag),132,0,"","E, F","Verse 1
[E]Light of the [B]world You stepped [F#m]down into [A]darkness
[E]Opened my [B]eyes let me [A]see
[E]Beauty that [B]made this [F#m]heart ad[A]ore You
[E]Hope of a [B]life spent with[A] You

Chorus
So here I am to [E]worship here I am to [B/D#]bow down
Here I am to [E/G#]say that You’re my G[A]od
And You’re altogether [E]lovely altogether [B/D#]worthy
Altogether [E/G#]wonderful to m[A]e 

Verse 2
[E]King of all [B]days oh so [F#m]highly ex[A]alted
[E]Glorious in [B]heaven a[A]bove
[E]Humbly You [B]came to the [F#m]earth You cre[A]ated
[E]All for love’s [B]sake became[A] poor 

Bridge
And I’ll [B]never [E/G#]know how [A]much it cost
To [B]see my [E/G#]sin up[A]on that cross

Tag
[E]I love the King and the King loves me
[B/D#]I love the King and the King loves me
[C#m]I love the King and the King He lo[A]ves me",E,,,,,,,,
12615368,F002 - Fall In This Place,4807830,"","","January 09, 2026","",Genre: Contemporary,Mood: Desperation & Dependence,"","","",Themes: Holy Spirit,Default Arrangement,150,0,"","A, C, F, G","Verse 1
Take me to that pl[A]ace Lord[D]
Where there’s nothing [F#m7]else but me and You[D]
Longing for Your [A]presence[D]
I know that You’re [F#m7]calling me to You[D]

Pre-Chorus
Here I st[E]and
I long[F#m7] for Your embr[D]ace
Nothing [E]else could [F#m7]ever take Your pl[D]ace 

Chorus
Come Holy Sp[A]irit fall in this pl[E]ace
I need m[F#m7]ore and more of You[D]
Fill me ag[A/C#]ain with the power of Your sp[E]irit
Lord I’m cr[Bm7]ying out for m[F#m7]ore and m[E]ore of You[D]

Tag
Lord I’m cr[D]ying out 
For m[Bm7]ore and more of [F#m7]You[D]
",A,,,,,,,,,,,,
12615462,T001 - Take It All,4705152,"","","February 01, 2026","",Genre: Contemporary,Mood: Celebratory,"","","",Themes: Surrender,T001 - Take It All,152,0,"","A: Chris, B","Verse 1
[B]Searching the world the lost will be f[B]ound
[B]In freedom we live as one we cry o[B]ut
[B]You carried the cross You died and rose a[B]gain				          
My God I’ll only ever give my all  [B]

Verse 2					
[B]You sent Your Son from heaven to e[B]arth					
[B]You delivered us all it’s eternally h[B]eard
[B]I searched for truth and all I found was [G#m]You
My God I’ll [E]only ever give my all
	
Chorus
[B]Jesus we’re [F#]living for Your Name		
We’ll [G#m]never be ashamed of Y[E]ou
[B]Our praise and [F#m]all we are today
[C#m]Take take take it all

Take take take it all

Tag
[C#m]Running to the [G#m]One who [F#]heals the [E]blind
[C#m]Following the [G#m]shining [F#]light
[C#m]In Your hands the [G#m]power to [F#]save the [E]world
And my [B]life
",B,,,,,,,,,,,,
12615519,F003 - Fill Me Up,5910898,"","","June 22, 2025","",Genre: Contemporary,Mood: Desperation & Dependence,"","","",Themes: God's Presence & Intimacy,Default Arrangement,140,0,"","A, E, F: Michelle, G","Verse 1 
You provide the f[F#m]ire        [A]
I’ll provide the sa[F#m]crifice  [A]
You provide the [F#m]Spirit      [A]
And I will open [D]up inside

Chorus
Fill me [F#m]up God fill me [A]up God
Fill me [D]up God fill me [E]up

Bridge
Love of [D]God    over[A]flow
Perme[D]ate	 all my [A]soul
",A,,,,,,,,,,,,
12615537,F005 - Filled With Your Glory,4301563,"","","August 13, 2023","",Genre: Contemporary,Mood: Celebratory,Purpose: Call to Worship,"","",Themes: Thankfulness & Adoration,Default Arrangement,123,0,"",G,"Verse 1
In my h[G]eart, in my heart there is a fire burning[D]
A passion deep within my s[C]oul
Not slowing [Am]down not growing c[D]old
An unq[G]uenchable flame that keeps burning brighter[D]
A love that’s blazing like the s[C]un
For who You [Am]are and what You’ve d[D]one

Pre-Chorus 1
And a[C]s the f[G/B]ire is r[D]aging on[Am]
So Y[C]our prais[G/B]e becomes my s[D]ong

Chorus
The whole [G]earth is filled with Your glory Lo[D]rd
Angels and men [C]adore
[Am]Creation longs for [G/B]what’s in [D]store
May You [G]be honored and glori[D]fied
Exalted and lifted [C]high
[Am]Here at Your feet [G/B]I lay my [D]life

Verse 2
From the ends of the earth to the heights of heaven
Your glory Lord is far and wide
Through history You reign on high
From the depths of the sea to the mountain’s summit
Your power Lord it knows no bounds
A higher love cannot be found

Pre-Chorus 2
So let the universe proclaim
Your great power, and Your great name
",G,,,,,,,,,,,,
12615542,T002 - Take My Life,1617154,"","","October 03, 2021","",Genre: Contemporary,Mood: Desperation & Dependence,"","","","Themes: Holiness & Purity, Surrender",Default Arrangement,126,0,"",G,"Verse 1
[G]Holiness[C], holi[D]ness is what I lo[C]ng for [G]
Holiness[C] is what I [D]need
[G]Holiness[C], holi[D]ness is what You [C]want from me [G] [C] [D]

Verse 2
[G]Faithfulness[C], faithful[D]ness is what I lo[C]ng for [G]
Faithfulness[C] is what I [D]need	
[G]Faithfulness[C], faithful[D]ness is what You [C]want from me [G] [C] [D] 
			
Chorus
Take my [G]heart[C]  and [D]form it  [C]
Take my [G]mind[C],  trans[D]form it [C]
Take my [G]will[C],  con[D]form it [C]
To Yours[G], to Yours[C] O L[D]ord

Verse 3
[G]Righteousness[C], righteous[D]ness is what I [C]long for [G]
Righteousness[C] is what I [D]need
[G]Righteousness[C], righteous[D]ness is what You [C]want from me [G] [C] [D]",G,,,,,,,,,,,,
12616060,H036 - Humble King,2650388,"","","June 01, 2025","",Genre: Contemporary,Mood: Reflection & Prayer,"","","","Themes: Commitment & Dedication, Jesus' Life, Death, & Resurrection",Default Arrangement,,0,"","D: Chris, E, G","Verse 1
Oh kneel me [Em]down [D/F#]again [G]  here [Asus7]at Your [D]feet
Show me how [Em]much [D/F#]You [G]love hu[A]mili[D]ty
Oh Spirit [Em7]be [D/F#]the star [G] that [Asus7]leads [Bm7]me to [Bm7/A    G]
The [D/F#]humble [Em]heart [D/F#]of love [G] I [Asus7]see in [D]You

Chorus
You are the [G]God of the [D/F#m]broken, the [Em7]friend of the [Asus7]weak
[A]You wash the [G]feet of the [D/F#m]weary, em[Em7]brace the ones in [Asus7]need
[A]I want to [G]be like You, [D/F#m]Jesus to [Em]have this heart in [Asus7]me
[A]You are the [Em]God of the [D/F#m]humble You [G]are the [Asus7]hum[A]ble [D]King
",D,,,,,,,,,,,,
12616121,T003 - Take My Life (Here Am I),4162843,"","","December 14, 2024","",Genre: Contemporary,Mood: Desperation & Dependence,"","","",Themes: Surrender,T003 - Take My Life (Here Am I),86,0,"",D: Chris,"Verse 1
[D]Take my life and l[A]et it b[Bm]e co[G]n[D/F#]sec[Em]rated [A]Lord to The[D]e
Take my moments [A]and my d[Bm]ays
[G]Let th[D/F#]em fl[Em]ow in ce[A]aseless pra[D]ise
[C]Take my hands and[G/B] let them move
[Em]At the impulse [A]of Thy l[D]ove
Take my feet and [A]let them [Bm]be sw[G]ift a[D/F#]nd be[Em]auti[A]ful for [D]Thee

Verse 2
Take my voice and l[A]et me s[Bm]ing [G]al[D/F#]ways [Em]only f[A]or my K[D]ing			
Take my lips and l[A]et them b[Bm]e
F[G]illed w[D/F#]ith m[Em]essag[A]es from Th[D]ee
[C]Take my silve[G/B]r and my gold[Em] not a mite w[A]ould I w[D]ithhold
[D]Take my intell[A]ect and [Bm]use [G]ev[D/F#]ery [Em]power [A]as You ch[D]oose
			
Chorus
Here am [Em]I [G] all of [A]me			
Take my l[Em]ife [G] it’s all for Th[Asus]ee  [A]

Verse 3
[D]Take my will and m[A]ake it Th[Bm]ine [G]it sh[D/F#]all [Em]be no l[A]onger m[D]ine
Take my heart it [A]is Thine o[Bm]wn [G]it s[D/F#]hall [Em]be Thy r[A]oyal thr[D]one
[C]Take my love my[G/B] Lord I pou[Em]r at your feet its tr[A]easure st[D]ore
Take myself and [A]I will b[Bm]e [G]e[D/F#]ver [Em]only [A]all for Th[D]ee
",D,,,,,,,,,,,,
12616160,T004 - Take My Life and Let It Be,,"","",,"",Genre: Hymn,Mood: Reflection & Prayer,Purpose: Offering,"","","Themes: Commitment & Dedication, Surrender",Default Arrangement,,0,"",D,"Verse 1
[D]Take my life and [A]let it [D]be [Bm]conse[Em]crated [A]Lord to [D]Thee
Take my [A]hands and let them [D]move at the [G]impulse [D]of Thy [A]love
[D]At the im[G]pulse [D]of [A]Thy [D]love

Verse 2
[D]Take my feet and [A]let them [D]be [Bm]swift and [Em]beauti[A]ful for [D]Thee		
Take my [A]voice and let me [D]sing always [G]only [D]for my [A]King
[D]Always on[G]ly [D]for [A]my [D]King

Verse 3
[D]Take my lips and [A]let them [D]be [Bm]filled with [Em]messa[A]ges for [D]Thee
Take my [A]silver and my [D]gold, not a [G]mite would [D]I with[A]hold
[D]Not a mite [G]would [D]I [A]with[D]hold

Verse 4
[D]Take my love, my [A]God I [D]pour [Bm]at Thy [Em]feet its [A]treasure [D]store
Take my[A]self and I will [D]be ever [G]only [D]all for [A]Thee 
[D]Ever on[G]ly [D]all [A]for [D]Thee

Verse 5
[D]Take my life and [A]let it [D]be [Bm]conse[Em]crated [A]Lord to [D]Thee
[D]Take my[A]self and I will [D]be ever [G]only [D]all for [A]Thee 
[D]Ever on[G]ly [D]all [A]for [D]Thee",D,,,,,,,,,,,,
12616182,H013 - Here In Your Presence,4882707,"","","December 07, 2025","",Genre: Contemporary,Mood: Reflection & Prayer,"","","",Themes: God's Presence & Intimacy,Default Arrangement,139,0,"","C, G","Verse
[Csus]Found in Your [C]hands [Csus]fullness of [C]joy
[Dm7]Every fear suddenly [C/E]wiped a[F]way here in Your [C]presence
[Csus]All of my [C]gains [Csus]now fade a[C]way
[Dm7]Every crown no longer [C/E]on di[F]splay here in Your [C]presence

Pre-Chorus	
[Am7]Heaven is [G]trembling in awe of Your [F2]wonders
[Am7]The kings and their [G]kingdoms are standing a[F2]mazed

Chorus
Here in Your [C2]presence we are un[G/B]done
Here in Your [Am7]presence
[G]Heaven and earth become[F2]  one
Here in Your [C2]presence all things are[G/B]  new
Here in Your [Am7]presence
[G]Everything bows before[F2]   You

Bridge
[Am]Wonderful [Am/G]beautiful [F]glorious
[C/E]Matchless in every way",C,,,,,,,,,,,,
12616559,I001 - I Adore,3290716,"","","November 30, 2025","",Genre: Contemporary,Mood: Adoration,"","","",Themes: Thankfulness & Adoration,Default Arrangement,145,0,"","D-G, E-A","Verse 1
[E]  The universe is at Your f[C#m]eet			
  Gives You pr[A2]aise everm[Bsus]ore      [B]
[E]  The stars will light the sky for[C#m]  You
  And alw[A2]ays God be pr[Bsus]aised

Pre-Chorus
And we s[Amaj7]ing the Lord is on [B]high the [C#m]Lord is on [A]high [Bsus]

Chorus
I ad[E/G#]ore   Y[A]ou, I ad[F#m]ore   Y[Bsus]ou
And there’s n[A2]one that comp[E/G#]ares to Your m[A2]ajesty oh L[Bsus]ord
I ad[E/G#]ore   Y[A]ou, I ad[F#m]ore   Y[Bsus]ou
And I st[A2]and in the w[B]onder of Your l[E]ove

Bridge
[E]  We will [Emaj7]crown You [C#m7]  King forever
[A]  Living [E/G#]Savior,  [F#m7]Jesus  Re[Bsus]dee[B]mer
[E]  Lord of [Emaj7]heaven, [C#m7]   robed in majesty
[A]  Crowned in [E/G#]glory, cre[F#m7]ation  a[Bsus]dores You        

[A]  Holy Holy [F#m7]  God Almighty
[D]  And for[A/C#]ever the [Bm7]Lord is e[Esus]xal[E]ted
[A]  Hear the angels [F#m7]  shout His anthem
[D]  Ever [A/C#]living [Bm7]God we a[Esus]dore [E]You (x3)
",E,,,,,,,,,,,,
12616571,M018 - My Jesus I Love Thee,27817,"","","August 11, 2019","",Genre: Hymn,Mood: Adoration,Purpose: Offering,"","","Themes: Jesus' Life, Death, & Resurrection, Thankfulness & Adoration",M018 - My Jesus I Love Thee,150,0,"","D, F, G","Verse 1
My [D]Je[G]sus, I [D]love [Bm]Thee I [Em]know [Asus]Thou   [A]art [D]mine
For Thee [G]all the [D]follies of [Em]sin [A]I  re[D]sign
My [D/F#]gra[Bm]cious [G D/F# A]Redeemer, my [D]Sa[G]vior art [Asus A]Thou
If [D G]ever I [D]loved [Bm]Thee, my [Em A]Jesus ‘tis [D]now

Verse 2
I love Thee because Thou hast first loved me
And purchased my pardon on Calvary’s tree
I love Thee for wearing the thorns on Thy brow
If ever I loved Thee, my Jesus ‘tis now

Verse 3
In mansions of glory and endless delight
I’ll ever adore Thee in heaven so bright
I’ll sing with the glittering crown on my brow
If ever I loved Thee, my Jesus ‘tis now
",D,,,,,,,,,,,,
12616572,T006 - Thank You,5637487,"","","February 26, 2026","",Genre: Contemporary,Mood: Declarative,"","","",Themes: Thankfulness & Adoration,T006 - Thank You,145,0,"","A, C, G","Verse 1
[C]Thank You for Your kindness   [Am]thank You for Your mercy
[F]Thank You for the cross   thank You for the price You p[C]aid

Verse 2
[C]Thank You for salvation   [Am]thank You for unending grace
[F]Thank You for Your hope   thank You for this life You g[C]ave   [G]

Pre-Chorus
There is [Am]no one [F]like Yo[C]u   [G/B]
There is [Am]no one [F]like You [G]God
All my [Am]hope is [F]in Yo[C]u  [G/B]
Je[F]sus Je[G]sus

Chorus
To Yo[C]ur name we give all the gl[F]ory
[(G)]To Yo[Am]ur name we give all the pr[F]aise  [G]
You're a[C/E]live our God everl[F]asting
So let Yo[G]ur face [Am]shine on [F]us   [(G)]

Verse 3
Thank You for Your promise   thank You for Your favor
Thank You for Your love   and everything You've done for me
",C,,,,,,,,,,,,
12616585,A016 - The Anthem,5066041,"","","September 28, 2025","",Genre: Contemporary,Mood: Declarative,"","","","Themes: Freedom, Jesus' Life, Death, & Resurrection",A016 - The Anthem,152,0,"","A, F: Michelle, G","Verse 1
By His stri[C]pes [Em]we are he[D]aled
By His n[C]ail pierced ha[Em]nds we’re fre[D]e
By His bl[C]ood [Em]we’re washed cl[D]ean
Now we h[C]ave the v[Em]ictory [D]

Pre-Chorus
The [Am]power of sin is broken
[G/B]Jesus overcame it all  [(D/F#)] [(G)]
[Am]He has won our freedom
[G/B]Jesus has won it [D]all  [(Em)] [(D/F#)]

Chorus
[Em]Hal - [D/F#]le - lu - [G]jah	
You have w[Am]on the vic[Em]tory [D]
[Em]Hal - [D/F#]le - lu - [G]jah
You have [Am]won it al[Em]l for me[D]  
Death could not ho[C]ld You do[Em]wn  [D]
You are the r[Am]isen K[Em]ing  [D]
Seated in m[C]ajest[Em]y  [D]
You are the r[Am]isen K[Em]ing  [D]

COLUMN_BREAK
Tag
Our God is r[C]isen
He is a[D]live
He won the [C/E]victory
He reigns o[D/F#]n high",G,,,,,,,,,,,,
12616592,D002 - The Difference,5894172,"","","October 24, 2025","",Genre: Contemporary,Mood: Celebratory,"","","",Themes: Freedom,Default Arrangement,150,0,"","A, D: Michelle, G","Verse 1
[A]You are the difference in us
You've broken the p[F#m]ast     and set us a[D]part
[A]You caused the darkness to end
You lifted our h[F#m]eads    to know You ag[D]ain

Pre-Chorus
Lord You [Bm]bring us to life
In You our [D]hope will arise

Chorus 
[A]We are found   there’s nothing that can [D]hold us down
With a[F#m]nything against us
We know Your l[D]ove will be the difference   be the difference
You [A]give and take   still we will [D]go Your way
All our f[F#m]ear is in the distance
We know Your l[D]ove will be the difference   be the difference

Verse 2
You defied reason with love
You took the fall meant for us     You alone are enough
Though we were destined to fail
You opened the way    and broke every chain

Bridge
[A]You awaken our hearts      to [D]You we owe all we are
You're the ch[F#m]ange in us     the ch[E]ange in us we kn[D]ow",A,,,,,,,,,,,,
12616600,K006 - The King Is Among Us,7031509,"","","September 15, 2024","",Genre: Contemporary,Mood: Desperation & Dependence,"","","",Themes: Holy Spirit,K006 - The King Is Among Us,142,0,"","A, E, F, G","Verse 1
All our fathers s[D]aw in the days of [A]old
Would You do it ag[F#m]ain, do it ag[E]ain
All the stories t[D]old, all the mirac[A]les
Would You do it ag[F#m]ain, do it ag[E]ain

Pre-Chorus
You said, ""[D]Consecrate yourselves to me and [E]you will see amazing things""

Chorus
We need Your re[A]vival, Holy Spirit [E]fire
Burning ever [F#m]brighter in our s[D]ouls
Kings and kingdoms [A]falling, hear Your people [E]calling
King of Kings we [F#m]need a mirac[D]le

Verse 2
There’s a time to sow and a time to reap
Would You do it again, do it again
There’s a time to heal and a time to build
Would You do it again, do it again

Bridge
The King is a[A]mong us and His glory sur[E/G#]rounds us
And His fire is [F#m]falling as we s[D]ing
The Savior is [A (F#m)]for us   [(A)] and His love is vic[E/G# (D)]torious
And revival is [F#m]rising [E]in His n[D]ame",A,,,,,,,,,,,,
12616614,L015 - The Lord Our God,6518055,"","","August 15, 2025","",Genre: Contemporary,Mood: Declarative,"","","",Themes: God's Faithfulness,L015 - The Lord Our God,152,0,"","A, E, F, G","Verse 1 
[A] Promise Maker, promise Keeper
[F#m]You finish wh[D]at You begin  [A]
[A]Our provision through the desert
[F#m]You see it throu[D]gh ‘til the end [A]
[F#m]You see it throu[D]gh ‘til the end [A]

Chorus
[A]The Lord our God is [F#m]ever  [D]faithful   [A]
Never changing[F#m] through the [D]ages  [A]
From this darkness[F#m] You will le[D]ad us  [A]
And forever we will [F#m]say
You’re the L[D]ord our G[A]od

Verse 2
In the silence, in the waiting
Still we can know You are good
All Your plans are for Your glory
Yes, we can know You are good
Yes, we can know You are good
   
Bridge
[A]We won’t move without You, [F#m]we won’t mo[D]ve without You [A]
You’re the light of all and [F#m]all that we nee[D]d  [(A)]
",A,,,,,,,,,,,,
12617684,N001 - Never Once,5997055,"","","May 11, 2025","",Genre: Contemporary,Mood: Reflection & Prayer,"","","","Themes: God's Faithfulness, Our Testimony & Redemption",Default Arrangement,142,0,"","A, G","Verse 1
[G]Standing on this mountaintop [D]looking just how far we’ve come
[Em]Knowing that for every step [C]You were with us

Verse 2
Kneeling on this battleground seeing just how much You’ve done
Knowing every victory is Your power in us

Pre-Chorus
[C]Scars and struggles on the way [D]but with joy our hearts can say
[G/B]Yes our hearts can [C]say

Chorus
[G]  Never once did we ever walk alone
[Em]  Never once did You leave us on our own
[C]  You are [G]faithful [Em]God You are [D]faithful

Every step we are breathing in Your grace
Evermore we’ll be breathing out Your praise
You are faithful God You are faithful

Bridge
[C]Scars and struggles on the way [D]but with joy our hearts can say
[Em] Never once did we [D]ever walk alone

Carried by Your constant grace, held within Your perfect peace
Never once, no, we never walk alone
",G,,,,,,,,,,,,
12617838,N004 - No Longer Slaves,7030123,"","","October 26, 2025","",Genre: Contemporary,Mood: Declarative,"","","","Themes: Freedom, God's Love & as Father",N004 - No Longer Slaves,148,0,"","A, C: Michelle's Key, E, F, G","VERSE 1
You unr[A]avel me with a melody
You surro[D]und me wi[E]th a s[A]ong
Of deliver[A]ance from my enemies
Till [D]all my [E]fears are g[A]one


CHORUS
I'm no [D]longer a sl[E]ave to f[A]ear
[F#m]I am a ch[E]ild of G[A]od
I'm no [D]longer a sl[E]ave to f[A]ear
[F#m]I am a ch[E]ild of G[A]od[or interlude]

VERSE 2
From my m[A]other’s womb You have ch[C#m]osen me
[D]Love has c[E]alled my n[A]ame
I've been b[A]orn again into a f[C#m]amily
Your bl[D]ood flows thro[E]ugh my v[A]eins

COLUMN_BREAK
INTERLUDE
[F#m]  [E]  [A]  [D]
TAG
[F#m]I am[E] surrou[A]nded[D] [F#m] by the a[E]rms of the F[A]athe[D]r
[F#m]I am[E] surrou[A]nded[D]   by s[F#m]ongs of[E]  del[A]ivera[D]nce
[F#m]We've been l[E]iber[A]ated[D] [F#m] from our bon[E]dage[A] [D]
[F#m]We're the so[E]ns and the da[A]ughters [D]
[F#m]Let us s[E]ing our f[A]reedom[D]

INTERLUDE
[F#m]  [E]  [A]  [D]

BRIDGE
[F#m] You split the [E]sea so I could [A]walk right [D]through it
[F#m] My fears are dr[E]owned in perfect [A]love  [D]
[F#m] You rescued [E]me and I will [A]stand and [C#m]sing
 I [D]am a [E]child of [A]God
",A,,,,,,,,,,,,
12617970,N005 - No One Higher,6543666,"","","December 29, 2027","",Genre: Contemporary,Mood: Declarative,"","","","Themes: God's Greatness, Power, Glory, God's Presence & Intimacy",Default Arrangement,144,0,"","A, E, F, G","Verse 1
[D]Our Father [E]Creator 
[F#m]You hold our hearts together
[D]There's no one [E]higher than [F#m]You
[D]Redeemer [E]Defender 
[F#m]Our great and mighty Savior
[D]There's no one [E]higher than [F#m]You

Pre-Chorus
[Bm]You are always with us
[A/C#]Gracious to forgive us
[D]By Your power we've been set fr[E]ee

Chorus
[A]Lord we stand a[E/G#]mazed in Your pr[F#m]esence
As[D]tounded by Your mercy and l[E]ove
Our [A]hands are lifted [E/G#]high in sur[F#m]render
Your [D]grace for me is always eno[E]ugh

And [D]there is no one [E]higher than o[F#m]ur God
[D]There is no one [E]greater than Yo[F#m]u
Let my [D]life forever [E]praise 
The [F#m]glory of Your name
[D]There is no one [E]higher than Yo[D]u  [E]  [F#m]

COLUMN_BREAK
Verse 2
Majestic in wonder  
You reign with love forever
There's no one higher than You
Your beauty  Your splendor  
Your glory knows no measure
There's no one higher than You
 
Bridge
[D]There is no one [E]higher   
No one [F#m]greater 
No one [E/G#]like our [A]God
[D]There is none more [E]able  
Christ our [F#m]Savior
Great and [E/G#]glori - [A]ous
",A,,,,,,,,,,,,
12618050,N006 - No Other Name,7019979,"","","February 15, 2026","",Genre: Contemporary,Mood: Declarative,"","","","Themes: God's Greatness, Power, Glory, God's Kingdom & Reign",N006 - No Other Name,148.92,0,"","C: Michelle, F, G","VERSE 1
One [G]Name holds weight above [D/F#]them [Em]all
His [G]fame outlasts the earth [D/F#]He [Em]formed
His [C]praise resounds beyond [G/B]the [Em]stars
And [G]echoes in our[C] hearts, the greatest One [G/B]of [Em]all   [C]

VERSE 2
His face shines brighter than the sun
His grace as boundless as His love
He reigns with healing in His wings
The King above all kings, the greatest One of all

CHORUS
Lift up our [G]eyes see the King has come
Light of the [Em]world reaching out for us
There is no other [Bm]Name, there is no other [C]Name, Jesus Christ our [Em]God  [C]
 
Seated on high the undefeated One
Mountains bow down as we lift Him up
There is no other Name, there is no other Name, Jesus Christ our God

VERSE 3
Find hope when all the world seems lost
Behold the triumph of the cross
His power has trampled death and grave
Our life found in His Name, the greatest Name of all

BRIDGE
The [G]earth will shake and tremble before Him
[Em]Chains will break as heaven and earth sing
[C]Holy is the Name, holy is the Name of [Em]Jesus, Jesus, [C]Jesus

",G,,,,,,,,,,,,
12618189,N007 - None But Jesus,4726186,"","","November 07, 2024","",Genre: Contemporary,Mood: Reflection & Prayer,"","","","Themes: Commitment & Dedication, Jesus' Life, Death, & Resurrection",N007 - None But Jesus,142,0,"","B, C","Verse 1
[C]  In the quiet [F]  in the stillness I kn[Dm]ow that You are G[G]od
[C]  In the secret [F]  of Your presence I kn[Dm]ow there I am rest[G]ored

Pre-Chorus 1 
[Dm]When  [Em/D]You  [C]call  I  w[F]on’t   [C/E]re  -  f[G]use
[Dm]Each  [Em/D]new  [C]day  ag[F]ain  [C/E]I’ll  cho[G]ose  [Am]

Chorus
[Am]  There is no one [F]else f[C]or m[G]e,  n[Dm]one but Jesus[Am]
  Crucified to [F]set m[C]e fr[G]ee, now I l[Dm]ive to bring Him praise

Verse 2
In the chaos in confusion I know You’re sovereign still
In the moment of my weakness You give me grace to do Your will

Pre-Chorus 2
When You call I won’t delay
This my song through all my days

Interlude
[Am F   G   C  G/B  (x4)]

Bridge
[Am]  All my del[F]ight is [C]in You L[G]ord
  All of my h[Dm]ope all of my str[Am]ength
  All my del[F]ight is [C]in You L[G]ord forever m[Dm]ore
",C,,,,,,,,,,,,
12618509,Y025 - Your Presence Is Heaven To Me,6214751,"","","November 06, 2025","",Genre: Contemporary,Mood: Desperation & Dependence,"","","",Themes: God's Presence & Intimacy,Y025 - Your Presence Is Heaven To Me,136,0,"","A, G","Verse 1
[F#m]Who is like You L[D]ord in all the e[A]arth
[F#m]Matchless love and [D]beauty, endless w[A]orth
[F#m]Nothing in this [D]world will satis[A]fy
[F#m]Jesus You're the [D]cup that won't run dr[A]y

Chorus
Your [E]presence is [D]heaven to m[A]e [(D)]

[To Bridge: D  E  F#m E/G#]

Verse 2
Treasure of my heart and of my soul
In my weakness You are merciful
Redeemer of my past and present wrongs
Holder of my future days to come

Bridge:
[A]Oh Jesus [F#m]oh Jes[E]us
Your [D]presence is heaven to me 

Verse 3
All my days on earth I will await
The moment that I see You face to face
Nothing in this world can satisfy
Jesus You're the cup that won't run dry
Jesus You're the cup that won't run dry
",A,,,,,,,,,,,,
12618527,Y023 - Your Love Never Fails,5337172,"","","December 29, 2027","",Genre: Contemporary,Mood: Declarative,"","","",Themes: God's Love & as Father,Y023 - Your Love Never Fails,114,0,"","A, C, F","Verse 1
[F#m]Nothing can [D]separate [A]   
Even if I [E]ran away
[F#m]Your love never fa[D]ils [A]  [E]

Verse 2
I know I still make mistakes
But You have new mercies for me everyday
Your love never fails
	 
Chorus
[D]You stay the sa[A]me through the age[E]s
Y[Bm]our love never cha[D]nges
There may be [A]pain in the night
But [E]joy comes in the m[Bm]orning
	
[D]And wh[A]en the oceans ra[E]ge
I don't h[Bm]ave to be afrai[D]d
Because I k[A]now that You love m[E]e, Your love never fails

Interlude: D   F#m   E

Verse 3
The wind is strong and the water's deep
But I'm not alone in these open seas
‘Cause Your love never fails

Verse 4
The chasm is far too wide
I never thought I'd reach the other side
But Your love never fails

Bridge
You make [D]  all things  [F#m]work together for my [E]good
",A,,,,,,,,,,,,
12618558,O006 - The Old Rugged Cross,19722,"","","October 30, 2016","",Genre: Hymn,Mood: Declarative,Purpose: Communion,"","","Themes: Jesus' Life, Death, & Resurrection, Thankfulness & Adoration",Default Arrangement,84,0,"","A, Bb, F, G: Chris' Key","Verse 1
On a [G]hill far away stood an [C]old rugged cross
The [D]emblem of [C]suffering and [G]shame
And I [G]love that old cross where the [C]dearest and best
For a [D]world of lost [C]sinners was [G]slain

Chorus
So I’ll [D]cherish the old rugged [G]cross, ‘til my [C]trophies at last I lay [G]down
I will cling to the [G/F]old rugged [C/E]cross, and ex[G]change it some [D]day for a [G]crown

Verse 2
Oh that [G]old rugged cross so des[C]pised by the world
Has a [D]wondrous attr[C]action for [G]me
For the [G]dear Lamb of God left His [C]glory above 
To [D]bear it to [C]dark Calva[G]ry

Verse 3
In the [G]old rugged cross stained with [C]blood so divine
A [D]wondrous [C]beauty I [G]see
For ‘twas [G]on that old cross Jesus [C]suffered and died
To [D]pardon and [C]sanctify [G]me

Verse 4
To the [G]old rugged cross I will [C]ever be true
Its [D]shame and repr[C]oach gladly [G]bear
Then He’ll [G]call me some day to my [C]home far away
Where His [D]glory for[C]ever I’ll [G]share",G,,,,,,,,,,,,
12618586,N012 - Nothing I Hold Onto,5911251,"","","November 30, 2025","",Genre: Contemporary,Mood: Desperation & Dependence,"","","","Themes: Commitment & Dedication, Trust",N012 - Nothing I Hold Onto,70,0,"","D, E, G","Verse 1
I [G]lean not on my own understa[Em]nding
My [C]life is in the hands of the [G]Maker of heaven

Verse 2
I [G]give it all to You God
Tr[Em]usting that You’ll make something be[C]autiful out of m[G]e

Pre-Chorus
I will [G]climb this mountain
With my [Em]hands wide open
I will [C]climb this mountain
With my [G]hands wide open

Chorus
There’s nothing I hold [G]on to
There’s nothing I hold [Em]on to
There’s nothing I hold [C]on to
There’s nothing I hold [G]on to

Bridge		      
[G]I am so in love with [Em]You
There is no one [C]else for m[G]e 

",G,,,,,,,,,,,,
12618676,N013 - Nothing Is Impossible,5199808,"","","October 05, 2025","",Genre: Contemporary,Mood: Celebratory,"","","","Themes: God's Greatness, Power, Glory, Trust",N013 - Nothing Is Impossible,144,0,"","C: Miesha, D, G: Chris","Chorus
[G]Through You I can do anything [D]
I can do all th[Em]ings
‘Cause it’s you who gives me stre[C]ngth
[C]Nothing is impossible

[G]Through You blind eyes are open [D]
Strongholds are brok[Em]en
I am living by fa[C]ith
Nothing is impossible[C]  [G]  [Am]  [C]

Verse 1
[G]I'm not gonna [Am]live by what I [C]see
[Em]I'm not gonna [D]live by what I [C]feel
[Em]Deep down I [D]  know that You're [C]here with me
[Em]   I know that[D]   You can do [C]anything

Bridge
[C]I believe    I be[G]lieve
[Am]I believe    I be[C]lieve in You

",G,,,,,,,,,,,,
12618750,P003 - The Power Of Your Name,5200900,"","","November 14, 2025","",Genre: Contemporary,Mood: Declarative,"","","","Themes: Commitment & Dedication, Missions, Evangelism, The Nations",Default Arrangement,,0,"","A, G","Verse 1
Surely [F#m]children weren’t m[D]ade for the str[E]eets
And [F#m]fathers were n[D]ot made to le[E]ave
Surely [F#m]this isn't ho[D]w it should b[E]e
Let Your kingdom c[D]ome   [E]

Verse 2
Surely nations were not made for war
Or the broken meant to be ignored
Surely this just can't be what You saw
Let Your kingdom come 
Here in my heart

Chorus
I will l[A]ive to carry Your com[E]passion 	                      	
To love a world that's br[D2]oken
To be Your hands and f[E]eet
I wiill g[A]ive with the life that I've been [E]given
And go beyond re[D2]ligion
To see the world be ch[E]anged
By the power of Your n[F#m]ame    [D]   [E]

Verse 3
Surely life wasn't made to regret
And the lost were not made to forget
Surely faith without action is dead
Let Your kingdom come
Lord break this heart
                            
Tag
Jesus Your n[D]ame is a shelter for the [E]hurting
Your n[D]ame is a refuge for the [E]weak
Only Your n[D]ame can redeem the unde[E]serving
Jesus Your n[D]ame holds everything I [E]need
",A,,,,,,,,,,,,
12618819,M013 - The More I Seek You,4447991,"","","December 27, 2027","",Genre: Contemporary,Mood: Reflection & Prayer,"","","",Themes: God's Presence & Intimacy,Default Arrangement,,0,"",E,"Verse 
[E]The more I s[B]eek You  [C#m] the more I f[A]ind You
[E]The more I f[B]ind You    [C#m] the more I l[A]ove You

Chorus
[E]I wanna sit at Your fe[B]et
Drink from the cup in Your h[C#m]and
Lay back against You and br[A]eathe
Feel Your heartbeat
[E]This love is so d[B]eep
It's more than I can st[C#m]and
I melt in Your p[A]eace  it's overwhelming
",E,,,,,,,,,,,,
12618835,O007 - Once Again,1564362,"","","February 15, 2026","",Genre: Contemporary,Mood: Reflection & Prayer,Purpose: Communion,"","","Themes: Jesus' Life, Death, & Resurrection, Thankfulness & Adoration",Default Arrangement,,0,"","D, E, F","Verse 1
[D]Jesus C[A/D]hrist I th[D/G]ink upon Your [D/F#]sacrifice
[Em7]You became [D/F#]nothing, [G]poured out to [A7sus]death     [A7]
[D]Many t[A/D]imes I’ve [D/G]wondered at Your [D/F#]gift of life
And [Em7]I’m in that [A7sus]place once a[D]gain
[Em7]I’m in that [A7sus]place once a[D]gain

Chorus
And [D/F#]once again I l[G]ook upon the [D/F#]cross where You [A7]died
I’m [D/F#]humbled by Your [G]mercy and I’m [D/F#]broken in[A7]side
[Bm7]Once again I [G]thank You, [D/F#]once again I [A7sus]pour out my [G]life  [A7]  [D]

Verse 2
Now You are exalted to the highest place
King of the heavens, where one day I’ll bow
But for now, I marvel at this saving grace
And I’m full of praise once again
I’m full of praise once again

Bridge
[G]Thank You for the [A7sus]cross       [D/F#]thank You for the [A/D]cross
[G]Thank you for the [A7sus]cross my [D]Friend

",D,,,,,,,,,,,,
12618873,X006 - Joy To The World,2648369,"","","December 21, 2025","","",Mood: Celebratory,"","","",Themes: Christmas,Modernized Chords (default),155.3,0,"","C, E: Chris","Verse 1
[E]Joy to the world, the [B]Lord is [E]come
Let [A]earth re[B]ceive her [C#m]King
Let [E]every heart prepare Him room
And [C#m]heaven and nature sing
And [B]heaven and nature sing
And [E/G#]heaven, and [A]heaven, and [B]nature [E]sing

Verse 2
Joy to the world, the Savior reigns
Let all their songs employ
While fields and floods, rocks, hills, and plains
Repeat the sounding joy
Repeat the sounding joy
Repeat, repeat the sounding joy

Verse 3
No more let sins and sorrows grow
Nor thorns infest the ground
He comes to make His blessings flow 
Far as the curse is found
Far as the curse is found
Far as, far as the curse is found

Verse 4
He rules the world with truth and grace
And makes the nations prove
The glories of His righteousness
And wonders of His love
And wonders of His love
And wonders, wonders of His love

Interlude
E F#m E/G# A

Outro
The glories of His righteousness
And wonders of His love
And wonders of His love
And wonders, wonders of His love",E,Shane & Shane/Phil Wickham,148,0,"","C, G","Verse 1
[C]Joy to the world, the Lord is come
Let [F]earth re[G]ceive her [Am]King
Let [C]every heart prepare Him room
And [Am]heaven and nature sing
And [G]heaven and nature sing
And [C/E]heaven, and [F]heaven, and [G]nature [C]sing

Tag
[C] We will sing, sing, [F]sing
Joy to the wo[C]rld
We will sing, sing, [F]sing

Verse 2
Joy to the world, the Savior reigns
Let all their songs employ
While fields and floods, rocks, hills, and plains
Repeat the sounding joy
Repeat the sounding joy
Repeat, repeat the sounding joy

Verse 3
He rules the world with truth and grace
And makes the nations prove
The glories of His righteousness
And wonders of His love
And wonders of His love
And wonders, wonders of His love
COLUMN_BREAK
Chorus
[C]Joyful, joyful, we adore Thee
[F]God of glory, Lord of love
[C]Hearts unfold like flowers before Thee
[F]Opening to the sun above

[Am]Joyful, joyful, [Em]we adore Thee
[F]God of glory, [C]Lord of [G]love
[C]Hearts unfold like [Dm]flowers before Thee
[Am]Opening to the [G]sun a[C]bove

Outro
[C]We will sing, sing, [F]sing
We will sing, sing, [C]sing
",C,Traditional,,0,"","C, D","Verse 1
[C]Joy to the [G]world, the [C]Lord [G]is [C]come
Let [F]earth re[G]ceive her [C]King
Let [C]eve[F]ry [C]heart pre[C]pare [F]Him [C]room
And [C]heaven and nature sing
And [G]heaven and nature sing
And [C]heaven, and [F]heaven, and [C]na[G]ture [C]sing

Verse 2
Joy to the world, the Savior reigns
Let all their songs employ
While field and floods, rocks, hills, and plains
Repeat the sounding joy
Repeat the sounding joy
Repeat, repeat the sounding joy

Verse 3
No more let sins and sorrows grow
Nor thorns infest the ground
He comes to make His blessings flow 
Far as the curse is found
Far as the curse is found
Far as, far as the curse is found

Verse 4
He rules the world with truth and grace
And makes the nations prove
The glories of His righteousness
And wonders of His love
And wonders of His love
And wonders, wonders of His love

",C,Unspeakable Joy,128,0,"","C, G","Intro
[| D // G // D // G // D // G // D // G |]

Verse 1
[D]Joy to the world, the [G]Lord [A]is [Bm]come
[G]Let Earth [A]receive [Bm]her King
[G]Let [D/F#]every heart [G]prepare [D/F#]Him room
[Bm]And Heaven and nature sing
[A]And Heaven and nature sing
[G]And Heaven, [Em7]and Heaven[A] and [D]nature sing

Verse 2
[D]Joy to the world, [G]the [A]Savior [Bm]reigns
[G]Let all [A]their songs [Bm]employ
[G]While fields[D/F#] and floods, 
[G]rocks, hills [D/F#]and plains
[Bm]Repeat the sounding joy
[A]Repeat the sounding joy
[G]Repeat[Em7], repeat the [A]sounding [D]joy

COLUMN_BREAK
Chorus
[G]Joy, unspeakable [D]joy
An overflow[A]ing well
No tongue [G]can tell
[G]Joy, unspeakable [D]joy
Rises in [A]my soul
Never [Em]lets me [G]go

Verse 3
He rules the world with truth and grace
And makes the nations prove
The glories of His righteous-ness
And wonders of His love
And wonders of His love
And wonders, wonders of His love


",D
12621441,N009 - Not For A Moment,6350268,"","","December 29, 2027","",Genre: Contemporary,Mood: Desperation & Dependence,"","","","Themes: God's Faithfulness, Our Testimony & Redemption",Default Arrangement,139,0,"","A, E: Michelle, F, G","Intro
[C#m7-A    E    Bsus (x2)]

Verse 1
You were [A2]reaching through the st[E]orm
[B]Walking on the w[C#m7]ater,
[A2]Even when I [E]could not s[B]ee
In the [A2]middle of it [E]all
When I [B]thought You were a th[C#m7]ousand miles away
[A2]  Not for a [E]moment[C#m7]  did You for[B]sake me,
[A2]  Not for a [E]moment[C#m7]  did You for[B]sake me

Chorus
[A2]  After [E]all, [C#m7]You are c[B]onstant
[A2]  After [E]all, [B]You are [F#m7]only good
[A2]  After [E]all, [C#m7]You are s[B]overeign
[A2]  Not for a [E]moment[C#m7]   will You for[B]sake me,
[A2]  Not for a [E]moment[C#m7]   will You for[B]sake me

Verse 2
You were singing in the dark
Whispering Your promise 
Even when I could not hear
I was held in Your arms
Carried for a thousand miles to show
Not for a moment did You forsake me,
Not for a moment did You forsake me

COLUMN_BREAK
Bridge
[A2]  Every [E]step, every [C#m7]breath, You are th[B]ere
[A2]  Every [E]tear, every [C#m7]cry, every pr[B]ayer
[A2]  In my [E]hurt, at my [C#m7]worst, when my w[B]orld falls down
[A2]  Not for a [E]moment[C#m7]   will You for[B]sake me,
[A2]  Not for a [E]moment[C#m7]   will You for[B]sake me

",E,,,,,,,,,,,,
12621522,N010 - Nothing But The Blood ,21332,"","","December 31, 2027","",Genre: Hymn,Mood: Reflection & Prayer,Purpose: Communion,"","","Themes: Jesus' Life, Death, & Resurrection",Default Arrangement,,0,"","D, E, F, G","Verse 1
[E]What can wash a[C#m]way my sin
[A]Nothing but the blood of [B]Je[E]sus
[E]What can make me [C#m]whole again
[A]Nothing but the blood of [B]Je[E]sus

Chorus
[A]Oh, precious [E/G#]is the flow [F#m]that makes me white as [E/G#]snow
[A]No other [E/G#]fount I know, [F#m]nothing but the blood of [B]Je[E]sus

Verse 2
For my pardon this I see
Nothing but the blood of Jesus
For my cleansing this my plea
Nothing but the blood of Jesus

Verse 3
Nothing can for sin atone
Nothing but the blood of Jesus
Naught of good that I have done
Nothing but the blood of Jesus

Verse 4
This is all my hope and peace
Nothing but the blood of Jesus
This is all my righteousness
Nothing but the blood of Jesus

Bridge
[A]Nothing but the blood
[E/G#]Nothing but the blood
[A]Nothing but the blood of [B]Je[E]sus",E,,,,,,,,,,,,
12621579,O002 - O For A Thousand Tongues To Sing,5013881,"","","February 26, 2017","",Genre: Hymn,"",Purpose: Offering,"","","",O002 - Oh For A Thousand Tongues To Sing,152,0,"","F, G","Verse 1
O [G]for a thousand tongues to sing
My great Redeemer's [Dsus]praise
[D]The [G]glories of m[C]y God and King
The [G]triumphs of [Dsus]His [G5]grace[G]

Verse 2
My gracious Master and my God
Assist me to proclaim
To spread through all the earth abroad
The honors of Thy name

Chorus
So come o[C2]n and sing o[G/B]ut
Let our a[Am7]nthem grow lo[G]ud
There is [C2]one [G/B]great [Am7]love Jes[G5]us

Verse 3
Jesus the name that charms our fears
That bids our sorrows cease
'Tis music in the sinner's ears
'Tis life and health and peace

Verse 4
He breaks the pow'r of canceled sin
He sets the pris'ner free
His blood can make the foulest clean
His blood availed for me

Verse 5
He speaks and list'ning to His voice
New life the dead receive
The mournful broken hearts rejoice
The humble poor believe

Verse 6
Glory to God and praise
And love be ever ever giv'n
By saints below and saints above
The church in earth and heav'n

Bridge
[G]There are so few words
That never grow old
There are so few words
That never grow old
Jesus Jesus Jesus

",G,,,,,,,,,,,,
12621670,H014 - Here's My Heart,6517898,"","","January 25, 2026","",Genre: Contemporary,Mood: Desperation & Dependence,"","","","Themes: Commitment & Dedication, Surrender",H014 - Here's My Heart,162,0,"","A, E, G: Michelle","Chorus 1
[F#m]Here’s my [D]heart L[A]ord (3X)
[F#m]Speak [D]what is tr[A]ue

Verse 1
I am fo[D]und, I am Yours
I am l[F#m]oved, I’m made p[E]ure
I have l[D]ife, I can breathe
I am he[F#m]aled, I am fr[E]ee

Chorus 2
Here’s my life Lord (3x)
Speak what is true

Verse 2
You are strong, You are sure
You are life, You endure
You are good, always true
You are light breaking through

Verse 3
You are more than enough
You are here, You are love
You are hope, You are grace
You’re all I have, You’re everything",A,,,,,,,,,,,,
12621728,H015 - His Banner Over Me,768097,"","","January 31, 2026","",Genre: Contemporary,Mood: Celebratory,"","","","Themes: Church & Unity, God's Love & as Father",Default Arrangement,114,0,"",G,"Verse 1
He [G]brought me to His banqueting table (echo)
He [G]brought me to His banqueting table (echo)
And His [C]banner over me is [G]love

Verse 2
[G]I am my Beloved’s and He is mine (echo)
[G]I am my Beloved’s and He is mine (echo)
And His [C]banner over me is [G]love
Yes His [C]banner over me is [G]love [Am7   G/B   C]

Chorus
We can [G]feel the love of [Am7]God in this place
We be[G/B]lieve Your goodness
We re[C]ceive Your grace
We de[G]light ourselves at Your [Am7]table, O God
You do [G/B]all things well just [C]look at our lives

Bridge
His [G]banner over you, His [Am7]banner over me
His [G/B]banner over us is [C]love, [G/B]love, [Am7]love",G,,,,,,,,,,,,
12621746,H016 - Holy And Anointed One,164361,"","","January 30, 2026","",Genre: Contemporary,Mood: Adoration,"","","","Themes: God's Presence & Intimacy, Thankfulness & Adoration",Default Arrangement,,0,"","A, C, D, G","Verse 1
[G-Bm]Je[C]sus, [G-D]Je[C]sus
[G]Holy [D]and A[C]nointed [Am7]One, [G-D]Je[G]sus

Verse 2
[G-Bm]Je[C]sus, [G-D]Je[C]sus
[G]Risen [D]and E[C]xalted [Am7]One, [G-D]Je[G]sus

Chorus
Your name is like [C]honey on my [G]lips
Your Spirit like [C]water to my [G]soul
Your word is a [C]lamp unto my [Em]feet
Jesus I [C]love You, I love [D]You

Verse 3
[G-Bm]Je[C]sus, [G-D]Je[C]sus
[G]Holy [D]and A[C]nointed [Am7]One, [G-D]Je[G]sus",G,,,,,,,,,,,,
12621776,H017 - Holy Fire,2489580,"","","June 01, 2017","",Genre: Contemporary,Mood: Reflection & Prayer,"","","","Themes: God's Faithfulness, God's Presence & Intimacy",Default Arrangement,,0,"","A, D","Verse 1
[D]Holy fire from heaven de[A/C#]scend to us we pray
Let us [D/B]burn again [G]
[D]Holy fire from heaven con[A/C#]sume our hearts today
Let us [D/B]burn again,[G] let us b[D]urn again

Verse 2
[D]Holy breath from heaven de[A/C#]scend to us we pray
Let us [D/B]breathe again [G]
[D]Holy breath from heaven re[A/C#]vive our hearts today
Let us [D/B]breathe again,[G] let us br[D]eathe again

Chorus
[G]Waiting in ex[D/F#]pectancy
Sur[G]rendered to Your [D/F#]sovereignty
We’re [G]hungry for true [D/F#]intimacy, [Em]Lord   [D/F#   G]
For the things of Your [D]heart

Verse 3
[D]Holy stream from heaven de[A/C#]scend to us we pray 
Let us [D/Bm]drink again [G]
[D]Holy stream from heaven, [A/C#]bring new life today
Let us [D/B]drink again,[G] let us dr[D]ink again",D,,,,,,,,,,,,
12621806,H019 - Holy Holy Holy Lord God Almighty,1156,"","","March 28, 2025","",Genre: Hymn,"",Purpose: Offering,"","","Themes: God's Greatness, Power, Glory",Default Arrangement,176,0,"","A, Bb, C","Verse 1
[C]Holy, [Am]Holy, [G]Ho[C]ly!  [F]Lord God Al[C]mighty
[G]Early in the [Am]mor[Em]ning, our [G]song shall [D]rise to [G]Thee
[C]Holy, [Am]Holy, [G]Ho[C]ly!  [F]Merciful and [C]Mighty
[Am]God [Em]in three [F]per[C]sons, [Dm]blessed [G]Trini[C]ty

Verse 2
[C]Holy, [Am]Holy, [G]Ho[C]ly!  [F]All the saints a[C]dore Thee
[G]Casting down their [Am]golden [Em]crowns, a[G]round the gl[D]assy [G]sea
[C]Cheru[Am]bim and [G]sera[C]phim, [F]falling down be[C]fore Thee
[Am]Which [Em]wert and [F]art [C]and [Dm]ever[G]more shalt [C]be

Verse 3
[C]Holy, [Am]Holy, [G]Ho[C]ly!  [F]Tho’ the darkness [C]hide Thee
[G]Tho’ the eye of [Am]sinful [Em]man, Thy [G]glory [D]may not [G]see
[C]Only [Am]Thou [G]art [C]holy, [F]there is none be[C]side Thee
[Am]Per[Em]fect in [F]po[C]wer; in [Dm]love and [G]puri[C]ty

Verse 4
[C]Holy, [Am]Holy, [G]Ho[C]ly!  [F]Lord God Al[C]mighty
[G]All Thy works shall [Am]praise Thy [Em]name, in [G]earth and [D]sky and [G]sea
[C]Holy, [Am]Holy, [G]Ho[C]ly!  [F]Merciful and [C]Mighty
[Am]God [Em]in three [F]per[C]sons, [Dm]blessed [G]Trini[C]ty",C,H020 - Holy Holy Holy Lord God Almighty,152,0,"",A,"Verse 1
[A]Holy, [F#m]Holy, [E]Ho[A]ly!  [D]Lord God Al[A]mighty
[E]Early in the [F#m]morning, our [B]song shall rise to [E]Thee
[A]Holy, [F#m]Holy, [E]Ho[A]ly!  [D]Merciful and [A]Mighty
[F#m]God [A/C#]in three [D]per[A]sons, [Bm]blessed [E]Trini[A]ty

Verse 2
[A]Holy, [F#m]Holy, [E]Ho[A]ly!  [D]Tho’ the darkness [A]hide Thee
[E]Tho’ the eye of [F#m]sinful man, Thy [B]glory may not [E]see
[A]Only [F#m]Thou art [E]ho[A]ly, [D]there is none be[A]side Thee
[F#m]Per[A/C#]fect in [D]po[A]wer; in [Bm]love and [E]puri[A]ty

Chorus
Hallel[D]-u[A]jah, Hallel[D]-u[A]jah, Hallel[D]-[E]u-[F#m]jah
Jesus re[E]igns

Verse 3
[A]Holy, Holy, [F#m]Holy!  [D]Lord God Al[A]mighty
[E]All Thy works shall [F#m]praise Thy name, in [B]earth and sky and [E]sea
[A]Holy, Holy, [F#m]Holy!  [D]Merciful and [A]Mighty
[F#m]God [E]in three [D]per[A/C#]sons, [Bm]blessed [E]Trini[A]ty",A,,,,,,,,
12621961,N014 - Nothing Is Wasted,6447023,"","","December 28, 2025","",Genre: Contemporary,Mood: Desperation & Dependence,"","","","Themes: God's Faithfulness, Hope",Default Arrangement,130,0,"","A, E, F","Intro
[D  A   D  A  E]

Verse 1
[D]  You know my every need,[A]   You see my poverty
[D]  You are enough for me, [A]Je - [E]sus
[D]  You gave the blind their sight,[A]   You raised the dead to life	
[D]  You've done the same for me, [A]Je - [E]sus

Chorus
You are l[F#m]o - v[D]ing, You are w[A]ise
There is [F#m]nothing in my [D]life You [A]cannot rev[E]ive
You are l[F#m]o - v[D]ing, You are w[A]ise
There is [F#m]nothing too h[D]ard for our[A] [(][E][if go to bridge )]God

Verse 2
Your word inside of me, my strength, my everything
My hope will always be Jesus
Your breath inside my lungs, You’re worthy of my trust
You will forever be Jesus

Interlude
[Bm  F#m  E]

Bridge
N[Bm]o - th[A]ing is w[E/G#]asted	You work [Bm]all th[A]ings for g[E]ood
N[Bm]o - th[A]ing is w[E/G#]asted	Your [F#m]promise rem[D]ains, for[A]ever You r[E]eign 
",A,,,,,,,,,,,,
12621979,S023 - The Stand,4705248,"","","December 29, 2027","",Genre: Contemporary,Mood: Declarative,"","","",Themes: Surrender,S023 - The Stand,71,0,"","A, D, F, F#, G","Verse 1
[A]You stood before creation, et[D]ernity in Your hand
[A/C#]You spoke the earth into m[F#m]otion, my soul n[D]ow to stand

Verse 2
[A]You stood before my failure and [D]carried the cross for my shame
My [A/C#]sin weighed upon Your sh[F#m]oulders, my soul n[D]ow to stand
   
Pre-Chorus
So what can I s[D]ay [Bm]and what could I d[F#m]o
But offer this [D]heart oh God[E] completely[F#m] to You

Verse 3
So [A]I’ll walk upon salvation, Your [D]Spirit alive in me
This [A/C#]life to declare Your pr[F#m]omise, my soul n[D]ow to stand

Chorus
[D]So I’ll [A]stand with [E]arms high and [F#m]heart abandoned [D]
In [A]awe of the [E]One who [F#m]gave it all [D]
I’ll [A]stand my [E]soul Lord to [F#m]You surrendered
[D]All I a[A]m is Y[E]ours
",A,,,,,,,,,,,,
12621984,S024 - The Steadfast Love,21590,"","","October 07, 2023","",Genre: Contemporary,Mood: Adoration,"","","",Themes: God's Faithfulness,Default Arrangement,150,0,"","C, E","Verse 1
The [D]steadfast [D7]love of the [G]Lord never [Asus A]ceases
His [D]mercies [Bm]never[G] come to an [A]end
They are [G]new every [A7]morning[F#m], new every [Bm]morning
[G]Great is Thy [A]faithful[D]ness, [A]O [Bm]Lord
[G]Great is Thy [A7]faithful[D]ness",D,,,,,,,,,,,,
12621989,T019 - The Time Has Come,4705145,"","","October 12, 2025","",Genre: Contemporary,Mood: Celebratory,Purpose: Call to Worship,"","",Themes: Commitment & Dedication,T019 - The Time Has Come,147,0,"","A, D, G","Verse 1
[G]Found love beyond all reason
You gave Your life Your all for [Em]me
And [C]called me Yours for[G]ever
[G]Caught in the mercy fallout 
Found hope found life found all I [Em]need 
[C]You’re all I n[G]eed

Pre-Chorus
The t[D]ime has come to [Em]stand for all we bel[C]ieve in
So I[D] for one am gonna [Em]give my praise to Y[C]ou

Chorus
Tod[G]ay today it’s all or nothing [Em]all the way
The praise goes out to Y[C]ou
Yeah all the praise goes out to Y[G]ou
  	
Tod[G]ay today I live for one thing
To g[Em]ive You praise in everything I d[C]o
Yeah all the praise goes out to Y[G]ou

Tag
[Em]All we are is Yours
[Am]All we’re living for
Is a[C]ll You are is a[G]ll that You [D]are Lord",G,,,,,,,,,,,,
12621995,W020 - The Wonderful Cross,3148435,"","","November 02, 2025","",Genre: Hymn,Mood: Reflection & Prayer,Purpose: Communion,"","","Themes: Jesus' Life, Death, & Resurrection, Repentance",W020 - The Wonderful Cross,146,0,"","A, C, D","Verse 1
[D]When I survey the wondrous cross
On which the Prince of glory [A]died
[D]My richest gain I count but loss
And pour con[A]tempt on all my [D]pride

Verse 2
See from His head, His hands, His feet
Sorrow and love flow mingled down
Did ever such love and sorrow meet
Or thorns compose so rich a crown

Chorus
Oh the [G]wonderful cr[D/F#]oss, oh the [G]wonderful cr[D/F#]oss
Bids me [G]come and die and f[D/F#]ind that I may tr[A]uly live
Oh the [G]wonderful cr[D/F#]oss, oh the [G]wonderful cr[D/F#]oss
All who [G]gather here by gr[D/F#]ace draw near
And bl[A]ess Your name

Verse 3
Were the whole realm of nature mine
That were an offering far too small
Love so amazing, so divine
Demands my soul, my life, my all
",D,,,,,,,,,,,,
12621998,T008 - There Is None Like You,674545,"","","January 11, 2026","",Genre: Contemporary,Mood: Reflection & Prayer,"","","",Themes: Thankfulness & Adoration,Default Arrangement,,0,"",G,"Chorus
[G]There is [D]none like [C]You  [G]
[C]No one [G]else can touch my [Am7]heart like You [D]do
[G]I could [D]search for all e[C]ternity l[Cm]ong
And f[G]ind there is [D]none like [G]You

Verse
Your [Cmaj]mercy [C]flows like a r[G]iver wide
And [C]healing [Am7]comes from Your [G]hand
[Cmaj]Suffering [C]children are [G]safe in Your arms
[Am7]There is [C]none like [D]You  [C] [D]
",G,,,,,,,,,,,,
12621999,O001 - O Come To The Altar,7051511,"","","December 28, 2027","",Genre: Contemporary,Mood: Desperation & Dependence,"","","","Themes: Jesus' Life, Death, & Resurrection, Repentance",O001 - O Come To The Altar,140,0,"","D, E: Michelle's Key, F, G: Chris","Intro
[G  C  G  C]

Verse 1
[G]  Are you h[C]urting and broken with[G]in
  Overwh[C]elmed by the weight of your s[Em]in, Jesus is [C]calling
[G]  Have you c[C]ome to the end of yourse[G]lf
  Do you th[C]irst for a drink from the we[Em]ll, Jesus is [C]calling

Chorus
[G]  O come to[Am]   the altar[Em]
  The Father’s arms are [C]open wid[G]e
[G]  Forgiveness[Am]    was bought with[Em]
  The precious blood of [C]Jesus Chr[G]ist

Verse 2
Leave behind your regrets and mistakes
Come today there’s no reason to wait, Jesus is calling
Bring your sorrows and trade them for joy
From the ashes a new life is born, Jesus is calling

Bridge
Oh what a [G]Savior, isn’t He [Em]wonderful             sing Alle[C]luia, Christ is rise[G]n 
Bow down be[G]fore Him for He is [Em]Lord of all     sing Alle[C]luia, Christ is rise[G]n

Verse 3
Bear your cross as you wait for the crown
Tell the world of the treasure you’ve found
",G,,,,,,,,,,,,
12622007,O004 - O Praise The Name (Anastasis),7037787,"","","March 01, 2026","",Genre: Contemporary,Mood: Declarative,"","","","Themes: Jesus' Life, Death, & Resurrection, Thankfulness & Adoration",O002 - O Praise The Name (Anastasis),72,0,"","A, B, D, E, G","Intro
[A  Amaj7/C#  D]

Verse 1
I cast my[A]  mind to Calvary
Where Jesus [E]bled and died for[F#m]  me
I see His [D]wounds, His hands, His[A/C#]  feet
My Savior [Esus]on that cursed[A]  tree [Amaj7/C#  D]

Verse 2
His body bound and drenched in tears
They laid Him down in Joseph’s tomb
The entrance sealed by heavy stone
Messiah still and all alone

Chorus
O [A]praise the name of the [D]Lord our [A]God
O [F#m]praise His name for[Esus]ever[E]more
For [A/C#]endless days we will [D]sing Your [F#m]praise
Oh [D]Lord, oh [E]Lord our [A]God

Verse 3
Then on the third at break of dawn
The Son of heaven rose again
O trampled death, where is your sting?
The angels roar for Christ the King

Verse 4
He shall return in robes of white
The blazing sun shall pierce the night
And I will rise among the saints
My gaze transfixed on Jesus’ face
",A,O004 - [Special] O Praise The Name,145,0,"",A,"[Intro: F#m  E  F#m  E  F#m  F#m]

Verse 1
I cast my[F#m] mind to Calvary
Where Jesus [Eadd4]bled and died for[F#m]  me
I see His [D]wounds, His hands, His[F#m]  feet
My Savior [E]on that cursed[F#m]  tree

[Intro: F#m  E  F#m  E  F#m  F#m]

Verse 2
His body bound and drenched in tears
They laid Him down in Joseph’s tomb
The entrance sealed by heavy stone
Messiah still and all alone

Chorus
O [A]praise the name of the [D]Lord our [A]God
O [F#m]praise His name for[Esus]ever[E]more
For [A/C#]endless days we will [D]sing Your [C#]praise
Oh [D]Lord, oh [E]Lord our [A]God

Verse 3
[A]Then on the third at break of dawn
The Son of [Eadd4]heaven rose [F#m]again
O trampled [D]death, where is your [A]sting?
The angels [E]roar for Christ [A]the King

Chorus (x2)",A,,,,,,,,
12622012,O005 - Oceans (Where Feet May Fail),6428767,"","","August 31, 2025","",Genre: Contemporary,Mood: Desperation & Dependence,"","","","Themes: Commitment & Dedication, Trust",Default Arrangement,132,0,"","D: Michelle's Key, E, F","Intro
C#m   B/D#   E      B      A

Verse 1
C#m                    B/D#      E
You call me out upon the waters
                    B                                   A
The great unknown where feet may fail
C#m                        B/D#    E
And there I find You in the mystery   
                  B                            A
In oceans deep my faith will stand

Chorus
A      E                     B
I will call upon Your name   
A                    E                        B
And keep my eyes above the waves   
                       A
When oceans rise
                     E                B
My soul will rest in Your embrace  
               A               B          C#m
For I am Yours and You are mine 
	   
Verse 2
Your grace abounds in deepest waters
Your sovereign hand will be my guide
Where feet may fail 
and fear surrounds me
You've never failed 
and You won't start now

COLUMN_BREAK
Bridge 1
C#m                                
Spirit lead me where my
A
trust is without borders     
             E                                        
Let me walk upon the waters
B
wherever You would call me
C#m                                  
Take me deeper than my 
A
feet could ever wander
             E                                                  
And my faith will be made stronger 
          B
in the presence of my Savior


Bridge 2 (Last time)
C#m                   B              
Spirit lead me where my
E
trust is without borders     
             B                                        
Let me walk upon the waters
F#m
wherever You would call me
C#m                   B                 
Take me deeper than my 
E
feet could ever wander
             B                                                 
And my faith will be made stronger 
          F#m
in the presence of my Savior

",E,,,,,,,,,,,,
12622030,S026 - Still,3940963,"","","February 13, 2026","",Genre: Contemporary,Mood: Desperation & Dependence,"","","",Themes: Hope,S026 - Still,132,0,"","B, Bb, C","Intro
[F2  Am7  C/G  G]

Verse 1
[C]Hide  m[G/B]e   n[Am]ow   un[F]der  Y[D/F#]our   w[Gsus]ings     [G]
[C/E]Cover  m[F]e  wi[Dm7]thin  Your  mighty  h[G]and

Chorus
When the [C/E]oceans [F]rise and th[G]unders ro[C]ar
I will [C/E]soar with [F]You ab[G]ove the st[Am]orm
Father [C/E]You are [F]King ov[G]er the fl[C]ood
[G/B]I will be st[F/A]ill and know Y[G/B]ou are G[ C (or intro chords) ]od

Verse 2
Find rest my soul in Christ alone
Know His power in quietness and trust 

",C,,,,,,,,,,,,
12622633,S029 - Strong To Save,7005721,"","","July 14, 2022","",Genre: Contemporary,Mood: Declarative,"","","","Themes: God's Faithfulness, Hope",S029 - Strong To Save,160,0,"","A, B, C, F: Michelle, G","Intro
[E  B  F#  G#m ]

Verse 1
[F#]  Oh God who [G#m]set us free[E]  from our cap[B]tivity
[F#]  Your hand is s[G#m]trong to save [E]
[F#]  You split the [G#m]raging sea,[E]  You crush our [B]enemies
[F#]  Your hand is s[G#m]trong to save [E]

Chorus
The [E]Lord our [B]God is [F#]mighty in [G#m]battle
[E]We are [B]not afr[F#]aid
His [E (C#m) ]hand   up  -  [B (G#m) ]holds   us  [F#]through  our  [G#m (B) ]trials
Our [E]God is [F#]strong to save [E   B   F#  G#m  (x2) ] [(B) on chorus repeat]

Verse 2
Here in this desert place, we're carried by Your grace
Your hand is strong to save
When in the Promised Land, we'll see Your perfect plan
‘Cause Your hand is strong to save

Bridge
[E]  Above all death, above all [B]life
  Above the battles that we [G#m]fight
  Above any other [F#]name, our God is strong to [E]save 

Above the heavens and the earth
Above the rulers of this world
Above any other name, our God is strong to save
",B,,,,,,,,,,,,
12622722,H037 - Hungry,2650364,"","","January 23, 2026","",Genre: Contemporary,Mood: Desperation & Dependence,"","","","Themes: God's Presence & Intimacy, Surrender",Default Arrangement,,0,"","C: Michelle, E, G","Verse 1
[E]Hungry I come t[C#m]o You for I kn[B]ow You satisf[A]y
[E]I am empty b[C#m]ut I know Your love[B]  does not run dr[A]y

Pre-Chorus
So I [B]wait for Y[A]ou  and I [B]wait for Y[A]ou

Chorus
I’m f[E]alling on my kn[A]ees
Off[E]ering all of m[A]e
Je[E]sus You’re all this he[A]art is living f[E]or

Verse 2
Broken I run to You for Your arms are open wide
I am weary but I know Your touch restores my life
",E,,,,,,,,,,,,
12622802,H031 - How Great Is Our God,4348399,"","","November 30, 2025","",Genre: Contemporary,Mood: Declarative,"","","","Themes: God's Greatness, Power, Glory, Thankfulness & Adoration",H031 - How Great Is Our God,72,0,"","A, F: Michelle, G","Verse 1
The spl[A]endor of the King [F#m7]clothed in majesty
Let all the earth rej[D2]oice, all the earth rejoice
He wr[A]aps Himself in light and [F#m7]darkness tries to hide
And trembles at His v[D2]oice, trembles at His voice
	
Chorus
How gr[A]eat is our God, sing with me
How gr[F#m7]eat is our God and all will see
How gr[D2]eat, how gr[E]eat is our G[A]od

Verse 2
Age to age He stands and time is in His hands
Beginning and the end, beginning and the end
The God head three in one, Father, Spirit, Son
The Lion and the Lamb, the Lion and the Lamb
	
Bridge
[A]Name above all names, [F#m7]worthy of all praise
My [D2]heart will sing how gr[E]eat is our G[A]od
",A,,,,,,,,,,,,
12624194,S010 - Set A Fire,5911299,"","","March 22, 2026","",Genre: Contemporary,Mood: Desperation & Dependence,"","","",Themes: God's Presence & Intimacy,S010 - Set A Fire,68,0,"","A, B, D","Verse
[A] There’s no place I would rather be
[D] There’s no place I would rather be
[F#m] There’s no place I would rather be
[D] Than here in Your love, here in Your love

Chorus
[A] Set a fire down in my soul
[D] That I can’t contain, that I can’t control
[F#m] I want more of You God
[D] I want more of You God[A]
",A,,,,,,,,,,,,
12624845,B013 - Blessed Assurance,3270406,"","","June 15, 2025","",Genre: Hymn,Mood: Adoration,Purpose: Offering,"","",Themes: Our Testimony & Redemption,B009 - (Hymn) Blessed Assurance,155,0,"",C,"Verse 1
Blessed as[C]surance [F]Jesus is [C]mine
O what a [Am]foretaste of [D]glory di[G]vine
Heir of sal[C]vation [F]purchased of [C]God
[Am]Born of His [F]Spirit [G]washed in His [C]blood

Chorus
This is my [C]story  [F]this is my [C]song
Praising my [Am]Savior [D]all the day [G]long
This is my [C]story  [F]this is my [C]song
[Am]Praising my [F]Savior [G]all the day [C]long

Verse 2
Perfect submission, all is at rest
I in my Savior am happy and blest
Watching and waiting looking above
Filled with His goodness lost in His love

Verse 3
Perfect submission, perfect delight
Visions of rapture now burst on my sight
Angels descending bring from above
Echoes of mercy, whispers of love

",C,B013 - Blessed Assurance,137,0,"","C, G","Verse 1
Blessed as[C]surance [F]Jesus is [C]mine
O what a [Am]foretaste of [F]glory di[G]vine
Heir of sal[C]vation [F]purchased of [C]God
[Am]Born of His [F]Spirit [G]washed in His [C]blood

Chorus
This is my [C]story  [F]this is my [C]song
Praising my [Am]Savior [F]all the day [G]long
This is my [C]story  [F]this is my [C]song
[Am]Praising my [F]Savior [G]all the day [C]long

Verse 2
Perfect submission, all is at rest
I in my Savior am happy and blest
Watching and waiting looking above
Filled with His goodness lost in His love

Vamp 1
[F]Oh what a Savior, [C/E]Wonderful Jesus 

Vamp 2
[F]Death could not hold you, 
[Am7]You are victorious 
[F]Praise to the risen [C]King

COLUMN_BREAK
Vamp 3
[F]Oh what a Savior, [C]Wonderful Jesus 
[F]Oh what a Savior, [C]Wonderful Jesus 
[F]Oh what a Savior, [Am7]Wonderful Jesus 
[F]Oh what a Savior [C]
",C,,,,,,,,
12624861,B014 - Blessed Be Your Name,3798438,"","","December 14, 2025","",Genre: Contemporary,Mood: Celebratory,Purpose: Call to Worship,"","","Themes: Commitment & Dedication, God's Faithfulness",Default Arrangement,116,0,"","A, G","Verse 1
[A]Blessed [E]be Your name in the [F#m]land that is [D]plentiful
Where Your [A]streams of a[E]bundance flow, bles[D]sed be Your name
[A]And blessed [E]be your name when I’m [F#m]found in the [D]desert place
Though I [A]walk through the [E]wilderness, bles[D]sed be Your name

Pre-Chorus
[A]Every blessing [E]You pour out I’ll [F#m]turn back to [D]praise
[A]And when the darkness [E]closes in Lord [F#m]still I will [D]say

Chorus
Blessed be the [A]name of the [E]Lord
Blessed be Your [F#m]name[D]
Blessed be the [A]name of the [E]Lord
Blessed be Your [F#m]glorious [D]name

Verse 2
Blessed be Your name when the sun’s shining down on me
When the world’s all as it should be, blessed be Your name
And blessed be Your name on the road marked with suffering
Though there’s pain in the offering, blessed be Your name

Bridge
You [A]give and take [E]away
You [F#m]give and take [D]away
My [A]heart will choose to [E]say
Lord, [F#m]blessed be Your [D]name
",A,,,,,,,,,,,,
12624891,B018 - Break Every Chain,5910977,"","","January 28, 2024","",Genre: Contemporary,Mood: Declarative,"","","","Themes: Freedom, God's Greatness, Power, Glory",Default Arrangement,136,0,"","A, D, E, G: Michelle","Chorus
There is [F#m]power [D]in the name of [A]Jesus [E] (x3)
To break every [F#m]chain
To break every [D]chain
To break every [A]chain [E/G#]

Verse 1
[F#m]All suf[D]ficient [A]sacri[E]fice
So fre[F#m]ely [D]given, [A]such a [E]price
Bought ou[F#m]r re[D]demption
[A]Heaven’s gate[E]s swing [F#m]wide [D A E]

Bridge
There’s an army rising up (x3)
To break every chain
To break every chain
To break every chain
",A,,,,,,,,,,,,
12625530,B019 - Breathe,1874117,"","","January 29, 2026","",Genre: Contemporary,Mood: Desperation & Dependence,"","","",Themes: God's Presence & Intimacy,B019 - Breathe,66.5,0,"","A, D, G: Michelle","Verse 1
[G]  This is the a[Gsus]ir I breathe
[G]  This is the a[Gsus]ir I breathe
[G]  Your h[D/F#]oly [Em]presence[D] [C]livin[Em]g in [D]me

Verse 2
This is my daily bread 
This is my daily bread 
Your very Word spoken to me 

Chorus
And [G D/F#m Em] I[D]  I'm desperate f[C]or You [Em  D]
And [G D/F#m Em] I[D]  I'm lost with[C]out You [Em  D]",G,Shane and Shane,67,347,"","A, G","Verse 1
[G]  This is the a[Gsus]ir I breathe
[G]  This is the a[Gsus]ir I breathe
[G]  Your h[D/F#]oly [Em]presence[D] [C]livin[Em]g in [D]me

Verse 2
This is my daily bread 
This is my daily bread 
Your very Word spoken to me 

Chorus
And [G D/F#m Em] I[D]  I'm desperate f[C]or You [Em  D]
And [G D/F#m Em] I[D]  I'm lost with[C]out You [Em  D]

Tag
[C]Lord I want to [G]yearn for [D/F#]you
I want to [Em]burn with [D]passion o[C]ver you and on[D]ly [C]you	 ",G,,,,,,,,
12625535,B020 - Broken Vessels (Amazing Grace),7019974,"","","February 08, 2026","",Genre: Contemporary,Mood: Reflection & Prayer,"","","","Themes: God's Love & as Father, Our Testimony & Redemption",B015 - Broken Vessels (Amazing Grace),141,0,"","A, F: Female Lead, G: Original","Intro
[Em   G   Em   G]
 
Verse 1
All these [Em]pieces broken and [G]scattered
In mercy [Em]gathered, mended [G]and whole
Empty [Em]handed but not for[G]saken
I've been [D]set free, I’ve been [Em]set free [D]

Pre-Chorus
A[C (G)]mazing grace, how [D]sweet the sound
That [Em]saved a wretch like [C]me 
I [C (G)]once was lost but [D]now I am found
Was [Em]blind but now I [C]see

Chorus
Oh I can see You [G D]now
Oh I can see the [Em]love in Your [C]eyes
Laying Yourself [G D]down
Raising up the [Em]broken to [C]life

Verse 2
You take our failure, You take our weakness
You set Your treasure in jars of clay
So take this heart Lord, I’ll be Your vessel
The world to see Your life in me

Interlude
[G   D   Em   C]
",G,,,,,,,,,,,,
12625557,C001 - Came To My Rescue,4705190,"","","April 02, 2026","",Genre: Contemporary,Mood: Declarative,"","","",Themes: Commitment & Dedication,C001 - Came To My Rescue,82,0,"","A, B, Bb, C, G: Michelle","Verse 1
[C]Falling on my kn[G]ees in worship
[Am]Giving all I [F]am to seek Your [C]face
Lord [G/B]all I am is [Am]Yours[F]

Verse 2
My whole life I place in Your hands
God of mercy humbled I bow down
In Your presence at Your throne

Chorus
I [C]called You [G/B]ans[Am]wered
And You [F]came to my rescue and [C]I
Wanna be [G/B]where You [Am]are    [F]

Bridge
[Am]In my life be [G/B]lifted [C]high
In our world be [G/D]lifted [Am]high
In our love be [G]lifted [F]high [G]
",C,,,,,,,,,,,,
12626214,S011 - Shout To The Lord,1406918,"","","December 29, 2027","",Genre: Contemporary,Mood: Declarative,"","","","Themes: God's Faithfulness, Thankfulness & Adoration",Default Arrangement,75,0,"","A, F, G","Verse 1
[A] My Jesus[E/G#], my Savior, [F#m]Lord there [E]is none like [D]You
All of my [A/C#]days, [D]I want to [A/C#]praise, the [F#m]wonders of Your [G]mighty [Esus]love     [E]
[A] My comfort[E/G#], my shelter, [F#m]tower of [E]refuge and [D]strength
Let every [A/C#]breath and [D]all that I [A]am [F#m]never cease to [G]worship [Esus]You     [E]

Chorus
[A]Shout to the [F#m]Lord all the [D]earth let us [E]sing
[A]Power and [F#m]majesty, [D]praise to the [E]King
[F#m]Mountains bow [F#m/E]down and the [D]seas will roar
At the [E]sound [D/F#]of Your [E/G#]name
[A]I sing for [F#m]joy at the [D]works of Your [E]hands
[A]Forever I’ll [F#m]love You for[D]ever I’ll [E]stand
[F#m]Nothing [F#m/E]compares to[D] the prom[E]ise I have in [A]You
",A,,,,,,,,,,,,
12626668,C004 - Chosen Generation,5677454,"","","November 21, 2025","",Genre: Contemporary,Mood: Celebratory,"","","","Themes: Church & Unity, Commitment & Dedication",Default Arrangement,138,0,"",A,"Verse
We [D]run, with passion for Your name, we [A/C#]run
Free[D]dom, You've broken every chain, we [A/C#]run

Pre-Chorus
[D]  Our God will not be moved,[A]   our God will never be shaken
[Bm]  We run to You, we [D]run

Chorus
[A]We are a chosen gene[A/C#]ration rise up holy [F#m]nation
God we [D]live for You
[A]You have called us out of [A/C#]darkness into light so [F#m]glorious
God we [D]live for You

Bridge
You are [A]everything more than [D]all we need
God we [F#m]live for You, God we [Bm]live for You
I've found this [A]world to be not e[D]nough for me
God we [A/C#]live for You, God we [Bm]live for You

",A,,,,,,,,,,,,
12627522,"T025 - Trading My Sorrows (Yes, Lord)",2574653,"","",,"",Genre: Contemporary,Mood: Celebratory,"","","",Themes: Hope,Default Arrangement,,0,"","G-G, G","Verse 1
[G]I’m[C] trading m[Em]y   sor[D]rows, [G]I’m[C] trading m[Em]y   sh[D]ame
[G]I’m[C] laying them d[Em]own, [D]for the joy of the L[G]ord [C]   [Em]   [D]
[G]I’m[C] trading my[Em] sick[D]ness, [G]I’m[C] trading my[Em]   pa[D]in
[G]I’m[C] laying them d[Em]own, [D]for the joy of the L[G]ord [C]   [Em]   [D]

Chorus
[G]Yes L[C]ord, yes Lord, [Em]yes, yes[D], Lord
[G]Yes L[C]ord, yes Lord, [Em]yes, yes[D], Lord
[G]Yes L[C]ord, yes Lord, [Em]yes, yes[D] Lord, Ame[G]n   [C]   [Em]   [D]

Verse 2
I am pr[G]essed but not[C] crushed, perse[Em]cuted not [D]abandoned
[G]Struck [C]down but not destr[Em]oyed  [D]
I am bless[G]ed beyond [C]the curse, for His [Em]promise will [D]endure
That His[G] joy’s [C]gonna be my str[Em]ength[D]
Though the sorrow may [Dsus]last for [D]the night
His j[F]oy comes with the morn[C]ing

Bridge
La, [G]la, la, [C]la, la, la, la, [Em]la, la, [D]la, la
La, [G]la, la, [C]la, la, la, la, [Em]la, la, [D]la, la
La, [G]la, la, [C]la, la, la, la, [Em]la, la, [D]la, la, la, la
",G,,,,,,,,,,,,
12627582,T026 - Trust And Obey,22094,"","","August 08, 2021","",Genre: Hymn,Mood: Declarative,Purpose: Offering,"","",Themes: Commitment & Dedication,T026 - Trust And Obey,150,0,"","A, Bb, E: Chris","Verse 1
When we [Bb]walk with [F7]the [Bb]Lord in the [F]light of [F7]His [Bb]Word 
What a [Eb]glory He [Bb]sheds on our [F]way 
While we [Bb]do His [F7]good [Bb]will He a[F]bides with [F7]us [Gm]still
And with [Eb]all who will [Bb/F]trust and [F7]o  -  [Bb]bey

Chorus
[F]Trust and [F/A]o  - [Bb]bey for there’s [G]no  ot[G7/B]her [Cm]way 
To be [F7]happy  [F/A]in [Bb]Jesus  [Cm7]but  to  [Bb/F]trust  and  [F7]o  -  [Bb]bey

Verse 2
But we never can prove the delights of His love 
Until all on the altar we lay
For the favor He shows, for the joy He bestows
Are for them who will trust and obey

Verse 3
Then in fellowship sweet we will sit at His feet
Or we’ll walk by His side in the way
What He says we will do where He sends we will go
Never fear only trust and obey
",Bb,,,,,,,,,,,,
12628222,T027 - Turn Your Eyes Upon Jesus,15960,"","","December 31, 2027","",Genre: Hymn,Mood: Reflection & Prayer,"","","",Themes: Commitment & Dedication,Default Arrangement,,0,"","D: Michelle, G","[D]Turn your [A]eyes upon [Bm]Je  -  [D]sus
Look [G]full in His [Em7]wonderful [A7]face
And the [D]things of [D7]earth will grow [Bm]strangely [G]dim
In the [D]light of His [A]glory and [D]grace

[D]Turn your [A/C#]eyes upon [Bm]Je  -  [D/A]sus
Look [G]full in His [Em7]wonderful [Asus]face    [A]
And the [D]things of [D7/C]earth will grow [G/B]strangely [Gm/Bb]dim
In the [D/A]light of His [A7]glory and [D]grace
",D,,,,,,,,,,,,
12628269,U001 - Unashamed,4722283,"","","December 29, 2027","",Genre: Contemporary,Mood: Desperation & Dependence,"","","","Themes: God's Love & as Father, Thankfulness & Adoration",U001 - Unashamed,77,0,"","D, E","Verse 1
I [A2]have not [Bsus]much to [C#m7]offer You, not [A2]near what [Bsus]You des[C#m7]erve
But [A2]still I [Bsus]come be[C#m7]cause Your cross has [A2]placed in [Bsus]me my [E]worth

Verse 2
Oh Christ my King of sympathy, whose wounds secure my peace
Your grace extends to call me friend, Your mercy sets me free

Chorus
And I kn[A2]ow I’m w[Bsus]eak I [C#m7]know I’m unworthy
To c[A2]all up[Bsus]on Your n[C#m7]ame
But bec[A2]ause of gr[Bsus]ace be[C#m7]cause of Your mercy
I st[A2]and here [Bsus]unash[E]amed
 		 
Verse 3
I can’t explain this kind of love, I’m humbled and amazed
That You’d come down from heaven’s heights, and greet me face to face
         
Bridge
Here I [E]am at Your f[A2]eet
In my br[E]okenness compl[A2]ete 
",E,,,,,,,,,,,,
12628289,U002 - Unchanging,4016669,"","","March 15, 2026","",Genre: Contemporary,Mood: Adoration,Purpose: Call to Worship,"","","Themes: God's Faithfulness, God's Greatness, Power, Glory",Default Arrangement,106,0,"","E, F, G","Verse 1
[G]Great is Your faithfulness
[C]Great is Your faithfulness
[D]You never change, [C]You never fail oh G[G]od

Verse 2
True are Your promises
True are Your promises
You never change, You never fail oh God

Chorus
So we r[Em]aise up holy h[G]ands
To pr[C]aise the Holy O[Em]ne
Who w[C]as and i[D]s and is to co[G]me

Verse 3
Wide is Your love and grace
Wide is Your love and grace
You never change, You never fail oh God

Bridge
[Em]  You were [C]   You are 
[G]  You will always b[D]e 
",G,,,,,,,,,,,,
12628316,Y004 - You,5636914,"","","March 13, 2026","",Genre: Contemporary,Mood: Celebratory,"","","","Themes: Commitment & Dedication, Surrender",Y004 - You,143,0,"","A, B, F: Michelle","Verse 1
Inv[A]ading all my weakness You wr[E]apped me up in grace 
The w[D]orst of me succeeded by the best of Y[A]ou 

Verse 2
My heart is overtaken my soul is overwhelmed 
The worst of me succeeded by the best of You 

Verse 3
My dreams have found their purpose my future in Your hands 
This life would have no meaning if it weren't for You 

Pre-Chorus
So I [F#m]lay me d[A]own for [D]Kingdom c[E]ome 
Steel [F#m]all that is with[E]in me 
Cause [D]all I want in this world is more of Yo[A]u 

Chorus
And the less of me it is [E]You, increasing as I [D]fade away 
Your light for all the world to s[A]ee 
God it is You who breaks the chains, it is [E]You who lights the way 
And [D]everything I am cries out[A]  for You 

Verse 4
Lord make my life transparent Your life in mine displayed 
And let every earthly glory go back to You

Tag
[F#m]Oh [E/G#]Oh [A]Oh
[D]Oh Oh [A]Oh [E]Oh
[F#m]Oh Oh [E]Oh Oh [D]Oh 
",A,,,,,,,,,,,,
12628327,W021 - Wonderful Merciful Savior,106879,"","","February 08, 2026","",Genre: Hymn,Mood: Declarative,"","","","Themes: Hope, Thankfulness & Adoration",Default Arrangement,,0,"",C,"Verse 1
[C]Wonderful, [F]merciful [C]Savior
[C/E]Precious Re[F]deemer and [G7]Friend
[Am]Who would have th[Am7/G]ought that a [F]Lamb could
[C/E]Rescue the [Gsus]souls of [Am]men
[F]Oh You [C]rescue the [G7]souls of [C]men

Verse 2
Counselor, Comforter, Keeper
Spirit we long to embrace
You offer hope when our hearts have
Hopelessly lost the way
Oh we hopelessly lost the way

Chorus
[Am]You are the O[Am7/G]ne  that we pr[F]ais[G]e,   [Am]You are the O[Am7/G]ne  we  a[F]dor[G]e	
[Am]You give the h[Am7/G]ealing  and [F]grace our [C/E]hearts always [Gsus]hunger [Am]for
[F]Oh our [C]hearts always [Gsus]hun  -  [G]ger  [C]for

Verse 3
Almighty infinite Father
Faithfully loving Your own
Herein our weakness You find us
Falling before Your throne
Oh we’re falling before Your throne
",C,,,,,,,,,,,,
12628350,W017 - With Everything,5060779,"","","February 01, 2026","",Genre: Contemporary,Mood: Desperation & Dependence,"","","","Themes: Church & Unity, Commitment & Dedication",W017 - With Everything,138,0,"","A, F: Michelle","VERSE 1
[A]Open our eyes to [E]see the things that [F#m]make Your heart cry
To [D]be the church that [A]You would desire, Your [E]light to be[F#m] seen[D]

VERSE 2
Break down our pride and all the walls we’ve built up inside
Our earthly crowns and all our desires, we lay at Your feet

PRE-CHORUS
  Let [F#m]hope [D]rise,  [A]  darkness [E]tremble in Your [F#m]holy l[D]ight
[A]  That every [E]eye will see [D] Jesus our[F#m] God
[E]  Great and [Bm]mighty to[D] be prais[E]ed

CHORUS
[A]God of all days, [E]glorious in [F#m]all of Your ways
The [D]majesty, the [A]wonder and grace
In the [E]light of Your [F#m]Name [D]

BRIDGE 1
With [D]everything, with [F#m]everything       we will [A]shout for Your gl[E]ory
With [D]everything, with [F#m]everything       we will [A]shout forth Your[E] praise

BRIDGE 2
Our hearts they cry, be glorified        be lifted high above all names
For You our King, with everything     we will shout forth Your praise",A,,,,,,,,,,,,
12628398,W016 - With All I Am,4257734,"","","June 23, 2024","",Genre: Contemporary,Mood: Reflection & Prayer,"","","","Themes: Commitment & Dedication, God's Faithfulness",W016 - With All I Am,137,0,"","D, G","Verse 1
[D]  Into Your hand[A/C#]   I commit aga[Bm]in
With [A]all I a[G]m  for [Asus]You Lord
[D]  You hold my world[A/C#]    in the palm of Your h[Bm]and
And [A]I am Yo[G]urs for[Asus]ever [Em  A]

Chorus
Jesus I bel[D]ieve[A/C#] in You[Bm]    Jesus I bel[D/F#]ong to Y[G]ou
You're the reason that I l[Em]ive  the reason that I[Asus] sing 
With all I[D] am

Verse 2
I'll walk with You wherever You go
Through tears and joy I'll trust in You
And I will live in all of Your ways  
And Your promises forever

Interlude
[D      Em   Asus ]

Bridge
I will w[D]orship [A/C#]        I will w[Bm]orship Y[A]ou 
",D,,,,,,,,,,,,
12629816,C006 - Christ Is Enough,6514035,"","","December 29, 2027","",Genre: Contemporary,Mood: Declarative,"","","",Themes: Commitment & Dedication,C006 - Christ Is Enough,80,0,"","A, E: Michelle, G","Verse 1
[F#m]Christ is my rew[D]ard 
and all of my de[A]votion [E/G#] 
Now there's [F#m]nothing in this w[D]orld 
that could ever satis[A]fy  [E/G#]

Pre-Chorus 1
Through [C#m]every tri[D]al my [E]soul will s[F#m]ing
No [A/C#]turning ba[D]ck I’ve [F#m]been set fr[E]ee

Chorus
[A]Christ is enough for me 
[F#m]Christ is enough for [E]me   [D]
Everything I [E]need is [F#m]in You 
[D]everything I [E]need

Verse 2
Christ my all in all, 
the joy of my salvation
And this hope will never fail,
heaven is our home

Pre-Chorus 2
Through e[C#m]very sto[D]rm my [E]soul will s[F#m]ing
Je[A/C#]sus is here[D] to God be the [F#m]glo[E]ry

COLUMN_BREAK
Bridge
I have de[A]ci[Asus4]ded 
to follow [Asus2]Je[A]sus
No turning [D]back [F#m] no turning [E]back
I have de[A]ci[Asus4]ded 
to follow [Asus2]Je[A]sus
No turning [D]back, no [E]turning [A]back

The cross be[F#m]fore me [D]
the world be[E]hind me[F#m]
No turning [D]back [F#m] no turning [E]back
The cross be[F#m]fore me [D]
the world be[E]hind me[F#m]
No turning [D]back, no [E]turning [A]back


",A,,,,,,,,,,,,
12629925,C010 - Closer (Pull Me A Little Closer),6227047,"","","December 31, 2027","",Genre: Contemporary,Mood: Desperation & Dependence,"","","","Themes: God's Love & as Father, God's Presence & Intimacy",C010 - Closer (Pull Me A Little Closer),70,0,"","E: Michelle, G","Verse 1
Your [Em]love has ravished my [D]heart
And taken me [G/B]over, taken me [C]over
And [Em]all I want is to be[D]
With You fo[G/B]rever, with You fo[C]rever

Chorus 
[G]Pull me a little c[D]loser
Take me a little d[Em]eeper
I want to know Your h[C]eart
I want to know Your he[G]art
[G]Your love is so much s[D]weeter
Than anything I've t[Em]asted
I want to know Your h[C]eart 
I want to know Your h[C]eart   [ ( A  G/B  C ) ]

Bridge	  	        
[C] Whoa-oh, [G] whoa-oh
[D] How great Your [Em]love is for me
[C] Whoa-oh, [G] whoa-oh,   
[D] How great is [Em]Your love 
",G,,,,,,,,,,,,
12629945,C011 - Come And Fill Me Up,630307,"","",,"",Genre: Contemporary,"","",Season: 2020 - Spr/Sum,"","Themes: God's Presence & Intimacy, Holy Spirit",Default Arrangement,,0,"",A,"Verse 1
[A]I can [Asus]feel You [A]flowing [Asus]through me
[A]Holy [Asus]Spirit [A]come and [Asus]fill me [E]up   [D]
Come and fill me [A]up[Asus] [A] [Asus]

Verse 2
[A]Love and [Asus]mercy, [A]fill my [Asus]senses
[A]I am [Asus]thirsty [A]for Your [Asus]presence [E]Lord   [D]
Come and fill me [A]up[Asus] [A] [Asus]

Chorus
[Bm]Lord let Your [E]mercy wash [A]away all of my [F#m]sin 
[Bm]Fill me com[E]pletely with Your [A]love once a[F#m]gain
[D]I need You, [A/C#]I want You, [Bm]I love Your [E]presence
[D]I need You, [A/C#]I want You, [Bm]I love Your [E]presence

",A,,,,,,,,,,,,
12629953,C012 - Come As You Are,7017790,"","","February 08, 2026","",Genre: Contemporary,Mood: Reflection & Prayer,"","","","Themes: God's Love & as Father, Repentance",Default Arrangement,,0,"","A, B, E","Verse 1
[C]Come out of sadness from wher[F]ever you've [C]been
[F]Come broken [C]hearted let [G]rescue begin
[Am]Come find [G/B]your m[C]ercy oh [F]sinner come [C]kneel
[F]Earth has no [C]sorrow that [G]heaven can't [Am]heal
[F]Earth has no [C]sorrow that [G]heaven can't [C]heal

Chorus
Lay down your [Fmaj7]burdens, lay down yo[C]ur shame
All who are [Fmaj7]broken lift up your f[G]ace 
O wanderer [Fmaj7]come home, you're not too [Am]far
So lay down your [Fmaj7]hurt, lay down your [G]heart
Come as you [Fmaj7]are          [G]   [Fmaj7]

Verse 2
There's hope for the hopeless and all those who've strayed
Come sit at the table, come taste the grace
There's rest for the weary, rest that endures
Earth has no sorrow that heaven can't cure

Bridge
Come as you [Am]are [G/B] [C]come as you [F]are
Fall in His [C]arms come as you [G]are

Verse 3
There's [C]joy for the morning, oh [F]sinner be [C]still
[F]Earth has no [C]sorrow that [G]heaven can't [Am]heal
[F]Earth has no [C]sorrow that [G]heaven can't [C]heal",C,,,,,,,,,,,,
12630027,C013 - Come Home Running,4274621,"","","October 10, 2025","",Genre: Contemporary,Mood: Desperation & Dependence,"","","","Themes: God's Love & as Father, Repentance",Default Arrangement,,0,"","C, G","Verse 1
Oh heart of m[A]ine, why must you [D]stray
From one so f[F#m]air, you turn aw[D]ay
And one more t[A]ime[C#m] you have to p[F#m]ay  [D]
The heavin[A]ess[E] of needless [A]shame

Verse 2
Oh heart of m[A]ine, come back h[D]ome
You’ve been too l[F#m]ong, out on your o[D]wn
And He’s been th[A]ere[C#m] all al[F#m]ong  [D]
Watching f[A]or[E] you down the [A]road

Chorus
So come h[D]ome running [E]
His arms are [A]open wide
His name is [D]Jesus,[E] and He under[A]stands
He is the a[D]nswer[E] you are [F#m]looking for
So [E]come ho[D]me running[Esus] just as you a[A]re

Verse 3
Oh child of G[A]od, so dearly l[D]oved
And ransomed [F#m]by the Savior’s bl[D]ood
And called by n[A]ame[C#m] daughter and [F#m]son  [D]
Wrapped in the r[A]obe[E] of righte[A]ousness

",A,,,,,,,,,,,,
12630119,C014 - Come Thou Fount,108389,"","","May 25, 2025","",Genre: Hymn,"",Purpose: Offering,"","","Themes: God's Faithfulness, Thankfulness & Adoration",Come Thou Fount (Above All Else),138,0,"","A: Michelle, C, G","Verse 1
Come thou [C]fount of every [G]blessing
Tune my [F]heart to [G]sing Thy [C]grace 
Streams of [C]mercy never [G]ceasing
Call for [F]songs of [G]loudest [C]praise

Teach me [C]some me[G]lodious [C]sonnet
Sung by [C]flaming [G]tongues a[C]bove
Praise the mount I’m fixed u[G]pon it
Mount of [F]Thy re[F/G]deeming [C]love

Verse 2
Here I raise mine Ebenezer
Hither by Thy help I'm come
And I hope by Thy good pleasure
Safely to arrive at home

Jesus sought me when a stranger
Wandering from the fold of God
He to rescue me from danger
Interposed His precious blood

Verse 3
O to grace how great a debtor
Daily I’m constrained to be
Let thy grace Lord like a fetter
Bind my wandering heart to Thee

Prone to wander Lord I feel it
Prone to leave the God I love
Here’s my heart Lord take and seal it
Seal it for Thy courts [Am]above

COLUMN_BREAK
Bridge
[Am]Above [G]all [C]else I a[Dm]dore [C]Your [F]name
[Am]Above [G]all [C]else tune my [F]heart to [Am]sing Your [G]praise
[Am]Above [G]all [C]else I a[Dm]dore [C]Your [F]name
[Am]Above [G]all [C]else tune my [F]heart to [Am]sing Your [G]praise

Tag
The highest [F]praise the loudest [G]praise
(To the) Name a[F]bove every [G]name
",C,Come Thou Fount (I Will Sing),,0,"",C,"Intro
[|Am / F | C / / |]

Verse 1
Come thou [C]fount of every [G]blessing
Tune my [F]heart to sing Thy [C]grace 
Streams of [C]mercy never [G]ceasing
Call for [F]songs of loudest [C]praise

Teach me [Am]some me[F]lodious [C]sonnet
Sung by [Am]flaming [F]tongues a[C]bove
Praise the m[C]ount I’m fixed u[G]pon it
Mount of [F]Thy redeeming [C]love


Verse 2
Here I [C]raise my Ebe[G]nezer
Hither [F]by Thy help I [C]come
And I [C]hope by Thy good [G]pleasure
Safely [F]to arrive at [C]home

Jesus [Am]sought me [F]when a s[C]tranger
Wandering [Am]from the [F]fold of [C]God
He to [C]rescue me from [G]danger
Inter[F]posed His precious [C]blood
COLUMN_BREAK

Chorus
How Your [F]kindness yet purs[C]ues me
How Your [F]mercy never [C]fails me
Till the [F]day that death shall [Am]loose me
I will [F]sing, oh [G]I will [C or intro]sing


Verse 3
O to [C]grace how great a [G]debtor
Daily [F]I’m constrained to [C]be
Let thy [C]grace Lord like a [G]fetter
Bind my [F]wandering heart to [C]Thee

Prone to [Am]wander [F]Lord I [C]feel it
Prone to [Am]leave the [F]God I [C]love
Here’s my [C]heart Lord take and [G]seal it
Seal it [F]for Thy courts [C]above",C,Hymn - Come Thou Fount,,0,"","C, D","Verse 1
Come thou [C]fount of every [G]blessing
Tune my [F]heart to [G]sing Thy [C]grace 
Streams of [C]mercy never [G]ceasing
Call for [F]songs of [G]loudest [C]praise

Teach me [C]some me[G]lodious [C]sonnet
Sung by [C]flaming [G]tongues a[C]bove
Praise the mount I’m fixed u[G]pon it
Mount of [F]Thy re[F/G]deeming [C]love

Verse 2
Here I raise mine Ebenezer
Hither by Thy help I'm come
And I hope by Thy good pleasure
Safely to arrive at home

Jesus sought me when a stranger
Wandering from the fold of God
He to rescue me from danger
Interposed His precious blood

Verse 3
O to grace how great a debtor
Daily I’m constrained to be
Let thy grace Lord like a fetter
Bind my wandering heart to Thee

Prone to wander Lord I feel it
Prone to leave the God I love
Here’s my heart Lord take and seal it
Seal it for Thy courts above
",C,,,,
12630203,C015 - Come Ye Sinners,4582588,"","","February 08, 2026","",Genre: Contemporary,Mood: Desperation & Dependence,"","","","Themes: Commitment & Dedication, Repentance",C015 - Come Ye Sinners,75,0,"","A, E: Michelle","Verse 1
[D] Come ye sinners, p[F#m]oor and n[E]eedy
[D] Weak and wounded, s[F#m]ick and s[E]ore
[D] Jesus ready st[F#m]ands to s[E]ave you
With comp[D]assion, l[F#m]ove and p[E]ower

Verse 2
Come ye thirsty to the fountain
Come and find His goodness here
True belief and true repentance
Every grace brings You near

Chorus
[A] I will rise and [F#m]go to [E]Jesus
[F#m] He will em[D]brace me as His [E]own
[A] In the arms [F#m]of my [E]Savior
There is [Bm]life for[F#m]everm[E]ore

Verse 3
Come ye weary heavy laden
Lost and ruined by the fall
If you wait until you're better
You will never come at all

Bridge
[A] There's no one else for me,[E] no one else for me
[F#m] I won't look back,[D] I won’t look back


",A,,,,,,,,,,,,
12630249,C016 - Consuming Fire,3818569,"","","March 20, 2026","",Genre: Contemporary,Mood: Desperation & Dependence,"","","","Themes: God's Presence & Intimacy, Holy Spirit",Default Arrangement,74,0,"","D: Michelle, G","Verse 1
[Em7]There must be m[D/F#]ore than th[G]is
[D]Oh breath of G[Em7]od come br[D/F#]eathe with[C]in
[Em7]There must be m[D/F#]ore than th[G]is 
[D]Spirit of G[Em7]od we w[D/F#]ait for Y[C]ou
[Am7]Fill us a[G/B]new we p[D/F#]ray
[Am7]Fill us a[G/B]new we p[D/F#]ray

Chorus
Consuming [G]fire fan into[D/F#] flame 
A [Em7]passion for Your n[C]ame
Spirit of [G]God fall in th[D/F#]is place 
Lord have Your [Em7]way
Lord have Your [D]way with [C]us

COLUMN_BREAK
Verse 2
Come like a rushing wind
Clothe us with power from on high
Now set the captives free
Leave us abandoned to Your praise
Lord let Your glory fall
Lord let Your glory fall

Bridge
[C]  Stir it up in our hearts Lord
[D]  Stir it up in our hearts Lord
[Em]  Stir it up in our hearts Lord
[D/F#]  A passion for Your name



",G,,,,,,,,,,,,
12632274,V001 - Victor's Crown,6454621,"","","June 29, 2025","",Genre: Contemporary,Mood: Declarative,"","","","Themes: Hope, Jesus' Life, Death, & Resurrection",V001 - Victor's Crown,151,0,"","B, C, D: Chris","Verse 1
You are [C]always fighting for us 	heaven’s [Am]angels all around 
My de[Dm]light is found in knowing that You [Gsus]wear the Victor's c[G]rown
You're my [Am]help and my defender  [G/B]       You’re my [C]Savior and my Friend
By Your [Dm]grace I live and [C]breathe to worshi[G]p You

Verse 2
At the mention of Your greatness     in Your Name I will bow down
In Your presence fear is silent for You wear the Victor’s crown
Let Your glory fill this temple	  let Your power overflow
By Your grace I live and breathe to worship You

Chorus
Halle[F]lu  [G]-  j[C]ah		You have [F]overco[C]me, You have [G]overco[Dm]me
Halle[F]lu  [G]-  j[Am]ah		Jesus You have [Dm]overco[G]me the world

Interlude
[F C G Dm]

Verse 3
You are ever interceding 	  as the lost become the found
You can never be defeated for You wear the Victor's crown
You are Jesus the Messiah	  You're the Hope of all the world
By Your grace I live and breathe to worship You

Bridge
[F]  Every high thing must [C]come down [G] every stronghold shall [Dm]be broken
[F]  You wear the Vic[C]tor's crown	[G]You overcome, You overcome

Verse 4
At the [Am]cross the work was finished  [G/B]
You were [C]buried in the ground
But the [Dm]grave could not contain You
For You [F]wear the Victor'[C]s crown
",C,,,,,,,,,,,,
12632315,W001 - Waiting Here For You,5925663,"","","January 30, 2026","",Genre: Contemporary,Mood: Desperation & Dependence,"","","",Themes: God's Presence & Intimacy,W001 - Waiting Here For You,132,0,"","C: Miesha, D: Michelle, F: Chris, G","Intro
| G / / / | Em / D / | G / / / | Em / D / |

Verse 1
If f[G]aith can move the mountains, l[Em]et the mountains m[D]ove
We c[G]ome with expectation, we’re wa[Em]iting here for Y[D]ou[C]
Waiting here for Yo[G]u  [Em] [D]

Verse 2
You’re the L[G]ord of all creation, and st[Em]ill You know my he[D]art
You’re the A[G]uthor of salvation, You’ve l[Em]oved us from the st[D]art[C]

Chorus
Waiting here for Yo[G]u, with our h[Am7]ands
Lifted [Em7]hi  -  [D]gh in pr[C]aise
And it's Yo[G]u, we ado[Am7]re
Singing [Em7]al  -  [D]le   -  [Em7]lu     [D]-  ia   [<i>repeat/bridge: </i>][C][<i>, intro otherwise</i>]

Verse 3
You are everything You’ve promised, Your faithfulness is true
When we’re desperate for Your presence, all we need is You

Bridge
Singing [C]al - le – [Em7]lu  -  i[D]a   (4x)
",G,,,,,,,,,,,,
12632374,I002 - I Could Sing Of Your Love Forever,1043199,"","","October 14, 2022","",Genre: Contemporary,Mood: Adoration,"","","","Themes: God's Love & as Father, Thankfulness & Adoration",I002 - I Could Sing Of Your Love Forever,84,0,"","E, F, G","Verse 1
[E]Over the mountains and the sea, [F#m7] Your river runs with love for me
[A]And I will open up my heart, [Bsus] and let the Healer set me free
[E]I’m happy to be in the truth, [F#m7] and I will daily lift my hands
[A]For I will always sing of [Bsus] when Your love came down [E] [F#m7] [A] [Bsus]

Chorus
[E]I could sing of Your [F#m7]love forever
[A]I could sing of Your [Bsus]love forever	
[E]I could sing of Your [F#m7]love forever
[A]I could sing of Your [Bsus]love forever

Bridge
[F#m7]Oh I feel like da[E/G#]ncing [A]it’s foolishness I [Bsus]know
[F#m7]But when the world has s[E/G#]een the light
They will [A]dance with joy like we’re [Bsus]dancing now
",E,,,,,,,,,,,,
12632375,W003 - We Are Hungry,3067224,"","","January 26, 2025","",Genre: Contemporary,Mood: Desperation & Dependence,"","","","",Default Arrangement,88,0,"",G,"Verse
[G]  Lord I w[C]ant more of You[G]  living water r[C]ain down on me
[G]  Lord I n[C]eed more of You[G]  living breath of l[C]ife

  Come and fill me up

Chorus
[G]  We are h[D/F#]ungry we are h[Em]ungry
  We are h[C]ungry for more of Y[G]ou
  We are th[D/F#]irsty oh J[Em]esus
  We are th[C]irsty for more of Y[G]ou

Bridge
[G]  We lift our [D/F#]holy hands up[Em]   we want to t[C]ouch You
[G]  We lift our [D/F#]voices higher
  And [Em]higher and higher t[C]o You",G,,,,,,,,,,,,
12632400,I003 - I Exalt Thee,17803,"","","August 15, 2025","",Genre: Hymn,Mood: Adoration,"","","","Themes: God's Greatness, Power, Glory, Thankfulness & Adoration",I003 - I Exalt Thee,72,0,"","A, B, D, E, F, G","Verse 1
[D]For Thou, O [Em]Lord, art [A7]high above all the [D  A/C#  Bm]earth
Thou art e[Em]xalted far a[A7]bove all other [D]gods
[D]For Thou, O [Em]Lord, art [A7]high above all the [D  A/C#  Bm]earth
Thou art e[Em]xalted far a[A7]bove all other [D]gods

Chorus
I e[D]xalt Thee!  I e[A]xalt Thee!  
I e[G]xalt Thee, O [D]Lord
",D,,,,,,,,,,,,
12632409,I004 - I Give Myself Away,5873382,"","","November 16, 2025","",Genre: Contemporary,Mood: Desperation & Dependence,"","","",Themes: Surrender,Default Arrangement,,0,"","B, D, E","Chorus
I give myself awa[D]y    [A/C#]
I give myself awa[Bm]y so [A]You can [G]use me

Verse 1
Here I [D]am, here I [A/C#]stand
Lord my [Em]life is in [G]Your [A]hands
Lord I’m [D]longing to [A/C#]see
Your de[Em]sires revealed [G]in [A]me

Verse 2
Take my heart, take my life
As a living sacrifice
All my dreams, all my plans
Lord I place them in Your hands

Bridge
My [D]life is not my own
To [A/C#]You I belong
I [Bm]give myself    I [A]give myself to [G]You
",D,,,,,,,,,,,,
12632419,I005 - I Give You My Heart,1866132,"","","January 31, 2026","",Genre: Contemporary,Mood: Adoration,"","","","Themes: Surrender, Thankfulness & Adoration",Default Arrangement,142,0,"","A, E, G","Verse 1
[G]This is my de[Em]sire to [C]ho[G/B]nor [D/F#]You
[Em]Lord, with al[D/F#]l my h[G]eart I worship [F]You [C] [D]
[G]All I have with[Em]in me I [C]give [G/B]You [D/F#]praise
[Em]All tha[D/F#]t I ad[G]ore is in [F]You [C] [D/C]

Chorus
[G]Lord I give You my [D/F#]heart, I give You my s[Am]oul
I [D]live for You a[G]lone, every breath that I t[D/F#]ake
Every moment I’m a[Am]wake
Lord [D/F#]have Your way in [C]me [G] 
",G,,,,,,,,,,,,
12632428,I007 - I Lift My Hands,5869884,"","","December 30, 2027","",Genre: Contemporary,Mood: Desperation & Dependence,"","","","Themes: God's Faithfulness, Trust",I007 - I Lift My Hands,84,0,"","C, G","Verse 1
Be st[G]ill, there is a He[C]aler
His l[Em]ove is deeper than the sea [D]
His me[G/B]rcy is unfa[C]iling
His a[Em]rms, a fortress for the wea[D]k

Prechorus
Let faith ar[Am7]ise [C]  let faith ar[Em]ise    [D]

Chorus
I lift my h[G]ands to believe again
You are my r[Em]efuge, You are my [C]strength
As I pour out my h[G/B]eart, these things I remember
You are fa[F/A]ithful, God, for[C]ever

Verse 2
Be still, there is a river
That flows from Calvary's Tree
A fountain for the thirsty
Your grace that washes over me

Bridge
Let faith ar[G]ise, let faith arise
Open my [Em]eyes, open my e[C]yes
Let faith ar[G/B]ise, let faith arise
Open my [F]eyes, open my e[C]yes
",G,,,,,,,,,,,,
12632439,I009 - I Need You,5444436,"","","December 05, 2025","",Genre: Contemporary,Mood: Desperation & Dependence,"","","","Themes: Jesus' Life, Death, & Resurrection, Surrender",Default Arrangement,132,0,"",A,"Verse 1
I am fr[D]ail, broken [A]easily
Without f[D]ail, my strength keeps [A]failing me
All al[F#m]one, I'm powerl[E]ess
To lift mys[D]elf, from the pit that I am i[E]n 

Verse 2
From Your throne in heaven's light
Descended down into my broken life
To right the wrong, to make a way
To bear the load that I deserved to bear alone

Chorus
I ne[A]ed You Jes[E]us, I ne[F#m]ed You Jes[D]us
I ne[A]ed clean h[Bm]ands, I c[A/C#]an't You ca[D]n
I ne[F#m]ed Yo[E]u Jes[D]us

Verse 3
On the cross on our behalf
The Son of God bore the Father's wrath
And by His blood, the scars and pain
The perfect Son, took the fall and took our place

Verse 4
In His grace and unfailing love
The risen King, gave His hand to us
To lift us up, from the pit
And set our feet upon a rock that ever stands
",A,,,,,,,,,,,,
12632450,I010 - I Need You More,2061678,"","","January 29, 2026","",Genre: Contemporary,Mood: Desperation & Dependence,"","","","Themes: God's Presence & Intimacy, Surrender",Default Arrangement,,0,"","D, E, G","Chorus
I need You m[D]ore, [Em7]more than yesterday
I need You m[A]ore, [G]more than words can [D]say
I[A/C#] need You [Bm]more than [G]ever be[Em]fore
I need You L[A]ord, I need You L[D]ord

Verse 1
More than the a[G]ir I breathe, more than the s[A]ong I s[Bm]ing
More than the n[G]ext heartbeat, more than anyth[D]ing
And Lord as t[G]ime goes by I'll be [A]by Your s[Bm]ide
‘Cause I [Em]never want to [D/F#]go back to [Asus4]my old [A]life

Bridge 1
[G] We give You the highest praise
[D/F#] We give You the highest praise
[Em] We give You the highest prai[A]se

Bridge 2
More than the a[G]ir I breathe
More than the s[D/F#]ong I sing
More than [Em]anything
I need You m[A]ore
",D,,,,,,,,,,,,
12632456,I011 - I Offer My Life,1375252,"","","December 29, 2027","",Genre: Contemporary,Mood: Adoration,"","","",Themes: Commitment & Dedication,I011 - I Offer My Life,142,0,"","C, D, E","Verse 1
[E]All that I am, [A]all that I have
[B]I lay them down before [E]You, Oh Lord
[C#m]All my regrets, [F#m]all my acclaim
The [A]joy and the [E/G#]pain I'm [A]making them [B]Yours

Chorus
[E]Lord, I offer my [C#m]life to You
Everything [F#m]I've been th[E/G#]rough
[A]Use it for Your [B]glory
[E]Lord, I offer my [C#m]days to You
Lifting my [F#m]praise to [E/G#]You
[A]As a pleasing [B]sacri[C#m]fice
[A]Lord, I offer [B]You my [E]life

Verse 2
Things in the past, things yet unseen
Wishes and dreams that are yet to come true
All of my hopes, all of my plans
My heart and my hands are lifted to You
",E,,,,,,,,,,,,
12632464,I013 - I Stand In Awe,23914,"","","December 27, 2027","",Genre: Contemporary,Mood: Adoration,"","","","Themes: God's Greatness, Power, Glory, Thankfulness & Adoration",I013 - I Stand In Awe,138,0,"","A, D: Miesha, G","Verse 1
You are [G]beautiful beyond descrip[D]tion
Too [C]marvelous for w[G]ords
Too [Bm]wonderful for comprehen[Em]sion
Like [C]nothing ever seen or he[D]ard
Who can [Em]grasp Your infinite wis[A7]dom
Who can [Em]fathom the depths of Your lo[D]ve
You are [G]beautiful beyond descrip[D]tion
Majes[C]ty en[D]throne[G]d abov[D]e

Chorus
And I [G]stand, I [D/F#]stand in [C/E]awe of You
Lord I [G]stand, I [D/F#]stand in [C/E]awe of You
Holy [G]God to [D]whom all [Em]praise is d[A7]ue
I [C]stand in [D]awe of [G]You 
",G,,,,,,,,,,,,
12632477,I014 - I Surrender,6177317,"","","February 15, 2026","",Genre: Contemporary,Mood: Desperation & Dependence,"","","",Themes: Surrender,I014 - I Surrender,154,0,"","A: Michelle's Key, D, E","Verse 1
[C#m]Here I am, down on my [E]knees again
Surrendering [B]all, surrendering [A]all
[C#m]Find me here, Lord as You [E]draw me near
Desperate for [B]You, desperate for[A] You
I sur[C#m]render [E] [F#m] [A]

Verse 2
Drench my soul, as mercy and grace unfold
I hunger and thirst, I hunger and thirst
With arms stretched wide, I know You hear my cry
Speak to me now, speak to me now

Chorus
I su[C#m]rrender, I su[E]rrender
I want to [F#m7]know You more
I want to [A]know You more

Bridge
Like a [A]rushing [E]wind, Jesus [B]breathe within
Lord have Your w[F#m]ay, Lord have Your w[C#m]ay in [B]me
Like a [A]mighty s[E]torm, stir with[B]in my soul
Lord have Your w[F#m]ay, Lord have Your w[C#m]ay in [B]me
",E,,,,,,,,,,,,
12632599,W005 - We Exalt You,2117735,"","",,"",Genre: Contemporary,Mood: Adoration,Purpose: Call to Worship,"","","Themes: Church & Unity, Thankfulness & Adoration",Default Arrangement,,0,"",G,"Verse 1
[G]  As Your [Am7]people w[G/B]e have g[C]athered, [G]  with the [Am7]angels we pra[G/B]ise   [C]
[G]  The King of [Am7]Glory, fu[G/B]ll of sple[C]ndor
[G]  Who knows us [Am7]each by na[G/B]me   [C]  [G/B] [C]
We in[Dsus]vite You Ho[G]ly Spirit
Come est[Am7]ablish Your throne[G/B]    in this [Dsus]pla[D]ce

Chorus
We ex[G]alt [Am7]You, O Lo[C]rd  [D]   we ex[G]alt [Am7]You, O Lo[C]rd  [D]
We ex[G]alt [Am7]You, O Lo[C]rd	 let Your [D]heavens be fil[Em7]led
With the [C]sound of our pra[D]ises
We ex[C]alt You, O Lo[G]rd [Am7]  [G/B]  [C]  [G]  [Am7]  [G]  [C]

Verse 2
[G]  As Your [Am7]people w[G/B]e have g[C]athered, [G]  to celeb[Am7]rate Your N[G/B]ame [C]
[G]  We lift our [Am7]voices in a ch[G/B]orus of h[C]onor
[G]  To You the [Am7]Ancient of D[G/B]ays   [C]  [G/B]  [C]
We can[Dsus]not keep s[G]ilent, or the [Am7]rocks will cry out[G/B]    in our [Dsus]plac[D]e",G,,,,,,,,,,,,
12632672,W006 - We Fall Down,2437367,"","","April 03, 2026","",Genre: Contemporary,Mood: Reflection & Prayer,"","","","Themes: Commitment & Dedication, Surrender",Default Arrangement,136,0,"","C, C#, D, E","Verse
[D]We fall down, we [A]lay our [Bm]crowns
At the [G]fe[Em]et of Je[A]sus
The [D]greatness of His [A]mercy and [Bm]love
At the [G]fe[Em]et of Je[A]sus

Chorus
[D]We cry [G]holy, [D/F#m]holy, [Em]holy
[D/F#m]We cry [G]holy, [D/F#m]holy, [Em]holy
[D/F#m]We cry [G]holy, [D/F#m]holy, [Em]holy
[A]Is the [D]lamb

",D,,,,,,,,,,,,
12632752,W007 - We Speak To Nations,3552155,"","","November 08, 2020","",Genre: Contemporary,Mood: Declarative,"","","","Themes: Church & Unity, Missions, Evangelism, The Nations",Default Arrangement,150,0,"",F,"Verse 1
[F]Hear the so[Gm7]und the sound of the n[Bb]ations calli[Bb/C]ng
[F]Hear the so[Gm7]und the sound of the f[Bb]atherless cryi[Bb/C]ng
[Bb/D]Who will [C/E]go for u[F]s
[Bb/D]Who will [C/E]shout to the c[F]orners of the e[Eb]arth
That Christ is K[C]ing

Chorus
[F]We speak to nations,[F/C] “be [Bb/C]open”
[F]We speak to nations, “[F/C]fall on your kn[Bb]ees”
[F/A]We speak to nations, “the [Bb]kingdom is c[Gm/D]om   [F]ing n[Gm]ear to yo[Gm/C]u”
[F]We speak to strongholds[F/C], “be [Bb/C]broken,”
[F/C]“Powers of darkness you have to fl[Bb]ee”
[F/A]We speak to nations, “the [Bb]kingdom is coming n[Gm]ear to you”
We sp[C]eak to you, “be fr[Bb]ee”    [C7sus] [F2] [(F/A F/Ab F F/Bb)]

Verse 2
Hear the sound the sound of the nations worshipping
Hear the sound of sons and daughters singing
We will go for You
We will shout to the corners of the earth
That Christ is King
",F,,,,,,,,,,,,
12632814,W008 - We The Redeemed,5409055,"","","February 01, 2026","",Genre: Contemporary,Mood: Declarative,"","","","Themes: Church & Unity, Thankfulness & Adoration",W008 - We The Redeemed,157,0,"","Bb: Miesha's Key, C#, E, G","Verse 1
There is nothing like Y[E]our love    no exchange for all Yo[C#m]u gave
To be welcomed into [E/G#]life   [A]so I could know a love that[E] saves

Verse 2
Now forever to be[E]long    to walk with You for all m[C#m]y days
There's no greater love than [B]this   [A]You are the Author and th[E]e Way

Pre-chorus
This is the sound of the re[A]deemed    rising up to praise the[B] King
Our hope is i[E/G#]n You[C#m]
This is the sound of the re[A]deemed    rising up to praise the[B] King

Chorus
Singing [E]Glorious Glorious On[A]e   You have s[B]aved us
[C#m]Honor and power and prai[A]se to the S[B]avior
[F#m]You are the answer
[C#m]You are the answer [A]

Verse 3
You come with power come with[E] fire    as we lift Your name on[C#m] high
And join with all the saints to[B] sing  [A]  bringing honor to the[E] King

Bridge
[C#m]We the redeemed    [E/G#]hear us singing
[A]You are holy    You are holy
",E,,,,,,,,,,,,
12632971,W013 - Who May Ascend,3069741,"","","June 15, 2025","",Genre: Contemporary,Mood: Declarative,"","","","Themes: Commitment & Dedication, Surrender",W013 - Who May Ascend,93,0,"",A,"Verse 1
[A]Who may ascend the [D]hill of the Lord?
[E]Who may be found in Your h[D]oly place?
Only th[A]ose who are clean and [D]pure in their hearts
Can [E]make it to where You a[D]re
	
Chorus
So d[A]o what You will, d[D]o what You want
W[E]e have decided to tr[D]ust You only
W[A]e want to be what[D]ever You’re wanting
[E]You are the Lord of our l[D]ives

Verse 2
[A]Who may ascend the [D]hill of the Lord?
[E]Who may be found in Your h[D]oly place?
Only th[A]ose who refuse to [D]lift up their hearts
To [E]anything else but Y[D]ou
	
Bridge
[A]Lord, not my w[D]ill, but Your w[E]ill, let this b[D]e my cry
[A]We lay down [D]everything[E], we give our l[D]ives to You
",A,,,,,,,,,,,,
12632982,W014 - Who You Are,6223869,"","","March 19, 2026","",Genre: Contemporary,Mood: Adoration,Purpose: Call to Worship,"","","Themes: God's Faithfulness, Hope",W014 - Who You Are,148,0,"","A, D, F, G","Verse 1
[G]   Your glory speaks i[C]n every language
[G]   Across the sky t[C]o every nation
[Em]    You are beaut[C]y unimagined
[G]    This is who You [C]are

Verse 2
You are the Lord of my salvation
You are the One who lights my way
Through the dark night You will lead me
This is who You are
This is who You are

Chorus
So lift it [Em]up lift it [C]up 
Endless [G]praises to our [D]God
Full of g[Em]race full of [C]love
And He’s [G]reigning over [D]us
I know[G/B] You are [C]faithful
[Em]   You are [D]worthy God[C]
This is who You [G]are
COLUMN_BREAK
Verse 3
Day and night the angels sing
Holy holy is the Lord
There’s none more worthy to receive it
This is who You are 

Bridge
[G]  You hear the cry of every [C]broken heart
[G]  You give the hopeless soul a [C]brand new start
[G]  You lead the captive in Your [C]freedom song
[G/B]  This is who You [C]are
[G]  And in the night when all our [Am]hope is lost
[G/B]  You are the One who won’t give [C]up on us
[G]  You hold the orphan in your [Am]loving arms
[G/B]  This is who You [C]are
I kno[G]w [G/B]this is who You [C]are
I beli[G]eve [G/B]this is who You [C]are

Tag
So lift it [Em]up lift it [C]up (x4)[G]     [D]
",G,,,,,,,,,,,,
12633267,I017 - I Will Follow,5806878,"","","February 26, 2026","",Genre: Contemporary,Mood: Declarative,"","","","Themes: Surrender, Trust",Default Arrangement,96,0,"",G,"Verse 1
[C]All Your ways are go[Em7]od, all Your ways are su[D]re
I will [G]trust in [D/F#]You alo[C]ne
Higher than my s[Em7]ight, high above my l[D]ife
I will [G]trust in [D/F#]You alo[C]ne, in [D]You alone 

Chorus
[Em7]Where You go I'll go[C2]  where You stay I'll stay [G]
When You move I'll move[D]  I will follow You [Em7]
Who You love I'll love[C2]  how You serve I'll serve [G]
If this life I l[D]ose I will follow Y[Em7]ou [C2]
I will follow Yo[G]u    [D]

Verse 2            
Light unto the world, Light unto my life
I will live for You alone
You're the One I seek knowing I will find
All I need in You alone, in You alone

Bridge
[C]In You there's l[D]ife everlasting
[C]In You there's [G]freedom [D/F#]for my soul
[C]In You there's [D]joy unending j[C]oy     
             
and I will follow
",G,,,,,,,,,,,,
12633268,I018 - I Will Offer Up My Life,1083764,"","","December 21, 2025","",Genre: Contemporary,Mood: Adoration,Purpose: Communion,"","","Themes: Jesus' Life, Death, & Resurrection, Thankfulness & Adoration",Default Arrangement,,0,"",D,"Verse 1
[D]I will offer up my [G]life in [Asus7]spirit [A7]and tr[D]uth
Pouring out the [D/F#m]oil of [G]love as my [Asus7]worship [A7]to Y[D]ou
In surrender [D/F#m]I must [G]give my [A]every [Bm7]part
Lord, receive the [A]sacri[G]fice of a [Asus7]broken h[D]eart
	
Chorus
Jesus, what can I g[G]ive, [Asus7]what can I [D]bring
To so faithful a fri[G]end, to so [Asus7]loving a K[D]ing?
Savior, what can be [G]said, [Asus7]what can be s[D]ung
As a praise of Your [G]name for the [Asus7]things You have d[D]one?
O my words could not [Em]tell, not [D/F#m]even in p[G]art
Of the [Em]debt of [D/F#m]love that is [G]owed by [Asus7]this thank[A]ful he[D]art

Verse 2
You deserve my every breath for You’ve paid the great cost
Giving up Your life to death, even death on a cross
You took all my shame away, there defeated my sin
Opened up the gates of heaven and have beckoned me in
",D,,,,,,,,,,,,
12633286,I020 - In Christ Alone (I Place My Trust),841440,"","","December 31, 2027","",Genre: Contemporary,Mood: Desperation & Dependence,"","","",Themes: Trust,Default Arrangement,67,0,"","C, D, G","Verse 1
[G]In Christ a[C]lone I place m[G/B]y trust
And find my [Am7] glory in the [D] power of th[G]e cros[Em]s
In every [Am7] victor[D]y, let it b[Bm]e said [Em]of me
My s[Am7]ource of strength, my [D]source of hope
Is Christ [C] alone
",G,,,,,,,,,,,,
12633290,I021 - In Christ Alone (Passion),3350395,"","","October 06, 2025","",Genre: Contemporary,Mood: Declarative,"","","","Themes: Jesus' Life, Death, & Resurrection, Trust",I021 - In Christ Alone (Passion),136,0,"","B, D: Chris, Grace, E, G","Verse 1
In Christ a[E]lone my [C#m]hope is [B]found
[E/G#]He is my [A]light my [B]strength my [E]song
This [A]Corners[E]tone, this [C#m]Solid [B]Ground
[E/G#]Firm through the [A]fiercest [B]drought and [E]storm

What [E/G#]heights of [A]love, what [C#m]depths of [B]peace
When [E/G#]fears are [A]stilled when [C#m]strivings [B]cease
My [A]Comfor[E]ter my [C#m]All in Al[B]l
[E/G#]Here in the [A]love of [B]Christ I s[E]tand

Verse 2
In Christ alone who took on flesh
Fullness of God in helpless babe
This Gift of love and righteousness
Scorned by the ones He came to save

Till on that cross as Jesus died
The wrath of God was satisfied
For every sin on Him was laid
Here in the death of Christ I live

Verse 3
There in the ground His body lay
Light of the world by darkness slain
Then bursting forth in glorious Day
Up from the grave He rose again

And as He stands in victory
Sin's curse has lost its grip on me
For I am His and He is mine
Bought with the precious blood of Christ

COLUMN_BREAK
Verse 4
No guilt in life no fear in death
This is the power of Christ in me
From life's first cry to final breath
Jesus commands my destiny

No power of hell no scheme of man
Can ever pluck me from His hand
Till he returns or calls me home
Here in the power of Christ I'll stand

Bridge
[E] I find my strength, [A]I find my hope
[C#m] I find my help [A] in Christ alone
[E] When fear assails, [A]when darkness falls
[C#m] I find my peace [A] in Christ alone
[E] I give my life, [F#m]I give my all
[E/G#] I sing this song [A]to Christ alone
[E/B] The King of kings, [F#m]the Lord of all
[E/G#] All heaven sings [A]to Christ alo[E]ne [A]
To Christ a[C#m]lone   [A]  
In Christ a[E]lone [A]  [C#m]  [A]  [E]
",E,,,,,,,,,,,,
12635006,S012 - Show Me Your Glory,5875184,"","","January 14, 2024","",Genre: Contemporary,Mood: Desperation & Dependence,"",Season: 2018-Fall,"",Themes: God's Presence & Intimacy,Default Arrangement,,0,"",E,"Verse 1
I see the c[C#m]loud     [A]      I step[C#m] in          [A]
I[C#m] want to see Your [E/G#]glory like Moses [F#m]did
Flashes of [C#m]light       [A]     rolls of th[C#m]under       [A]
I’m not af[E/G#]raid       [A]     I’m not af[E/G#]raid        [A]
             
Chorus
Show me Your gl[E]ory   [B]
Show me Your [C#m]glory     [A]

Verse 2
I’m marked by Your beauty lost in Your eyes	
I long to walk in Your presence like Jesus did
Your glory surrounds me and I’m overwhelmed
I'm not afraid, I'm not afraid

Bridge
I long to l[E]ook on the face of the [B/D#]One that I love
Long to [C#m]stay in Your presence it’s w[A]here I belong
",E,,,,,,,,,,,,
12635012,D001 - Did You Feel The Mountains Tremble,1097028,"","","November 17, 2022","",Genre: Contemporary,Mood: Celebratory,"","","","Themes: Church & Unity, Missions, Evangelism, The Nations, God's Greatness, Power, Glory",D001 - Did You Feel The Mountains Tremble,123.9,0,"","C: Chris, D, G","Verse 1
[C]Did you feel the mountains tremble? [Am]Did you hear the oceans roar?
[Dm]When the people rose to sing of [F] Jesus Christ the [F/G]risen one [C  G  C  G]

Verse 2
[C]Did you hear the people tremble? [Am]Did you hear the singers roar?
[Dm]When the lost began to sing of [F] Jesus Christ the [F/G]saving one [C]

Pre-Chorus 1
And we can [F/A]see that God You’re m[C]oving, a mighty [F/A]river through the [C]nations
And young and [F/A]old will turn to [C]Jesus
[Dm]Fling wide you heavenly gates, [F]prepare the way of the [F/G]risen [C]Lord [G  C  G]

Chorus
[C]Open up the doors and [Am]let the music play
[Dm]Let the streets resound with [C]singing  [G]
[C]Songs that bring Your hope, [Am]songs that bring Your joy
[Dm]Dancers who dance upon inj[C]ustice  [G   C]

Verse 3
[C]Did you feel the darkness tremble, [Am]when all the saints join in one song
[Dm]And all the streams flow as one river [F] to wash away our [F/G]brokenness [C]

Pre-Chorus 2
And here we [F/A]see that God You’re m[C]oving, a time of [F/A]jubilee is c[C]oming
When young and [F/A]old return to [C]Jesus
[Dm]Fling wide you heavenly gates, [F]prepare the way of the [F/G]risen [C]Lord [G  C  G]",C,,,,,,,,,,,,
12635267,G008 - God I Look To You,5858163,"","","December 30, 2027","",Genre: Contemporary,Mood: Desperation & Dependence,"","","","Themes: Commitment & Dedication, Thankfulness & Adoration",G008 - God I Look To You,136,0,"","A, B, C: Michelle, D, E","Verse 1
God I l[A]ook to You, I won’t be o[E]verwhelmed
Give me v[D]ision to s[F#m]ee things like You d[E]o
God I l[A]ook to You, You’re where my h[E]elp comes from
Give me w[D]isdom, You k[F#m]now just what to d[E]o

Chorus
I will l[D]ove You L[Bm7]ord my s[E]trength
I will l[D]ove You L[Bm7]ord my s[E]hield
I will l[D]ove You L[Bm7]ord my r[E/G#]ock 
[A]Forever all my d[D]ays I will l[E]ove You G[A]od

Bridge
Hallelujah, our God reigns
Hallelujah, our God reigns
Hallelujah, our God reigns
Forever all my days, hallelujah
",A,,,,,,,,,,,,
12635328,G009 - God Is Able,5894275,"","","March 08, 2026","",Genre: Contemporary,Mood: Declarative,"","","","Themes: God's Greatness, Power, Glory",G009 - God Is Able,79,0,"","A, E, G","Verse 1
God is a[A]ble   He will n[E]ever fail
H[F#m]e is almighty G[D]od
Greater than a[A]ll we seek   greater than a[E]ll we ask
H[F#m]e has done[D] great thi[E]ngs

Chorus
Lifted u[A]p           He defeated the gra[E]ve
Raised to l[F#m]ife    our God is a[D]ble
In His na[A/C#]me     we overco[E]me
For the Lo[F#m]rd     our G[E]od is a[D]ble

Verse 2
God is with us, God is on our side
He will make a way
Far above all we know, far above all we hope
He has done great things

Bridge
God is w[A]ith us                 He will g[E]o before
He will never l[F#m]eave us     He will never l[D]eave us
God is f[A/C#]or us                    He has o[E]pen arms
He will never f[F#m]ail us         He will never f[D]ail us",A,,,,,,,,,,,,
12635372,C018 - Create In Me A Clean Heart,27666,"","","February 08, 2026","",Genre: Contemporary,Mood: Reflection & Prayer,"","","","Themes: Holiness & Purity, Repentance",C018 - Create In Me A Clean Heart,80,0,"","E: Michelle, G","Verse 1
C[G]reate in me a c[D]lean heart, [C]O G[G]od
And renew a right s[D]pirit within [C]me   [G]
C[G]reate in me a c[D]lean heart, [C]O G[G]od
And renew a right s[D]pirit within [G]me  [G7]

Chorus 
C[C]ast me not aw[D]ay from Thy p[G]resence, O L[Em]ord
And t[C]ake not Thy H[D]oly Spirit from [G]me   [G7]
Res[C]tore unto m[D]e the j[G]oy of [D/F#]Thy salv[Em]ation
A[C]nd renew a right s[D]pirit within [G]me",G,,,,,,,,,,,,
12635479,F006 - Fire Fall Down,4705200,"","","September 26, 2025","",Genre: Contemporary,Mood: Desperation & Dependence,"","","","Themes: God's Presence & Intimacy, Jesus' Life, Death, & Resurrection",Default Arrangement,,0,"","E, G","Verse 1
[E]You bought my life with the blood that You shed on the cr[A]oss 
When You died for the sins of men and You [B]let out a cry
Crucified now alive in m[E]e

Verse 2
These hands are Yours teach them to serve as You please
And I’ll reach out desperate to see all the greatness of God
May my soul rest assured in You

Pre-Chorus
[A]   I’ll never be the s[B]ame  [A]    No I’ll never be the[B] same

Chorus
'Cause I kn[E]ow that You’re al[A]ive
You came to f[E]ix my broken[A] life
And I s[E]ing to glorif[A]y Your holy N[C#m]ame Jesus[A] Christ [E]

Verse 3
You’ve changed it all You broke down the wall
When I spoke and confessed in You I am blessed
Now I walk in the light in victorious sight of You

Bridge
[E]Your fire fall down[A/E]   fire fall down[C#m/E]   on us we pr[A/E]ay
As we [E]seek   fire fall down[A]   fire fall down[C#m]   on us we pr[A]ay

Tag
[E]Show me Your heart[A]   show me Your way[C#m]    show me Your gl[A]ory",E,,,,,,,,,,,,
12635519,Y009 - You Are Holy (Prince Of Peace),2332149,"","","January 31, 2026","",Genre: Contemporary,Mood: Adoration,Purpose: Call to Worship,"","","Themes: Commitment & Dedication, Thankfulness & Adoration",Y009 - You Are Holy (Prince Of Peace),150,0,"","D, E, F","Verse
You are h[E]oly (echo), You are m[A]ighty (echo)
You are [F#m]worthy (echo), w[B]orthy of praise (echo)
I will f[E]ollow (echo), I will l[A]isten (echo)
I will [F#m]love You (echo), [A]all of [B]my d[E]ays (echo)

Chorus
I will s[A]ing to and w[B]orship	               He is Lord of lords, He is King of kings
The [C#m]King who is [G#m]worthy		          He is mighty God, Lord of everything
I will l[A]ove and a[B]dore Him                      He's Emmanuel, He's the Great I Am
I will [C#m]bow down be[G#m]fore Him                   He's my Prince of Peace, who is the Lamb
I will s[A]ing to and w[B]orship	                He's my living God, He's my saving grace
The [C#m]King who is [G#m]worthy	 	          He's will reign forever, He is Ancient of Days
I will l[A]ove and a[B]dore Him                       He's the Alpha, Omega, Beginning and End
I will [C#m]bow down be[F#]fore Him                   He's my Savior, Messiah, Redeemer and Friend
He's my P[A]rince of Peace, and I will l[B]ive my life for [E]Him 

Tag
He’s my P[A]rince of Peace, and I will l[B]ive my life for [C#m]Him    [F#]











",E,,,,,,,,,,,,
12637796,F011 - For Who You Are,4591799,"","","April 02, 2026","",Genre: Contemporary,Mood: Declarative,Purpose: Call to Worship,"","",Themes: Thankfulness & Adoration,F011 - For Who You Are,115.2,0,"","D: Michelle, E, G","Verse
[E]   Standing here in Your presence
[A]   Thinking of the good things You have done
[E]   Waiting here patiently
[A]   Just to hear Your still small voice again

Pre-Chorus
[C#m]    Holy [B]   righteous [A]   faithful [B]‘til the end
[C#m]    Savior [B]   Healer Re[A]deemer and Friend

Chorus
I will worship [E]You for who You are
I will worship [C#m]You for who You are
I will worship [B]You for who You are Je[A]sus

Bridge
My [E]soul secure
Your [C#m]promise sure
Your [B]love endures al[A]ways",E,,,,,,,,,,,,
12637896,F012 - Forever (We Sing Hallelujah),7001228,"","","August 18, 2024","",Genre: Contemporary,Mood: Declarative,"","","","Themes: Jesus' Life, Death, & Resurrection",F012 - Forever (We Sing Hallelujah),144,0,"","A: Grace, C, D: Miesha, F: Michelle, G","Verse 1
[G]  The moon and stars the[Dadd4]y wept, the morning sun wa[Em]s dead
The Savior of the [C]world was fallen[G]
His body on the cr[Dadd4]oss, His blood poured out f[Em]or us
The weight of every [C]curse upon Hi[G]m  [D]  [Am7]  [C] [(only for verse 1)]

Verse 2
One final breath He gave, as heaven looked away
The son of God was laid in darkness
A battle in the grave, the war on death was waged
The power of hell forever broken

Pre-Chorus
[G]  The ground began to [D]shake, the stone was rolled a[Em7]way
His perfect love could [C]not be overcom[G/B]e
Now death where is your[D] sting
Our resurrecte[Em7]d King has rendered you de[C]feated

Chorus
For[Gsus]ever [G]He is g[Dadd4]lorified for[Em7]ever He is [C2]lifted high
For[Gsus]ever [G]He is [Dadd4]risen              He is al[Em7]ive, He is al[C2]ive!

Bridge
[G]   We sing hallel[Dadd4]ujah      we sing hallel[Em]ujah   [(last time 2)]
We sing hallel[C]ujah              the Lamb has ov[G]erc[(4 to chorus)]ome",G,,,,,,,,,,,,
12637952,F013 - Forever Reign,5639997,"","","December 04, 2025","",Genre: Contemporary,Mood: Declarative,"","","","Themes: Commitment & Dedication, God's Greatness, Power, Glory",F014 - Forever Reign,156,0,"","A, B, E, F: Michelle, G","Verse 1
You are [C]good You are good when there's nothing good in me
You are [G/B]love You are love on display for all to see
You are [C]light You are light when the darkness closes in
You are [G/B]hope You are hope You have covered all my sin

Verse 2
You are peace You are peace when my fear is crippling
You are true You are true even in my wandering
You are joy You are joy You're the reason that I sing
You are life You are life in You death has lost it's sting

Chorus
[C]Oh I’m running to Your [G/C]arms
I’m running to Your [Am]arms
The riches of Your [G]love will always be e[F]nough
Nothing com[Am]pares to [G]Your em[F]brace
Light of the [Am]world for[G]ever [F (C)]reign

Verse 3
You are more You are more than my words will ever say
You are Lord You are Lord all creation will proclaim
You are here You are here in Your presence I'm made whole
You are God You are God of all else I'm letting go

Bridge
[Am]   My heart will sing [F]   no other Name [C]   Jesus, [G]   Jesus [ (F) ]",C,,,,,,,,,,,,
12637986,F019 - From The Inside Out,4705176,"","","December 31, 2027","",Genre: Contemporary,Mood: Declarative,"","","","Themes: Commitment & Dedication, Surrender",Default Arrangement,69,0,"","A, B, Bb, C, G: Michelle","Verse 1
A thousand [F]times I’ve failed still Your m[C]ercy rem[G]ains
And should I [F]stumble again I’m c[C]aught in Your [G]grace
Everl[Am7]asting Your [F]light will shine when [C]all else [G]fades
Never [Am7]ending Your [F]glory goes bey[C]ond all [G]fame

Verse 2
Your will a[F]bove all else my p[C]urpose rema[G]ins
The art of [F]losing myself in br[C]inging You [G]praise
Everl[Am7]asting Your [F]light will shine when [C]all else [G]fades
Never [Am7]ending Your [F]glory goes bey[C]ond all [G]fame

Pre-Chorus
[F]In my heart and my s[C]oul Lord I give You contr[Am7]ol
Consume me from the [G]inside out Lord
[F]Let justice and [Am7]praise become my embr[G]ace
To love You from the [Dm7]inside out

Chorus
Everl[Am7]asting Your [F]light will shine when [C]all else [G]fades
Never [Am7]ending Your [F]glory goes bey[C]ond all [G]fame
And the cr[C]y of my he[F]art is to br[G]ing You [Am7]praise
From the [F]inside [G]out Lord my s[F]oul cries [G]out",C,Spanish,,0,"",A,"Verse 1
Mil veces [F]te fallé más t[C]u fuiste fi[G]el                    (I failed you a thousand times, but you were faithful)
Tu gracia [F]me levantó me b[C]asta tu a[G]mor          (Your grace lifted me up, your love is enough for me)
Dios e[Am7]terno Tu [F]luz por siempre [C]brilla[G]rá           (Eternal God, Your light will shine forever)
Y tu [Am7]gloria in[F]comparable y [C]sin fi[G]nal                   (And Your glory, incomparable and endless)


Verse 2

Señor, tu [F]voluntad perm[C]anece[G]rá                      (Lord, Your Will will remain)
En ti me [F]quiero perder en ad[C]ora[G]ción               (I want to get lost in You in worship)
Dios e[Am7]terno Tu [F]luz por siempre [C]brilla[G]rá           (Eternal God, Your light will shine forever)
Y tu [Am7]gloria in[F]comparable y [C]sin fi[G]nal                  (And Your glory, incomparable and endless)


Pre-Chorus
[F] De mi coraz[C]ón Te doy el con[Am7]trol                    (Of my heart, I give You control)
Consume todo m[G]i interior, Dios                       (Consume everything inside me, God)
[F] Justicia y a[Am7]mor me abrazan Se[G]ñor                 (Justice and love embrace me Lord)
Te amo desde  [Dm7]mi interior                                 (I love you from inside)


Chorus
Dios e[Am7]terno, Tu [F]luz por siempre [C]brilla[G]rá                 (Eternal God, Your light will shine forever)
Y tu g[Am7]loria In[F]comparable y [C]sin fi[G]nal                        (And Your glory, incomparable and endless)
El clamor[C] de mi se[F]r es conti[G]go es[Am7]tar                      (The cry of my being is to be with you)
Desde mi [F]inte[G]rior mi alma [F] clama[G]rá                       (From within, my soul will cry out)



",C,,,,,,,,
12638011,F018 - Friend Of God,3991651,"","","June 12, 2025","",Genre: Gospel,Mood: Celebratory,"","","",Themes: Thankfulness & Adoration,Default Arrangement,127,0,"","A: Michelle, C, D: Chris","Verse
[E]Who am I that You are mindful o[C#m9]f me
That You [F#m7]hear me when I c[E]all
Is it true that You are thinking [C#m9]of me
How You [F#m7]love me     It’s am[D]azing

Chorus
[E]I am a friend of God
[C#m9]I am a friend of God
[F#m7]I am a friend of God
He calls me [E]friend

Bridge
[A2]God Almighty
[E/G#]Lord of Glory
[F#m7]You have called me fr[A]iend",E,,,,,,,,,,,,
12638039,G007 - God Be Praised/Our God Reigns,5521847,"","","January 04, 2026","",Genre: Contemporary,Mood: Declarative,Purpose: Call to Worship,"","","Themes: God's Kingdom & Reign, Thankfulness & Adoration",G007 - God Be Praised/Our God Reigns,72,0,"","A, B, C, D, F: Miesha's Key, G: Michelle","Verse 1
[A]  Across the ear[E/G#]th we se[F#m]e worshipp[E/G#]ers bel[A]ieve
  Hear our s[E/G#]ong praise to our[F#m]    God praise to our[E/G#]    God

Verse 2  
From dawn to dusk we’ll be lifting up our King
Hear our song praise to our God praise to our God

Pre-Chorus
Bringing [D]honor to Your [F#m]Majes[E]ty
There’s no [D]other like the [F#m]King of all [E]kings

Chorus 1
[A]God be praised, all the glory [E/G#]to Your [F#m]awesome name
All creation rising [E]up to say we kn[D]ow our God [A]reigns

Verse 3
Our broken lives were changed when You broke the night with day
Hear our song praise to our God praise to our God

Chorus 2
God be praised all the glory to Your awesome name
Though the earth will shake and battles rage we know our God reigns

Bridge
[D]  Out of ashes You [A][E/G#]lifted [F#m]us
  To the table You [E]came and filled our c[D]ups
  Every heart and so[A]ul   all we are a[E/G#]nd more[F#m]
  Praise the [E]Lord

Tag
Our God [D]reigns     Our God [A]reigns     Our God [D-E]reigns     Our God [A]reigns",A,,,,,,,,,,,,
12638077,G006 - Go,5806706,"","","November 17, 2024","",Genre: Contemporary,Mood: Celebratory,"","","","Themes: Freedom, Surrender",G006 - Go,150,0,"","A, E, G","Verse 1
[A]In the Father there is freedom
There is hope in the Name that is Jesus
Lay your life down give it all now
We are found in the love of the Savior

Pre-Chorus
[D]  We've come a[F#m]live in You
[A]  Set free to show the truth
[D]  Our lives will [F#m]never be the s[E]ame

Chorus
We're giving it [A]all away away
We're giving it [D]all to g[F#m]o Your w[D]ay

Verse 2
We are sold out to Your calling
Everything that we are for Your glory
Take our hearts now have it all now
Let our lives shine Your light like the morning

Bridge
[Bm]  You rolled back the [A]curtains from our [E]eyes

  And now we can see You
[Bm]  You've shown us Your [A]way Your truth and [E]life
[Bm]  We offer our [A]lives to bring You f[E]ame
  We're caught in Your freedom [D]

  We're caught in Your freedom",A,,,,,,,,,,,,
12638582,G003 - Give Us Clean Hands,2060208,"","","January 30, 2026","",Genre: Contemporary,Mood: Desperation & Dependence,"","","",Themes: Repentance,Default Arrangement,,0,"","E: Michelle, G","Verse 1
[G]  We bow our hearts,[D]   we bend our knees
[C2]  Oh Spirit come make us h[G]umble    [Gsus]
[G]  We turn our eyes[D]   from evil things
[C2]  Oh Lord we cast down our idols

Chorus
Give us clean h[G]ands   give us pure h[D]earts
Let us n[Em]ot lift our s[D]ouls to an[G]other 

Bridge
Oh God let us be[G]   a generation that s[D]eeks
That seeks Your f[Em]ace, oh G[D]od of J[G]acob",G,,,,,,,,,,,,
12638599,F014 - Found In You,7005969,"","","January 24, 2025","",Genre: Contemporary,Mood: Celebratory,Purpose: Call to Worship,"","",Themes: God's Presence & Intimacy,F014 - Found In You,118,0,"","A, Bb, G: Michelle","Intro
[F    C    Am    G ]

Verse 1
We're reaching o[F]ut to w[Am7]elcome You God[G]
Fill this pl[F]ace a[Am7]gain with Your song[G]
Flood our tho[F]ughts with [Am7]wonder and awe[G]
Give us a [F]greater glimpse of a [Am7]never changing G[G]od

Chorus
'Til [C]all we want and [F]all we need
Is [Am7]found in You    [G]found in You
[C]Jesus every [F]victory
Is [Am7]found in You    [G]found in You

Verse 2
Open wide our hearts now to Yours
Every fear bowed down to Your love
That we would see like never before
Give us a greater glimpse of a never-changing God

Bridge
[F]In Your presence [Am7]there is freedo[G]m
[F]In Your presence [Am7]we are made who[G]le",C,,,,,,,,,,,,
12638729,F016 - Freedom Reigns,2609353,"","","October 09, 2025","",Genre: Contemporary,Mood: Desperation & Dependence,"","","","Themes: Freedom, Holy Spirit",F016 - Freedom Reigns,133,0,"","A, E: Michelle","Verse
Where the [A]Spirit of the Lord is there is [F#m]freedom
Where the [E]Spirit of the Lord is there is [D]freedom
If you are [A]tired and you are thirsty there is [F#m]freedom
If you are [E]tired and you are thirsty there is [D]freedom

Chorus
[A]Freedom reigns in this place
[F#m]Showers of mercy and grace
[E]Falling on every face
There is [D]freedom

[A]Jesus reigns in this place
[F#m]Showers of mercy and grace
[E]Falling on every face
There is [D]freedom",A,,,,,,,,,,,,
12638742,G002 - Give Thanks,20285,"","","December 28, 2018","",Genre: Contemporary,Mood: Adoration,Purpose: Offering,"","",Themes: Thankfulness & Adoration,G002 - Give Thanks,88,0,"","E, G","Verse
Give [E]thanks with a [B]grateful heart
Give [C#m]thanks to the [G#m]Holy One
Give [A]thanks because He’s [E/G#]given
Jesus [D]Christ, His [B]Son

Chorus
And [G#m]now, let the [C#m]weak say, “I am [F#m]strong”
Let the [B]poor say, ""I am [E]rich""
Because of [C#m]what the Lord has [D]done for [B]us
Give [E]thanks",E,,,,,,,,,,,,
12677737,A007 - Alive in You,7054536,"","","February 04, 2022","",Genre: Contemporary,Mood: Declarative,"","","",Themes: Commitment & Dedication,A007 - Alive in You,154,0,"","A, E, F, G: Michelle","Intro
[G Am Em C] 

Verse 1
[C]From be[G]ginning to [Am]the [Em]end
[C]All my [G]life is in [Am]Your [Em]hands
[C]This whole [G]world may hold [Am]me [Em]down
But [C]it can [G]never drown [Am]You [Em]out

Pre-Chorus
I'm not [C]merely flesh and [D]bone
I was [Em]made for something [D]more

Chorus
You are [C2]God, You're the [G]Great I Am
[D]Breath of life I [Em]breathe You in
[C2]Even in the [G]fire I'm a[Em]live in [D]You
You are [C2]strong in my [G]brokenness
[D]Sovereign over [Em]every step
[C2]Even in the [G]fire, I'm a[Em]live
I'm a[D]live in [G]You

Verse 2
Through the dark I hear Your voice
Rising up I will rejoice
For I was lost but now I'm found
Cause even death can't hold You down

COLUMN_BREAK
Bridge
[C]    It's no longer [D]I who [Em]live
But Christ who [Am]lives with[G]in me
Christ who [Am]lives with[G]in me
[C]    From beginning [D]to the [Em]end
You de[Am]serve the [G]glory
You de[Am]serve the [G]glory

Bridge (end)
You deserve the [D]glory
",G,,,,,,,,,,,,
12677763,Y001 - Yes And Amen,7048885,"","","December 31, 2027","",Genre: Contemporary,Mood: Declarative,"","","",Themes: God's Faithfulness,Y001 - Yes And Amen,144.04,0,"","A: Grace, C, F, G","Intro
[A Bm G D]

Verse 1
[A]Father of [Bm]kindness
You have [Bm]poured [A/C#]out [D]grace
You [G]brought me out of [D]darkness
You have [Bm]filled me with [A]peace
[A]Giver of [Bm]mercy
You're my [Bm]help [A/C#]in [D]time [D/F#]of [G]need
Lord [G]I can’t [A]help but [D]sing

Chorus
[A]Faith[Bm]ful, You [G]are [D]
[A]Faith[Bm]ful, for[G]ever, You will [D]be
[A]Faith[Bm]ful, You [G]are [D]
[A]All Your [Bm]promises are [G]yes and amen [D]
[A]All Your [Bm]promises are [G]yes and amen [D]

COLUMN_BREAK
Verse 2
Beautiful Saviour
You have brought me here
You pulled me from the ashes
You have broken every curse
Blessed Redeemer
You have set this captive free
Lord I can’t help but sing

Bridge
I will [A]rest [Bm]
In Your [G]promi[D]ses
My confi[A]dence [Bm]
Is Your [G]faithful[D]ness",D,,,,,,,,,,,,
12677803,G004 - Glorious,6231507,"","","August 17, 2025","",Genre: Gospel,Mood: Celebratory,"","","","Themes: God's Greatness, Power, Glory",With Tag,147,0,"","D, F, G","Intro 
[A]

Chorus
[A]Glo[E]rious[F#m]   [D]   shout it out and
[A]Glo[E]rious[F#m]   [D]   make it louder
[A]  Jesus we [E]shout Your name  [F#m]    Jesus we m[D]ake Your praise
[A]Glo[E]rious [D]   You are glorious

Instrumental 1
[D D F#m F#m D D A E]

Verse
[D]   My G[A]od You re[Esus]ign    for[F#m]ever and ever
[D]   How gre[A]at Your n[Esus]ame
[D]   Your l[A]ove rema[Esus]ins   for[F#m]ever and ever
[D]   You st[A]ay the s[E]ame

Pre-chorus
Shout it [D]out shout it out if you kn[A]ow He's good
Sing it [E]out sing it out for the L[F#m]ord is good
[D]   Shout it out l[A]oud   You are glo[E]rious

Instrumental 2
[Dmaj9 C#7 F#m D]

Bridge
Sh[A]ine Jesus You sh[C#7]ine for all the w[F#m]orld to see You are glo[D]rious (3x)
(You are glorious)

Tag
[D]Oh oh [F#m]oh oh [D]oh oh God You are glo[A]rious [E]
[D]Oh oh [F#m]oh oh [D]oh oh God You are glorious [E/D]",A,Without Tag,146,0,"","E, F, G","Intro 
A

Chorus
[A]Glo[E]rious[F#m]   [D]   shout it out and
[A]Glo[E]rious[F#m]   [D]   make it louder
[A]  Jesus we [E]shout Your name  [F#m]    Jesus we m[D]ake Your praise
[A]Glo[E]rious [D]   You are glorious

Instrumental 1
D D F#m F#m D D A E

Verse
[D]   My G[A]od You re[Esus]ign    for[F#m]ever and ever
[D]   How gre[A]at Your n[Esus]ame
[D]   Your l[A]ove rema[Esus]ins   for[F#m]ever and ever
[D]   You st[A]ay the s[E]ame

Pre-chorus
Shout it [D]out shout it out if you kn[A]ow He's good
Sing it [E]out sing it out for the L[F#m]ord is good
[D]   Shout it out l[A]oud   You are glo[E]rious

Instrumental 2
Dmaj9 C#7 F#m D

Bridge
Sh[A]ine Jesus You sh[C#7]ine for all the w[F#m]orld to see You are glo[D]rious (3x)
(You are glorious)

Tag
[D]Oh oh [F#m]oh oh [D]oh oh God You are glo[A]rious [E]
[D]Oh oh [F#m]oh oh [D]oh oh God You are glorious [E/D]",A,,,,,,,,
12866902,T016 - This We Know,7060709,"","","March 01, 2026","",Genre: Contemporary,Mood: Declarative,"","","",Themes: Hope,T023 - This We Know,146.45,0,"","A: Chris, B, E, F, G","Verse 1
You [B]are who You say You are
You’ll [G#m]do what You say You’ll do
You’ll [E]be who You’ve always been to [F#]us
Jes[B]us

Verse 2
Our hope is in You alone
Our strength in Your mighty name
Our peace in the darkest day remains
Jesus

Chorus
This we [B]know we will see the [F#]enemy r[G#m]un
This we [E]know we will see the [G#m]victory co[F#]me
We hold [B]on to every promise [F#]You've ever m[G#m]ade
Jesus, [E]You are un[F#]failing [B] [(G#m)]

Verse 3
Our Guide through the wilderness
Our Joy in the heaviness
Our Way when it seems there is no way
Jesus

Bridge
We tr[G#m]ust You
We tr[E]ust You
Your w[B]ays are higher than our o[F#]wn
",B,,,,,,,,,,,,
12874373,J002 - Jesus I Come,7011437,"",Job 11:17 - All song resources provided courtesy of Essential Worship – for more worship resources visit EssentialWorship.com,"March 29, 2026","",Genre: Contemporary,Mood: Adoration,"","","","Themes: God's Love & as Father, Thankfulness & Adoration, Repentance",J002 - Jesus I Come,70,0,"","A, B: Chris' Key, C, D: Default Key, F: Michelle's Key","Intro:  
[G]   [Bm]  [D/F#]  [A]

Verse 1
Oh how I n[G]eed Your grace [D]
More than my w[G]ords can say [D]
Jesus I c[Bm]ome, Jesus I c[G]ome
In all my w[G]eakness[D]es
You are my c[G]onfide[D]nce
Jesus I c[Bm]ome Jesus I c[G]ome

Chorus
I will r[G]ise stand red[Bm]eemed
Heaven o[D/F#]pen over m[A]e
To Your n[G]ame eternall[Bm]y
Endless g[D/F#]lory I will b[A]ring

COLUMN_BREAK
Verse 2
Oh what am[G]azing l[D]ove
We need Your cl[G]eansing fl[D]ood
Jesus I c[Bm]ome Jesus I c[G]ome
In every b[G]roken pl[D]ace
You are my r[G]ighteousn[D]ess
Jesus I c[Bm]ome Jesus I c[G]ome

Instrumental
[D]  [A]  [Em]  [Bm]  [G]  [D]

Bridge
T[D]hank Y[A]ou  [Em]Jesu[Bm]s
J[G]ust as I am I c[D]ome
[D]Ha[A]lle -[Em] luja[Bm]h
O[G]h what am[A]azing l[D]ove",D,,,,,,,,,,,,
12890852,H008 - Here As In Heaven,7051506,"",All song resources provided courtesy of Essential Worship – for more worship resources visit EssentialWorship.com,"June 11, 2023","",Genre: Contemporary,Mood: Desperation & Dependence,"","","","Themes: God's Kingdom & Reign, God's Presence & Intimacy",H008 - Here As In Heaven,139,0,"","A, Bb: Chris' Key, D: Original Key, G: Michelle","Intro
[G D]

Verse 1
[G] The atmosphere is cha[D]nging [A]now
[G] For the Spirit of the [D]Lord is [A]here
[G] The evidence is [D]all aro[A]und
[G/B] That the Spirit of the [D]Lord is [A]here

Chorus
[G] Overflow in this place
Fill our hearts with [A]Your lo[Bm]ve
Your love, surro[A]unds us
[G] You’re the reason we came
To encounter [A]Your lo[Bm]ve
Your love, surro[A]unds us

COLUMN_BREAK
Bridge
[G] Spirit of God fall fresh o[A]n [Bm]us
We need your pre[A]sence
[G] Your kingdom come
Your will b[A]e [Bm]done
Here as in he[A]aven

Instrumental
[G Em Bm A]

Verse 2
A miracle can happen now
For the Spirit of the Lord is here
The evidence is all around
That the Spirit of the Lord is here",D,,,,,,,,,,,,
13044814,H002 - Hear Us From Heaven,4455392,"","","March 10, 2025","",Genre: Contemporary,Mood: Desperation & Dependence,"","","","Themes: Church & Unity, God's Kingdom & Reign",Hear Us From Heaven,144,0,"",G,"Verse 1
[Em]Lord h[C]ear our [D/F#]cry   [C/E] 
[Em]Come h[C]eal our [D/F#]land  [C/E]
[Em]Breathe [C]life into [D/F#]these dry and t[C/E]hirsty [G/B]soul[C]s  [D] 
[Em]Lord h[C]ear our [D/F#]prayer [C/E]
[Em]For[C]give our [D/F#]sin   [C/E]
[Em]And as we [C]call on Your [D/F#]name 
Would You [C/E]make this a [G/B]place for Your [C]glory to [D]dwell

Chorus
Open the bl[G]ind eyes, Unlock the [D/F#]deaf ears
Come to Your p[Am]eople, As we draw [C]near
Hear us from [G]heaven, Touch our [D/F#]generation
We are Your p[Am]eople, Crying out in d[C]esperation

Bridge
Hear us from h[G]eaven, Hear us from [D/F#]heaven, Hear us from h[Am]eaven    [C]
",G,,,,,,,,,,,,
13116935,X008 - Noel,7050419,"","","December 17, 2017","","",Mood: Reflection & Prayer,"","","",Themes: Christmas,X008 - Noel,138,0,"","C#, Db","Verse 1
[Bbm]Love incarnate, love divine
[Bbm]Star and angels gave the sign
[Bbm]Bow to babe on bended knee
The [Bbm]Savior of humanity
[Gbmaj7]Unto us a Child is born
[Ebm7]He shall reign forevermore

Chorus
No[Db]el, No[Bbm7]el, [Gb2]come and see what God has [Db]done
No[Db]el, No[Bbm]el, the [Gb2]story of amazing [Db]love
The light of the [Ab]world, given for [Ebm7]us, No[Gb2]el

Verse 2
[Bbm]Son of God and Son of man
[Bbm]There before the world began
[Bbm]Born to suffer, born to save
[Bbm]Born to raise us from the [Ab/C // Db // Db/F]grave
[Gbmaj7]Christ the everlasting Lord [Db/F]
[Ebm7]He shall reign forevermore 

Interlude
[|Bbm // | Db // | Gb // | Gb // | x2]",Db,,,,,,,,,,,,
13146495,X004 - Hark The Herald Angels Sing,7030528,"","","December 24, 2023","","",Mood: Declarative,"","","",Themes: Christmas,Classic Arrangement,100,0,"","Ab, C, D, F: F, G","Verse 1
[D]Hark the [A/C#]herald [Bm]angels [A/C#]sing
[D]Glory [A/C#]to the [Bm]new born [A/C#]King
[D]Peace on [A/C#]earth and [Bm]mercy [A/C#]mild
[A]God and sinners [A]reconciled
[D]Joyful, [G]all ye nations [A]rise
[D]Join the triumph [G]of the [A]skies
[G]With angelic [Em]host proclaim
[A]Christ is [Bm]born in [Bm]Beth[A/C#]le[D]hem
[G]Hark the herald [Em]angels sing
[A]Glory [Bm]to the [Bm]new[A/C#]born [D]King

Verse 2
Christ by highest heaven adored 
Christ the everlasting Lord
Late in time behold Him come
Offspring of a Virgin's womb
Veiled in flesh the Godhead see
Hail the incarnate Deity
Pleased as man with man to dwell
Jesus, our Emmanuel
Hark the herald angels sing
Glory to the newborn King

COLUMN_BREAK
Verse 3
Hail the heaven born Prince of Peace
Hail the Son of Righteousness
Light and life to all He brings
Risen with healing in His wings
Mild He lays His glory by
Born that man no more may die
Born to raise the sons of earth
Born to give them second birth
Hark the herald angels sing
Glory to the newborn King",D,Saddleback Church,106,0,"","C, G","Intro
Rhythm: ([C/E]<b>1</b> + 2 [F]<b>+</b> 3 + 4 +)
        ([G]<b>1</b> + 2 [C]<b>+</b> 3 + 4 +)

Verse 1
[C]Hark the herald angels sing
[C/E]Glory[F] to the [G]newborn[C] King
[C]Peace on earth and mercy mild
[Gsus]God and sinners [G]reconciled
[C/E]Joyful[F], all ye [Am]nations[G] rise
[C/E]Join the[F] triumph [Am]of the[G] skies
[F]With angelic [Dm]host proclaim
[G/B]Christ is [F]born in [G]Bethle[C]hem
[F]Hark the herald [Dm]angels sing
[G/B]Glory [C]to the [G]newborn [C]King

Intro

Verse 2
Christ by highest heaven adored 
Christ the everlasting Lord
Late in time behold Him come
Offspring of a Virgin's womb
Veiled in flesh the Godhead see
Hail the incarnate Deity
Pleased as man with man to dwell
Jesus, our Emmanuel
Hark the herald angels sing
Glory to the newborn King

COLUMN_BREAK
Verse 3
Hail the heaven born Prince of Peace
Hail the Son of Righteousness
Light and life to all He brings
Risen with healing in His wings
Mild He lays His glory by
Born that man no more may die
Born to raise the sons of earth
Born to give them second birth
Hark the herald angels sing
Glory to the newborn King",C,Shane & Shane (default),123.31,0,"","C, F","Verse 1
[C]Hark the herald angels sing
[C/E]Glory [F]to the [G]newborn [C]King
[C]Peace on earth and mercy mild
[Gsus]God and sinners [G]reconciled
[C/E]Joyful, [F]all ye [Am]nations [G]rise
[C/E]Join the [F]triumph [Am]of the [G]skies
[F]With angelic [Dm]host proclaim
[G/B]Christ [C]is [F]born in [G]Bethle[C]hem
[F]Hark the herald [Dm]angels sing
[G/B]Glo[C]ry [F/A]to the newborn [C/E]King  [F] [G]

<b>Turn:</b> | <b>[C/E]</b> / <b>[F]</b> / |<b>[G]</b> / / /|

Verse 2
Christ by highest heaven adored 
Christ the everlasting Lord
Late in time behold Him come
Offspring of a Virgin's womb
Veiled in flesh the Godhead see
Hail the incarnate Deity
Pleased as man with man to dwell
Jesus, our Emmanuel
Hark the herald angels sing
Glory to the newborn King

COLUMN_BREAK
Verse 3
Hail the heaven born Prince of Peace
Hail the Son of Righteousness
Light and life to all He brings
Risen with healing in His wings
Mild He lays His glory by
Born that man no more may die
Born to raise the sons of earth
Born to give them second birth
Hark the herald angels sing
Glory to the newborn King",C,,,,
13191635,X012 - O Little Town of Bethlehem,,"","","December 18, 2016","","",Mood: Reflection & Prayer,"","","",Themes: Christmas,X012 - O Little Town of Bethlehem,116,0,"",D,"Verse 1
O [D]little town of [G]Bethlehem, how [D]still we [A]see thee [D]lie
Above thy deep and [G]dreamless sleep, the [D]silent [A]stars go [D]by
Yet [Bm]in thy dark streets [A]shineth the [G]everlasting [F#]Light
The [D]hopes and fears of [G]all the years are [D]met in [A]thee to[D]night

Verse 2
For [D]Christ is born of [G]Mary and [D]gathered [A]all a[D]bove
While mortals sleep the [G]angels keep their [D]watch of [A]wond'ring [D]love
O [Bm]morning stars to[A]gether pro[G]claim the holy [F#]birth
And [D]praises sing to [G]God the King and [D]peace to [A]men on [D]earth

Verse 3
How [D]silently, how [G]silently the [D]wondrous [A]gift is [D]giv'n
So God imparts to [G]human hearts the [D]blessings [A]of his [D]heav'n
No [Bm]ear may hear his [A]coming but [G]in this world of [F#]sin
Where [D]meek souls will re[G]ceive him still, the [D]dear Christ [A]enters [D]in

Verse 4
O [D]holy Child of [G]Bethlehem, de[D]scend to [A]us, we [D]pray
Cast out our sin, and [G]enter in, be [D]born in [A]us to[D]day
We [Bm]hear the Christmas [A]angels the [G]great glad tidings [F#]tell
O [D]come to us, a[G]bide with us, our [D]Lord Em[A]manu[D]el",D,,,,,,,,,,,,
13285034,M012 - More And More,6231569,"","","January 23, 2026","",Genre: Gospel,Mood: Declarative,"","","","Themes: God's Faithfulness, God's Presence & Intimacy",M013 - More And More,160,0,"","C, D: Chris, E, F: Miesha, F#, G","Verse 1
[C]All we w[G]ant and a[D]ll we need is fo[Am]und in Jesus
And a[C]ll we [G]ask is more of Y[D]ou
N[C]othing e[G]lse can s[D]atisfy our h[Am]eart’s desire
A[C]ll we [G]want is more of Y[D]ou

Chorus
For the [C]Lord is good and His [G/B]love endures
Yes the [Am]Lord is [G]good for[D]ever
And I’ll [C]shout it out from the [G/B]mountain[Em]tops
Yes the [Am]Lord is [G]good for[D]ever

Interlude
[C G D Am]

Bridge
[C]We want You, more and mo[G/B]re
We want You, more and m[C]ore
We [(Em)] want [(G)]You, [(C)] more and m[G]ore
More and [D]more",G,,,,,,,,,,,,
13287783,I023 - In God We Trust,7037224,"","","August 12, 2025","",Genre: Contemporary,Mood: Declarative,"","","","Themes: God's Faithfulness, God's Kingdom & Reign",I023 - In God We Trust,161,0,"","A, B: Chris, C, D","Intro 
[G D A Bm]

Verse 1
Overw[Gmaj7]helmed but I won’t break
Through the [D]battle I will say
Your gr[A]ace will be enough
Your gr[Bm]ace will be enough

Under [Gmaj7]fire but we won’t fall
We will n[D]ever be alone
You’ll [A]always be enough
You’ll [Bm]always be e[A]nough

Chorus
Now in [G]God we trust
In His [D]Name we hope
I kn[A]ow God will not be [Bm]shaken[A]
God is [G]here with us
He’s al[D]ready won
I kn[A]ow God will not be [Bm]shaken[A]

COLUMN_BREAK
Verse 2
We will [Gmaj7]follow where You go
We will [D]trust through the unknown
I kn[A]ow You go before
I kn[Bm]ow You go before

Lead my [Gmaj7]heart now in Your ways
For we’re [D]carrying Your Name
Your pr[A]omise never fails
Your pr[Bm]omise never [A]fails

Interlude
[G D A Bm]

Bridge
[D]  You’ll finish what You’ve begun
[F#m]  Forever strong in Your love[Bm]
  Your [A]Name is sure
[D]  And You will fight for us
[F#m]  Our hope forever sec[Bm]ure
  In Y[A]ou alone",D,,,,,,,,,,,,
13320614,W009- What A Beautiful Name,7068424,"","","December 29, 2027","",Genre: Contemporary,Mood: Declarative,"","","","Themes: Jesus' Life, Death, & Resurrection, Thankfulness & Adoration",Spanish,,0,"",A,"Verse 1
[D] Tú fuiste el verbo en el principio   (You were the Word in the beginning)
Uni[G]génit[Bm]o de Di[A]os                      (Only begotten of God)
[Bm] El misterio [A/C#]de tu [D]gloria            (The mystery of your glory)
Reve[G]lado en [Bm]tu a[A]mor              (Revealed in your love)

Chorus 1
Cuán hermoso su nombre [D]es          (How beautiful his name is)
Cuán hermoso su nombre [A]es         (How beautiful his name is)
El nombre de[Bm] Jesús[A], mi [G]Rey         (The name of Jesus, my King)
Cuán hermoso su nombre [D/F#]es       (How beautiful his name is)
Nada se iguala a [A]Él                     (Nothing equals Him)
Cuán hermoso su nombre [Bm]es       (How beautiful his name is)
No ha[A]y otro [G]nombre                    (There is no other name)

Verse 2
[D] Dejaste el cielo por salvarme       (You left heaven to save me)
Me vin[G]iste a [Bm]resca[A]tar                   (You came to rescue me)
[Bm] Mi transgresión Tú [A/C#]perdo[D]naste   (My transgression You forgave)
Nada [G]nos se[Bm]para[A]rá                    (Nothing will separate us)

Chorus 2
Majestuoso su nombre [D]es         (Majestic is His Name)
Majestuoso su nombre [A]es         (Majestic is His Name)
El nombre de[Bm] Jesús[A], mi [G]Rey       (The name of Jesus, my King)
Majestuoso su nombre [D/F#]es         (Majestic is His Name)
Nada se iguala a [A]Él                    (Nothing equals Him)
Majestuoso su nombre [Bm]es         (Majestic is His Name)            [Interlude]
No [A]hay otro [G]nombre                 (There is no other name)          [G | A | Bm | F#m (2x)]                
Majestuoso su nombre [Bm]es        (Majestic is His Name)             [G | A | Bm | A]   
No [A]hay otro [G]nombre                 (There is no other name)


Bridge
La muerte venc[G]iste               (You conquered death)
El velo part[A]iste                    (You parted the veil)
La tumba va[Bm7]cía ahora est[F#m7]á         (The tomb is now empty)
Los cielos decl[G]aran                 (The heavens declare)
Tu gloria procl[A]aman                (Your glory they proclaim)
Resucita[Bm7]ste en majestad[A]        (You rose in majesty)


Iniguala[G]ble                                  (Unmatched)
Incompar[A]able                             (Incomparable)
Hoy y por sie[Bm7]mpre reinar[F#m7]ás     (Today and forever you will reign)
Tuyo es el [G]reino                      (Yours is the Kingdom)
Tuya es la [A]gloria                     (Yours is the Glory)
Tuyo el poder[Bm7] y autori[A] dad      (Yours the power and authority)




Chorus 3
Poderoso su nombre [D]es      (His name is powerful)
Poderoso su nombre [A]es        (His name is powerful)
El nombre de[Bm] Jesús[A], mi [G]Rey       (The name of Jesus, my King)
Poderoso su nombre [D/F#]es        (His name is powerful)
Incomparable es [A]Él          (He is incomparable)
Poderoso su nombre [Bm]es       (His name is powerful)
No [A]hay otro [G]nombre                 (There is no other name)          



",D,W009 - What A Beautiful Name,136,0,"","C, D: Grace, E: Grace, G, G","Verse 1
[D]You were the Word at the beginning
One with [G]God the [Bm]Lord Most [A]High
[Bm]Your hidden glory [A/C#]in cre[D]ation
Now re[G]vealed in [Bm]You our [A]Christ

Chorus 1
What a beautiful Name it [D]is
What a beautiful Name it [A]is 
The Name of J[Bm]esus C[A]hrist my K[G]ing

What a beautiful Name it [D/F#]is
Nothing compares to [A]this
What a beautiful Name it [Bm]is 
The N[A]ame of J[G]esus

Verse 2
You didn’t want heaven without us
So Jesus You brought heaven down
My sin was great Your love was greater
What could separate us now?

Chorus 2
What a wonderful Name it is
What a wonderful Name it is
The Name of Jesus Christ my King

What a wonderful Name it is
Nothing compares to this
What a wonderful Name it is
The Name of Jesus
What a wonderful Name it is
The Name of Jesus

Interlude
[G | A | Bm | F#m (2x)]
[G | A | Bm | A]
 
Bridge
Death could not h[G]old You
The veil tore bef[A]ore You 
You silence the b[Bm7]oast of sin and g[F#m7]rave
The heavens are r[G]oaring
The praise of Your g[A]lory
For You are r[Bm7]aised to life a[A]gain

You have no rival
You have no equal 
Now and forever God You reign
Yours is the kingdom
Yours is the glory
Yours is the Name above all Names

Chorus 3
What a powerful Name it is
What a powerful Name it is
The Name of Jesus Christ my King

What a powerful Name it is
Nothing can stand against
What a powerful Name it is
The Name of Jesus

Tag
What a powerful Name it [Bm]is
The N[A]ame of J[G]esus 
What a powerful Name it is
The Name of Jesus",D,,,,,,,,
13465564,S022 - Spirit Of The Living God,7035191,"",2 Corinthians 4:14 / 2 Corinthians 3:17-18  - All song resources provided courtesy of Essential Worship – for more worship resources visit EssentialWorship.com,"September 18, 2025","",Genre: Contemporary,Mood: Desperation & Dependence,"","","","Themes: God's Presence & Intimacy, Holy Spirit",S022 - Spirit Of The Living God,67,0,"","C, D: Michelle's Key, E: Chris' Key","VERSE 1
[D] Spirit of the living God [G]
Spirit of the living G[Bm]od
We only want to hear Your vo[G]ice

We're hanging on every word

[D] Spirit of the living God [G]
Spirit of the living G[Bm]od
We want to know you more and mo[G]re

We're hanging on every word

CHORUS
[D] 'Cause when You speak, when You mo[G]ve

When You do what only You can do
[Bm] It changes us
It changes wh[G]at we see and what we se[D]ek
When You come in the ro[G]om

When You do what only You can do
[Bm] It changes us
It changes wh[G]at we see
And what we se[D]ek [G] [Bm] [G]

COLUMN_BREAK

VERSE 2
Spirit of the living God
Spirit of the living God
We're leaning in to all you are
Everything else can wait

Spirit of the living God
Spirit of the living God
Come now and breathe upon our hearts
Come now and have your way

BRIDGE
When You [G]move, You [Bm]move all our [A]fears
When You move, You move us to tears
When You move, You move all our fears
When You move, You move us to tears

When You [G]fall, We [Bm]fall on our [A]knees
When You fall, We fall at Your feet
When You fall, We fall on our knees
When You fall, We fall at Your feet",D,,,,,,,,,,,,
13717505,G019 - Grace To Grace,7057218,"","","October 17, 2025","",Genre: Contemporary,Mood: Declarative,"","","","Themes: Jesus' Life, Death, & Resurrection, Our Testimony & Redemption",G019 - Grace To Grace,121,0,Psalm 107:10-14; 2 Corinthians 3:17,"D, E: Michelle, F: F","Intro
[F // C | Dm // Bb]

Verse 1
[F]If love endured that [C]ancient [Dm]cross [Bb]
[F]How precious is my [C]Sav[Dm]ior’s blood [Bb]
[F]The beauty of heaven [C]wrapped in [Dm]my shame[Bb]
[F]The image of love u[C]pon death’s [Dm]frame

Pre-Chorus 1
[Bb]If having my heart was w[Dm]orth t[C]he pain
[Bb]What joy could You see bey[Dm]ond [C]the gra[Am]ve
[Bb]If love found my soul worth [Dm]dying [C]for

Chorus 1
How [F]wonderful, how [C]glor[Dm]ious
My [Bb]Savior’s [F]scars [C]vic[Dm]torious
My [Am]chains are [Bb]gone, my [C]debt is [Dm]paid
From [Bb]death [F]to life and grace to[C] grace

Interlude
[F // C | Dm // Bb]

COLUMN_BREAK

Verse 2
[F]If heaven now owns that [C]vacant [Dm]tomb [Bb]
[F]How great is the hope that [C]lives [Dm]in You [Bb]
[F]The passion that tore through [C]hell like [Dm]a rose[Bb]
[F]The promise that rolled back [C]death and its [Dm]stone

Pre-Chorus 2
[Bb]If freedom is worth the [Dm]life [C]You raised
[Bb]Oh where is my sin, where [Dm]is[C] my shame?[Am]
[Bb]If love paid it all to [Dm]have [C]my heart

Chorus 2
How [F]wonderful, how [C]glor[Dm]ious
My [Bb]Savior’s [F]scars [C]vic[Dm]torious
My [Am]chains are [Bb]gone, my [C]debt is [Dm]paid
From [Bb]death [F]to life and grace to[C] grace [F]

Bridge
[Bb]When I see that cross, I see fr[C]eedom
[Dm]When I see that grave, I’ll see J[Bb]esus
[F]And from death to life, I will sing Your [C]praise

In the wonder of Your grace

Tag
[Bb]How my soul will [C]sing Your [Dm]praise
In the wonder of [Bb]Your [F]grace
How my soul will sing Your [C]praise",F,,,,,,,,,,,,
13745876,P005 - Praise The King,7032344,"","","February 27, 2025","",Genre: Contemporary,Mood: Declarative,"","","","Themes: Freedom, Jesus' Life, Death, & Resurrection",P005 - Praise The King,154,0,"","A: Chris, Bb, C: Edwin, D, E, F: Michelle, G","Verse 1                                                             
There’s a [F]reason why the curse of sin is [C]broken[G]
There’s a [F]reason why the darkness runs from [C]light[G]
There’s a [F]reason why we stand here now for[Am]given
[G]Jesus is a[C]live

Verse 2
There’s a reason why we are not overtaken
There’s a reason why we sing on through the night
There’s a reason why our hope remains eternal
Jesus is alive

Chorus
[F]  Praise the [C]King, [G]He is [Am]risen
[F]  Praise the [C]King, He’s [G]alive
[F]  Praise the [C]King, [G]death's de[Am]feated
[F]  Halle[C]lujah He’s a[G]live [Am]
[F]  Halle[C]lujah He’s a[G]live

Verse 3
There’s a reason why our hearts can be courageous
There’s a reason why the dead are made alive
There’s a reason why we share His resurrection
Jesus is alive

Bridge 
The [F]grave could not ig[C]nore it
When [G]all of heaven’s [Am]roaring
[F]Hell where is your [C]victory
[Am]Death where is you[G]r sting

The [F]world could not ig[C]nore it
When [G]all the saints are [Am]roaring
[F]Hell where is your [C]victory
[Am]Death where is you[G]r sting",Bb,,,,,,,,,,,,
13827126,D003 - Do It Again,7067555,"","","December 31, 2027","",Genre: Contemporary,Mood: Desperation & Dependence,"","","","Themes: God's Faithfulness, Trust",D003 - Do It Again,90,0,"","B: Miesha, Bb, C: Michelle, D, F, G: Chris","INTRO
[Eb – Bb/D] 

VERSE 1
[Eb] Walking around these walls
[Bb/D]  I thought by now they’d fall
[Eb6]  But you have never failed me yet [Bb]
[Eb]  Waiting for change to come
[Bb/D]  Knowing the battle’s won
[Eb6]  For You have never failed me yet [Bb]

CHORUS
[Eb/G] Your promise still st[F/A]ands
 Great is Your fai[Bb]thfulness
[Eb]Faithfulness
[Eb/G] I’m still in Your ha[F/A]nds
 This is my c[Bb]onfidence
 You've n[Eb]ever failed me [Bb/D]yet [Eb]

[Bb/D – Eb]

VERSE 2
I know the night won’t last
Your word will come to pass
My heart will sing your praise again
Jesus You’re still enough
Keep me within Your love
My heart will sing Your praise again

COLUMN_BREAK

[Bb/D – Eb]

INSTRUMENTAL
[Bb/D – Eb – Bb/D – Eb]
[F/A – Bb – F/A – Bb – Bb/D]

BRIDGE
[Eb] I've seen You move  [Bb/D]  [Eb]
You move the moun[F/A]tains [Bb]
And I believe   [F/A]  [Bb]
I'll see You do [Bb/D]it again [Eb]
You made a way  [Bb/D]  [Eb]
Where there was no [F/A]way [Bb]
And I believe  [F/A]  [Bb]
I'll see You do [Bb/D]it again [Eb]

TAG
[Bb/D Eb]

I'll see You do i[F/A]t a[Bb]gain [F/A] [Bb]

[Bb/D Eb Bb/D Eb]
[F/A Bb F/A Bb]

OUTRO
You’ve [Eb]never failed me [Bb/D]yet
I [Eb]never will forge[Bb/D]t
You've [Eb]never failed me [Bb/D]yet
I [Eb]never will forge[Bb/D      Eb]t
 ",Bb,,,,,,,,,,,,
13836105,B021 - Build My Life,7070345,"","","December 27, 2027","",Genre: Contemporary,Mood: Declarative,"","","","Themes: Commitment & Dedication, God's Greatness, Power, Glory",B021 - Build My Life,140,0,"","C: Michelle, D, E: Chris, F, G","Intro
[G /// | C/G /// | G/B /// | C/G ///]

Verse 1
[G]   Worthy of every so[C/G]ng we could ever sing
[G/B]   Worthy of all the pr[C/G]aise we could ever bring
[G]   Worthy of every br[C/G]eath we could ever breathe
We live for Yo[G/B]u     [C/G]

Verse 2
[G]     Jesus, the Name abo[C/G]ve every other name
[G/B]     Jesus, the only On[C/G]e who could ever save
[G]     Worthy of every br[C/G]eath we could ever breathe
We live for Yo[G/B]u      Oh, we live for Yo[C/G]u

Chorus
[Cmaj9]Holy, there is no one [Am7]like You
There is none be[G]side You
Open up my [Em7]eyes in wonder
[Cmaj9]Show me who You are and [Am7]fill me
With Your heart and [G]lead me 
In Your love to [Em7]those around me     [Cmaj9]

Interlude
[Cmaj9 /// | Dsus /// | Em7 /// | G/B /// ]

Bridge
[Cmaj9]I will build my [Dsus]life upon Your [Em7]love
It is a [G/B]firm foundation 
[Cmaj9]I will put my [Dsus]trust in You a[Em7]lone
And I will [G/B]not be shaken",G,,,,,,,,,,,,
13836340,M011 - Miracles,7054541,"","","March 10, 2025","",Genre: Contemporary,Mood: Desperation & Dependence,"","","","Themes: God's Faithfulness, Trust",M011 - Miracles,144,0,"","C: Chris, D: Edwin, G: Michelle","Intro
[Bm7 /// | F#m /// | G2 /// | /// ]

Verse 1
[Bm7]The One who made the [F#m]blind to see
is [G2]moving here in front of me, moving here in front of me
[Bm7]The One who made the [F#m]deaf to hear
is [G2]silencing my every fear, silencing my every fear

Chorus
[Bm]I believe in You, [G]I believe in You
[D]You're the God of mira[A]cles
[Bm]I believe in You, [G]I believe in You
[D]You're the God of mira[A]cles

Interlude
[Bm7 /// | F#m /// | G2 /// |  A ///] 

Verse 2
[Bm7]The One who does im[F#m]possible 
Is [G2]reaching out to make me whole, reaching out to make me whole
[Bm7]The One who put death [F#m]in its place
His [G2]life is flowing through my veins, His life is flowing through my veins

Bridge
[G]The God who was and [A]is to come
[D/F#]The power of the [Bm]Risen One
[G]The God who brings the [A]dead to life
You're the God of [D]miracles! You're the God of miracles!",D,,,,,,,,,,,,
13982604,I028 - It Is Well (Bethel),7021972,"","","May 11, 2025","",Genre: Contemporary,Mood: Desperation & Dependence,"","","","Themes: Surrender, Trust",I028 - It Is Well,130,0,"","A, G: Michelle","Intro
[G | D | Em]

Verse 1
[G]Grander earth has [D]quaked [Em]before
[G]Moved by the [D]sound of His [Em]voice
[G]Seas that are [D]shaken and [Em]stirred
Can be [G]calmed and broken for [D]my re[Em]gard

Chorus
Through it [C]all, through it [D]all
My [Em]eyes are on You
Through it [C]all, through it [D]all
It is [Em]well
Through it [C]all, through it [D]all
My [Em]eyes are on You
It is [Dsus]well[D]  with me

Interlude
[G | D | Em]

Verse 2
Far [G]be it from me to [D]not [Em]believe
[G]Even when my [D]eyes can’t [Em]see
And this [G]mountain that’s in [D]front of [Em]me
Will be [G]thrown into the [D]midst of the [Em]sea

COLUMN_BREAK
Bridge
So let [G]go my [D]soul and [Em]trust in [C]Him
The waves and [G]wind still [D]know His [Em]name [C]

Tag
It is [C]well with [D]my [Em]soul
It is [C]well with [D]my [Em]soul
It is [C]well with [D]my [Em]soul
It is [C]well
It is[Dsus] well [D]with my [Em] [(G)]soul

",G,,,,,,,,,,,,
13982640,U003 - Unstoppable God,7011436,"","","May 09, 2019","",Genre: Contemporary,Mood: Declarative,Purpose: Call to Worship,"","","Themes: God's Greatness, Power, Glory, God's Kingdom & Reign",U003 - Unstoppable God,132,0,"","A, B-B, D, G: Chris","Intro
[D | Em7 | Csus2]

Verse 1
[D] [Em7] [Csus2]Heaven thundered
[D] [Em7]         And the [Csus2]world was born
[D] [Em7] [Csus2]Life begins and [D]ends
In the [Em7]dust You [Csus2]formed

Verse 2
Faith commanded
And the mountains moved
Fear is losing ground
To our hope in You

Chorus
[G]  Unstoppable God
[Am7]  Let your glory go [Em7]on and on  [Csus2]
[G]  Impossible things
[Am7]  In your name they [Em7]shall be done [Csus2]

Verse 3
Freedom conquered
All our chains undone
Sin defeated
Jesus has overcome

Verse 4
Mercy triumphed
When the third day dawned
Darkness was denied
When the stone was gone

{{COLUMN_BREAK}}

Instrumental
[G | G/B | Csus2 | D | Em7 | G | Csus2]

Bridge
[G]  Nothing shall be im[G/B]possible
[Csus2]  Your kingdom reigns un[D]stoppable
[Em7]  We’ll shout your praise for[G]evermore
[Csus2]  Jesus our God unstoppable",G,,,,,,,,,,,,
14038726,A017 - Arms Open Wide,5371334,"","","February 21, 2025","",Genre: Contemporary,Mood: Desperation & Dependence,"","","",Themes: Commitment & Dedication,Default Arrangement,85,0,"","B: Chris, Bb: Chris, C: Chris, D: Edwin, G: Michelle","Verse 1
[D]Take my life I lay it down
[Bm]At the cross where I am found
[A]All I have I [G]give to You my God  [D]

Verse 2
[D]Take my hands and make them clean
[Bm]Keep my heart in purity
[A]That I may walk in all You [G]have for me   [D]

Chorus
Oh[G] here I [D]stand
Arms open [A]wide  [Bm]
Oh[G] I am [Bm] Yours
And [A]You are mine

Verse 3
Take my moments and my days
Let each breath that I take
Be ever only for You oh God

Tag
[G]Woah-[D]oh-[A]oh-[Em]oah       [G]Woah-[D]oh-oh-[A]oah

Bridge
My whole [D]life is Yours, I [A]give it all
Surr[Bm]endered to Your Name
[D/F#]And for[G]ever I will [A]pray
Have Your [G]way, have Your [A]way    [(D)]
",D,,,,,,,,,,,,
14279260,L008 - The Lion And The Lamb,7038281,"","","January 07, 2024","",Genre: Contemporary,Mood: Declarative,Purpose: Call to Worship,"","","Themes: God's Greatness, Power, Glory, Thankfulness & Adoration",L008 - The Lion And The Lamb,180,0,"","A: Chris, B, D: Michelle, E: Grace, G","Intro
[B | / / C#m / | E | E ]

Verse 1
He's [B]coming on the clouds kings and kingdoms [C#m]will bow [E]down
[G#m]Every chain will break as broken hearts [F#]declare His [E]praise
Who can stop the [F#]Lord Almighty

Chorus
[B]Our God is the Lion the [F#]Lion of [G#m]Judah
He's roaring in power and [F#]fighting our [E]battles
And every knee will [F#]bow before Him
[B]Our God is the Lamb the [F#]Lamb that was [G#m]slain
For the sins of the world His [F#]blood breaks the [E]chains
And every knee will [F#]bow before the Lion and the [E]Lamb
Every knee will [F#]bow before Him

Interlude
[B | / / C#m / | E | E]

Verse 2
[B]Open up the gates make way before the [C#m]King of [E]Kings
The [G#m]God who comes to save is here to set the [F#]captives [E]free
For who can stop the [F#]Lord Almighty

Bridge
[C#m]Who can stop the [B/D#]Lord Almighty, [E] Who can stop the [F#]Lord Almighty
[C#m]Who can stop the [B/D#]Lord Almighty, [E] Who can stop the [F#]Lord",B,,,,,,,,,,,,
14390320,B017 - Boldly I Approach,7014655,"","","January 29, 2026","",Genre: Contemporary,Mood: Declarative,"","","","Themes: Jesus' Life, Death, & Resurrection, Our Testimony & Redemption, Thankfulness & Adoration",B017 - Boldly I Approach,138,0,"","A, E: Michelle, F, G: Chris","Verse 1
[Em] By grace a[Dsus4]lone somehow I [C]stand 
[G/B] Where even [Em]angels fear to [D]tread
[Em] Invited by re[Dsus4]deeming [C]love
[G/B] Before the [Em]throne of God a[D]bove 
He [G/B]pulls me [C]close with [D]nail-scarred [Em]hands
[C] Into His [Dsus4]everlasting [G]arms [Gsus4 G]

Verse 2
When condemnation grips my heart
And Satan tempts me to despair
I hear the voice that scatters fear
The Great I Am The Lord is here
Oh praise the One who fights for me
And shields my soul eternally

Chorus
[Em]Boldly I ap[C]proach your [D]throne
[Em]Blameless now I'm [C]running [D]home
[G/B]By your blood I [C]come
[D]Welcomed as your [Em]own
In[C]to the arms of [D]majes[G]ty

COLUMN_BREAK
Verse 3
Behold the bright and risen Son
More beauty than this world has known
I'm face to face with love Himself
His perfect spotless righteousness
A thousand years, a thousand tongues
Are not enough to sing His praise

Bridge
This is the [C]art of [G]cele[D]bration
Knowing we're [C]free from [G]condem[D]nation
O [C]praise the [G]One, [D]praise the [Em]One
Who [C]made an end to [D]all my [G]sin",G,,,,,,,,,,,,
14421045,W010 - What A Friend We Have In Jesus,27714,"Friendship, , Jesus, Prayer","","May 11, 2025","",Genre: Hymn,Mood: Reflection & Prayer,Purpose: Offering,"","",Themes: Trust,Chelsea Moon,75,0,"","C-D, D-E: Chris, G","Verse 1
[D]What a friend we [A/C#]have in [Bm]Jesus
[G]All our sins and griefs to [A]bear
[D]What a privi[A/C#]lege to [Bm]carry
[G]Every[A]thing to God in [D]prayer

[A]Oh, what peace we often [D]forfeit
[G]Oh, what needless pain we [A]bear
[D]All because we [A/C#]do not [Bm]carry
[G]Every[A]thing to God in [D]prayer

Interlude
[D/F# G A]

Verse 2
Have we trials and temptations
Is there trouble anywhere
We should never be discouraged
Take it to the Lord in prayer

Can we find a friend so faithful
Who will all our sorrows share
Jesus knows our every weakness
Take it to the Lord in prayer

COLUMN_BREAK
Interlude 2
[D/F# G B]

TRANSPOSE KEY +2

Verse 3
[D]Blessed Savior, [A/C#]Thou hast [Bm]promised
[G]Thou wilt all our burdens [A]bear
[D]May we ever, [A/C#]Lord, be [Bm]bringing
[G]All to [A]Thee in earnest [D]prayer

[A]Soon in glory bright, un[D]clouded
[G]There will be no need for [A]prayer
[D]Rapture, praise, and [A/C#]endless [Bm]worship
[G]Will be [A]our sweet portion there
",D,,,,,,,,,,,,
14922346,I008 - I Love You Lord,25266,"Adoration, Love for God, Offering, Praise, Rejoice","","December 29, 2027","",Genre: Contemporary,Mood: Declarative,"","","","Themes: Commitment & Dedication, Thankfulness & Adoration",Default Arrangement,,0,"","A, E, G","I [E]love You, Lord
And I [B]lift my [E]voice
To [A]wor[E/G#]ship [F#m]You
O my [B]soul, rejoice

Take [E]joy, my [F#m-E/G#]King      in [B]what You [E]hear
Let it be a [A]sweet, [E/G#]sweet [B]sound
In Your [E]ear",E,,,,,,,,,,,,
14928819,C019 - Crowns,7068421,"","","December 29, 2027","",Genre: Contemporary,Mood: Declarative,"","","","Themes: Jesus' Life, Death, & Resurrection, Commitment & Dedication",Default Arrangement,140,0,"","C: Michelle, E, F: Chris, G: Edwin","Intro
[G | G]

Verse 1
[G]There is a hill I [C]che[G]rish
[Em]Where stood a precious [D]tree
[Em]The emblem of sal[C]va[G]tion
[G/B]The gift of [D]Calva[G]ry

Verse 2
[G]How is it I should [C]pro[G]fit
[Em]While he is crucifi[D]ed
[Em]Yet as His life was [C]ta[G]ken
[G/B]So I was [D]granted [G]mine

Chorus
My wealth is in the [C]cross
There's [G]nothing more I [D]want
Than [Em]just to know His [C]love
My [G]heart is set on [D]Christ
And I will [Em]count all else as [C]loss
The [G]greatest of my [D]crowns
Mean [Em]nothing to me [C]now
For I [G]counted up the [D]cost
And all my wealth is in the [G]cross

Verse 3
I will not boast in riches
I have no pride in gold
But I will boast in Jesus
And in His Name alone

COLUMN_BREAK
Tag
And all my wealth is in the [C]cross [G]
[D]Yes all my [Em]wealth is in [C]the cross [G]  [D]

Verse 4
[G]And when I stand in [C]glo[G]ry
My crowns before the [D]Lord
[G]Let this be my con[C]fes[G/B]sion
[G]My wealth is [D/A]in the [G]cross

Tag
And all my wealth is in the [C]cross[G] [D] [Em] [C] [G]
[D]And all my [Em]wealth is in the [C]cross[G]
[D]My [Em]wealth is in [C]the [G]cross
[D]And all my wealth is in the [C]cross

",G,,,,,,,,,,,,
14932608,I006 - I Have Decided,6446976,"","","December 11, 2021","",Genre: Hymn,Mood: Declarative,"",Season: 2018-Winter,"",Themes: Commitment & Dedication,Elevation Worship,,0,"","Bb: Chris, C: Edwin, D: Edwin, F: Michelle","Intro
[F] [C/G] [F/A] [C/B]
Verse 1
I have [C]decided to follow [F]Jesus
I have [Am]decided [G]    to follow [C/E]Jesus[F]
I have [C]decided [Dm]     to follow [C/E]Jesus[F]
No turning [Dm]back[G], no turning [F]back[C/G]  [F/A]  [G/B]

Verse 2
Though none go with me, I still will follow
Though none go with me, I still will follow
Though none go with me, I still will follow
No turning back, no turning back

Tag
[F]Every[C/G]thing [F/A]all I [G/B]am
And all I [F]have to [C/G]bring
[F/A]I will [G/B]give to You my [F]every[C/G]thing [F/A]
All I [G/B]am and all I [F]have to bring[C/G] [F/A]
I will [G/B]give to You my [F]everything

Bridge
[F]I will [C/G]follow, [F/A]my heart [G/B]surrendered
[F]My Jesus [C/G]I am [F/A]Yours[G/B]
[F]I will [C/G]follow, [F/A]my life [G/B]in Your hands
[F]My Jesus [C/G]I am [F/A]Yours[G/B]",C,Traditional,,0,"",Bb: Chris,"Verse 1
I have [C]decided to follow Jesus
I have [F]decided to follow [C]Jesus
I have [Am]decided to follow [F]Jesus
No turning [C]back, [G/B] no turning [C]back

Verse 2
The cross before me, the world behind me
The cross before me, the world behind me
The cross before me, the world behind me
No turning back, no turning back

Verse 2
Though none go with me, still I will follow
Though none go with me, still I will follow
Though none go with me, still I will follow
No turning back, no turning back
",C,,,,,,,,
14939967,R003 - Reckless Love,7089641,"","","March 13, 2026","",Genre: Contemporary,Mood: Declarative,"",Season: 2018-Winter,"","Themes: God's Faithfulness, God's Love & as Father",R003 - Reckless Love,164,0,"","A, B: Michelle, C, D: Chris, E, F#: Edwin, G","Intro
[D#m] [C#] [B] [F#]

Verse 1
[D#m]Before I spoke a [C#]word, You were singing [B]over me
[D#m]You have been [C#]so, so good to [B]me
[D#m]Before I took a [C#]breath, You breathed Your [B]life in me
[D#m]You have been [C#]so, so kind to [B]me

Chorus
Oh, the [D#m]overwhelming, [C#]never-ending [B]reckless love of [F#]God
Oh, it [D#m]chases me down, [C#]fights 'til I'm found [B]leaves the ninety-[F#]nine
I couldn't [D#m]earn it, I don't [C#]deserve it, still You [B]give Yourself [F#]away
Oh, the [D#m]overwhelming, [C#]never-ending [B]reckless love of [F#]God

Verse 2
[D#m]When I was Your [C#]foe, still Your love [B]fought for me
[D#m]You have been [C#]so, so good to [B]me
[D#m]When I felt no [C#]worth, You paid it [B]all for me
[D#m]You have been [C#]so, so kind to [B]me

Bridge
[D#m]There's no shadow You won't [C#]light up   [(1st time through all on 1)]
Mountain You won't [B]climb up
Coming after [F#]me
[D#m]There's no wall You won't [C#]kick down
Lie You won't [B]tear down
Coming after [F#]me
",F#,,,,,,,,,,,,
15024715,O003 - O Lord My Rock And My Redeemer,7096627,"","","January 23, 2026","",Genre: Hymn,Mood: Adoration,"",Season: 2018-Winter,"","Themes: Commitment & Dedication, God's Faithfulness, Jesus' Life, Death, & Resurrection, Thankfulness & Adoration, Trust",O003 - O Lord My Rock And My Redeemer,128.8,0,"","C, D: Michelle, Chris, E, G","Intro
[| D A/C# | G2 | Em7 D2/F# | G2]

Verse 1
O [D]Lord, my [A]Rock and my Re[G]deemer, greatest [D]treasure [G]of my longing [A]soul     
My [D]God, like [A/C#]You there is no [Bm]other; true del[G]ight is f[A]ound in You al[D]one
Your gr[G]ace, a [Bm]well too deep to [A]fathom
Your [G]love exc[Bm]eeds the heavens’ [A]reach
Your [D]truth, a [A/C#]fount of perfect [Bm]wisdo[A]m [G]
My highest [D]good and [A]my unending ne[D]ed [A/C# | G2 | Em7 D2/F# | G2]

Verse 2
O [D]Lord, my [A]Rock and my Re[G]deemer, strong def[D]ender [G]of my weary h[A]eart       
My s[D]word to [A/C#]fight the cruel de[Bm]ceiver and my s[G]hield a[A]gainst his hateful [D]darts
My s[G]ong when e[Bm]nemies surr[A]ound me, my h[G]ope when t[Bm]ides of sorrow ri[A]se
My j[D]oy when tr[A/C#]ials are ab[Bm]ounding [A]  [G]
Your faithful[D]ness, my r[A]efuge in the [D]night [A/C# | G2 | Em7 D2/F# | G2]

Verse 3
O [Bm]Lord, my Rock and my R[Em]edeemer, gracious [Bm]Savior of my ruined [Em]life  
My [Bm]guilt and cross laid on Your [Em]shoulders
In my [G]place You s[A]uffered bled and di[D]ed
You [G]rose! the [Bm]grave and death are [A]conquered
You [G]broke my [Bm]bonds of sin and[A] shame
O [D]Lord, my [A/C#]Rock and my Re[Bm]deemer [G]
May all my [D]days bring [A]glory to You[Bm]r Name
May all my [G2]days bring [A]glory to Your [D]Name
 ",D,,,,,,,,,,,,
15324062,M009 - Mighty Cross,7067580,"","","December 30, 2027","",Genre: Contemporary,Mood: Declarative,Purpose: Communion,Season: 2018-Winter,"","Themes: Jesus' Life, Death, & Resurrection",Default Arrangement,146,0,"","Bb: Chris, E, F, G: Michelle","Intro
[G/B  C   D]

Verse 1
On the [G]day that death surrendered
To the [Em]mighty cross of Jesus Christ
The earth would [D]shake, beneath the [C]weight
Of darkened skies [G/B  C   D ]

Verse 2
On His [G]brow a crown of sorrow
For a [Em]king whose weakness was our strength
No word He [D]spoke, His love was [C]shown
For all to [G]see

Chorus
O the [D]cross of Jesus [C]Christ
Is the [D]reason I'm [C]alive
For His [D]blood has set me [Em]free
It will [C]never [G/B]lose its [D]power for me [G/B  C   D]

Verse 3
Now the [G]dawn of resurrection
Floods the [Em]night as hope prevails to shine
Salvation [D]wakes our [G/B]chains to [C]break
And we [G]arise

COLUMN_BREAK
Chorus 2
O the [D]cross of [G/B]Jesus [C]Christ
Is the [D/F#]reason [G]I'm [C]alive
For His [D]blood has set me [Em]free
It will [C]never [G/B]lose its [D]power for [G (Em)]me

Bridge
[G/B]Halle-[C]lujah, [G/D]Halle-[D]lujah
[C]Christ my [Em]victory [D]
[G/B]Halle-[C]lujah, [G/D]Halle-[D]lujah
[C]It is [D]won for [G]me

Verse 4
On the [G]day He comes in glory
To [Em]re-veal the fullness of His reign
All hearts will [D]bow be[G/B]fore the [C]sound
Of Jesus [G]name
",G,,,,,,,,,,,,
15329800,W015 - Who You Say I Am,7102401,"","","October 26, 2025","",Genre: Contemporary,Mood: Adoration,"",Season: 2018-Winter,"","Themes: Thankfulness & Adoration, Freedom, God's Love & as Father",Default Arrangement,172,0,"","G, Gb","Verse 1
[Gb]Who am I that the highest King
Would [Ebm7]wel[Db]come [Gb]me
[Gb]I was lost but He brought me in
Oh His [Ebm7]love [Db]for [Cb]]me
Oh His [Ebm7]love [Db]for [Cb]]me


Chorus
Who the [Gb]Son sets free, oh is [Db]free indeed
I'm a [Ebm]child [Db]of [Cb]God, yes I [Gb]am

<i>(Skip to V2 first time)</i>

In my [Gb]Father's house, there's a [Db]place for me
I'm a [Ebm]child [Db]of [Cb]God, yes I [Gb]am


Verse 2
[Gb]Free at last, He has ransomed me
His [Ebm7]grace [Db]runs [Gb]deep
[Gb]While I was a slave to sin
Jesus [Ebm7]died [Db]for [Cb]me
Yes He [Ebm7]died [Db]for [Cb]me
COLUMN_BREAK

Bridge
I am [Ebm]chosen, not [Db/F]forsaken
I [Gb]am who You say I [Cb2]am
You are [Ebm]for me, not [Db/F]against me
I [Gb]am who You say I [Cb2]am
I [Ebm7]am who You [Db/F]say I [Cb2]am

Instrumental
[Ebm] [Db/F] [Gb] [Cb]
",Gb,,,,,,,,,,,,
15336544,G005 - Glorious Day,7081388,"","","September 14, 2023","",Genre: Contemporary,Mood: Celebratory,"",Season: 2018-Winter,"","Themes: Our Testimony & Redemption, Jesus' Life, Death, & Resurrection, Freedom",Default Arrangement,117.03,0,"Ephesians 2:1-10, John 11:38-44","A, C: Chris, D: Edwin","Verse 1
I was [D]buried beneath my shame 
Who could [Bm7]carry that kind of weight? 
It was my [G2]tomb ‘Til I met [D]You 
I was [D]breathing but not alive 
All my [Bm7]failures I tried to hide 
It was my [G2]tomb ‘Til I met [D]You 
You called my [G2]name and I ran out of that grave [D]

Chorus
[D]Out of the [G2]darkness into Your glorious day [D]
[D]You called my [G2]name and I ran out of that grave [Bm7] 
Out of the [G2]darkness into Your glorious day [D]

Verse 2
Now Your [D]mercy has saved my soul 
Now Your [Bm7]freedom is all that I know 
The old made [G2]new, Jesus, when I met [D]You 
You called my [G2]name and I ran out of that grave [D]

Bridge
[D]I needed rescue, my sin was heavy 
[D]But chains break at the weight of Your glory 
[D]I needed shelter, I was an orphan 
[D]Now You call me a citizen of Heaven 
[D]When I was broken, You were my healing 
[D]Now Your love is the air that I’m breathing 
[Bm7]I have a future, [Asus]my eyes are open 
‘Cause when You called my [G2]name
I ran out of that grave [D]",D,,,,,,,,,,,,
15340575,G014 - God You're So Good,7105729,"","","December 29, 2027","",Genre: Contemporary,Mood: Adoration,"",Season: 2019-Winter,"","Themes: God's Love & as Father, Our Testimony & Redemption, Thankfulness & Adoration",Original,140,0,Psalm 107,"A, Bb: Bb, G","Intro
[| Bb / / / | Eb / / / | Bb / / / | F / / / |]

Verse 1
[Bb] Amazing love [Eb]
That welcomes me [Bb]
The kindness of [Fsus]mercy [F]
[Bb]That bought with blood, [Eb] wholeheartedly 
[Gm] My soul un[Fsus]deserving[F] 

Chorus
[Bb]God, You’re so [F]good 
God, You’re so [Bb]good 
[Gm]God, You’re so [Eb]good 
You’re so [Bb/F]good [F]to [Bb]me 

Verse 2
[Bb]Behold the cross [Eb]
Age to age [Bb]
And hour by [Fsus]hour  [F]
[Bb] The dead are raised,[Eb] the sinner saved 
[Gm] The work of Your [Fsus]power  [F]

COLUMN_BREAK

Bridge 1
I am ble[F]ssed, I am called 
I am hea[Gm]led, I am whole 
I am sa[Eb]ved in Jesus’ na[Bb]me 
Highly fa[F]vored, anointed 
Fi[Gm]lled with Your power 
For the gl[Eb]ory of Jesus’ na[Bb]me 

Bridge 2
I am ble[F]ssed, I am called 
I am hea[Gm]led, I am whole 
I am sa[Eb]ved in Jesus’ na[Bb]me 
Highly fa[F]vored, anointed 
Fi[Gm]lled with Your power 
For the gl[Eb]ory of Jesus’ na[F]me 

Verse 3
[Bb] And should this life [Eb]
Bring suffering [Bb]
Lord, I will reme[Fsus]mber [F]
[Gm] What Calvary [Eb] has bought for me [Bb]
Both now and [Fsus]forever   [F]",Bb,Travis Greene,73,0,"",G,"Intro
[| Bb / / / | Eb / / / | Bb / / / | F / / / |]

Verse 1
[Bb] Amazing love [Eb]
That welcomes me [Bb]
The kindness of [Fsus]mercy [F]
[Bb]That bought with blood, [Eb] wholeheartedly 
[Gm] My soul un[Fsus]deserving[F] 

Chorus
[Bb]God, You’re so [F]good 
God, You’re so [Bb]good 
[Gm]God, You’re so [Eb]good 
You’re so [Bb/F]good [F]to [Bb]me 

Verse 2
[Bb]Behold the cross [Eb]
Age to age [Bb]
And hour by [Fsus]hour  [F]
[Bb] The dead are raised,[Eb] the sinner saved 
[Gm] The work of Your [Fsus]power  [F]

COLUMN_BREAK

Bridge 1
I am ble[F]ssed, I am called 
I am hea[Gm]led, I am whole 
I am sa[Eb]ved in Jesus’ na[Bb]me 
Highly fa[F]vored, anointed 
Fi[Gm]lled with Your power 
For the gl[Eb]ory of Jesus’ na[Bb]me [<i>To Verse
: </i>][F]

Verse 3
[Bb] And should this life [Eb]
Bring suffering [Bb]
Lord, I will reme[Fsus]mber [F]
[Gm] What Calvary [Eb] has bought for me [Bb]
Both now and [Fsus]forever   [F]

Bridge 2
I am blessed, I am called 
I am healed, I am whole 
I am saved in Jesus’ name 
Highly fa[F]vored, anointed [F#/F]
Fi[Gm]lled with Your power 
For the gl[Eb]ory of J[Ebm]esus’ na[Bb]me 

",Bb,,,,,,,,
15407312,S017 - Son Of God,4768948,"Jesus, Lamb of God, Redeemer, Son of God","","December 07, 2025","",Genre: Contemporary,Mood: Adoration,"","","",Themes: Thankfulness & Adoration,Default Arrangement,77,0,"","A, G","Verse 1
[G]Son of God, shaper of the stars
[Em]You alone, the dweller of my heart
[C2]Mighty king, how beautiful You [D]are  how [C2]beautiful

Verse 2
[G]Son of God, the Father’s gift to us
[Em7]You alone were broken on the altar of love
[C2]Precious lamb, our freedom’s in Your bl[D]ood, it’s[C2] in Your blood

Chorus
[G]Jesus, oh [C2]Holy One, I[D] sing to You, for[G]giv[D/F#]en
[Em7]Savior, I’m [Am7]overcome with [C2]Your great [D]love for m[G]e

Verse 3
Son of God, strength beyond compare,
You alone the darkness cannot bear
Lord of all, Your kindness draws me near  it draws me

Verse 4
Son of God, prophecy of old
You alone, redeemer of my soul
Come again and lead Your people home come lead us home

Bridge
You are [G]worthy, You are [D/F#]worthy,
You are [Em7]worthy of all my pr[C2]aise.
You are [G]beautiful, You are [D/F#]beautiful,
I will [Em7]lift up my hands and s[C2]ing.
",G,,,,,,,,,,,,
15513749,H007 - Here Again,7111925,"","","January 31, 2026","",Genre: Contemporary,Mood: Desperation & Dependence,"",Season: 2018-Spr/Sum,"","Themes: God's Faithfulness, God's Presence & Intimacy, Hope, Our Testimony & Redemption",Default Arrangement,136,0,"","B, Bb, C: Chris, D: Edwin, F: Michelle, G","Verse 1
[G] Can't go [Am]back to the be[F]ginning
[G] Can't con[Am]trol what to[F]morrow will bring
[G] But I [Am]know here in the [F]middle
[G] Is the [C/E]place where You [F]promise to be

Chorus
[C] I'm not enough, [G] unless You come
[Am] Will You meet me here a[F]gain
[C] 'Cause all I want, [G] is all You are
[Am] Will You meet me here a[F]gain

Instrumental
[G  Am  Fmaj7     G  C/E  F]

Verse 2
As I walk now through the valley
Let Your love rise above every fear
Like the sun shaping the shadow
In my weakness Your glory appears

Bridge
Not for a [C]minute was I for[G/B]saken
The Lord is in this [Am]place
The [G]Lord is in this [F]place

Come Holy Spirit, dry bones awaken
The Lord is in this place
The Lord is in this place",C,,,,,,,,,,,,
15538102,F015 - Freedom,6341105,"Forgiveness, Freedom, Redemption","","July 20, 2025","",Genre: Contemporary,Mood: Celebratory,"",Season: 2018-Spr/Sum,"",Themes: Freedom,Default Arrangement,142,0,"","A, B: Chris, Bb, C, F, G","Intro
[D/F# - G - D/F# - G]

Verse 1
[D]You came to set the captives free
You came to bring us liberty
[Bm]My sin and my rejection
[G]Met Your blood and my acceptance
[D/F#]Now I’m alive to bring You [G]praise

Chorus
[D]Where the Spirit of the [G]Lord is, there is [D/F#]freedom[G]
[D]Where the Spirit of the [G]Lord is, there is [D/F#]freedom[G]
[Bm]Every chain is [G]broken through [D/F#]You, Je[G]sus
[D]Where the Spirit of the [G]Lord is, there is [D/F#]freedom[G]

Tag
[D/F# - G - D/F# - G]
Woah, oh, oh, oh

Verse 2
Your blood has covered every sin
Your grace empowers me to win
My pain and my oppression
Met Your blood and my acceptance
Now I’m alive to bring You praise

Bridge
[D]I’m free I’m free, I’m free to dance and sing
I’m free, I’m free, I’m free to shout it out
[D]I'm free, [G]I'm free, [D/F#]I'm free to [G]dance and sing
[D]I'm free, [G]I'm free, [D/F#]I'm free to [G]worship [Bm]You [G D]
I'm gonna [F#m]worship [Bm]You [G D A]",D,,,,,,,,,,,,
15538281,K005 - King Of My Heart,7046145,"","","August 27, 2025","",Genre: Contemporary,Mood: Declarative,"",Season: 2018-Spr/Sum,"","Themes: God's Faithfulness, God's Love & as Father, Trust",Default Arrangement,68,0,"","A: Chris, C: Edwin, D: Edwin, E, G","VERSE 1
Let the [A]King of my heart 
be the [D]mountain where I [A]run
The [F#m]fountain I drink fr[E]om 
oh He [D]is my [A]song
Let the [A]King of my heart 
be the [D]shadow where I [A]hide
The [F#m]ransom for my [E]life, oh He [D]is my [A]song

CHORUS
You are [F#m]good, [E]good, [D]oh [A]    (x4)


VERSE 2
Let the [A]King of my heart 
be the [D]wind inside my [A]sails
The [F#m]anchor in the wa[E]ves
oh He [D]is my [A]song

Let the [A]King of my heart 
be the [D]fire inside my [A]veins
And the [F#m]echo of my da[E]ys
oh He [D]is my [A]song

COLUMN_BREAK
BRIDGE 1 
[A]You’re never gonna let
never gonna let me down
You’re never gonna let
never gonna let me down 

BRIDGE 2
[A] You’re never gonna let   
[D]never gonna let me [E]down
[F#m]  You’re [E]never gonna let     
[D]never gonna let me [A]down

BRIDGE 3
[F#m] You’re [E]never gonna let
[D]never gonna let me [A]down",A,,,,,,,,,,,,
15538429,A010 - Alpha And Omega,4654148,", God's Attributes, Worship, Worthiness","","August 10, 2025","",Genre: Contemporary,Mood: Adoration,Purpose: Call to Worship,"","","Themes: God's Greatness, Power, Glory",Default Arrangement,145,0,"","B: Michelle, C, G","VERSE
You are [Db]Alpha  [Ab/C]and    [Db]O -  [Ebm]me -  [Db]ga
Db/F Gb         Ebm       Db/Ab
We    worship You, our Lord
              Ab                Db
You are worthy to be praised
 
 
CHORUS 
      Gb/F  F7  Bbm  Ab  Gb   Db/F
We give  You  all     the  glo - ry
      Gb        Ebm        Db/Ab
We worship You, our Lord
              Ab  Gb/Bb  Ab/C   Ab  Db
You are wor - thy       to      be   praised",Db,,,,,,,,,,,,
15538910,T023 - To Worship You I Live,4654131,", Dedication, Hear, Voice, Worship","","December 23, 2018","",Genre: Contemporary,Mood: Declarative,"","","",Themes: Commitment & Dedication,Default Arrangement,122,0,"","B: Michelle, C, E, G","Chorus
To [F2] worship You I live, to worship You I live
I [G]live to [F/C]worship [C]You [Csus] [C]

Tag
[G  F2(no3)]Oh [C(4)    G7sus/D]Oh
[G7sus   G    F2(no3)]Oh [C     C2(no3)]Oh

Tag 2
[F]Oh-oh-oh-oh [G]Oh-oh-oh-oh [Am]
Oh-oh-oh-oh [Em]Ohhh-",C,,,,,,,,,,,,
15809865,X016 - Your Name (Christmas Version),,"","","December 01, 2024","",Genre: Contemporary,Mood: Declarative,"",Season: 2020 - Spr/Sum,"","Themes: Christmas, God's Greatness, Power, Glory",Default Arrangement,144,0,"",A,"Intro
[A/C# D E F#m | A/C# D E A]

Verse 1
[A/C#]Humbly [D]to the [E]earth You c[A]ame
[A/C#]Born in[D]to this [E]world to s[A]ave
[A/C#]God with u[D]s, Emm[E]anuel[F#m]
Now [D]we ad[E]ore Your n[A]ame

Chorus
Your N[E]ame[F#m7]            is a [A]strong and mighty t[D]ower 
Your N[E]ame[F#m7]            is a [A]shelter like no [D]other 
Your N[E]ame[F#m7]            let the [A]nations sing it l[D]ouder 
'Cause [A/C#]nothing has the p[D]ower to s[Esus]ave    [E]
But Your N[A/C#]ame  [D] [E] [F#m] [A/C#] [D] [E] [A]

Verse 2
[A/C#]Jesus [D]in Your [E]Name we pr[A5]ay 
[A/C#]Come and [D]fill our [E]hearts tod[A5]ay 
Lord [A/C#]give us str[D]ength to l[E]ive for Y[F#m]ou
And [D]glorify[E] Your N[A5]ame 

Tag
[A/C#]God with u[D]s Emm[E]anuel[A]
[A/C#]God with u[D]s Emm[E]anuel[A]
[A/C#]God with u[D]s Emm[E]anuel[F#m]
Now [D]we a[E]dore Your n[A]ame
",A,,,,,,,,,,,,
16026239,L009 - Living Hope,7106807,"","","December 31, 2027","",Genre: Contemporary,Mood: Declarative,Purpose: Communion,Season: 2018-Fall,"","Themes: Freedom, Jesus' Life, Death, & Resurrection",Default Arrangement,144,0,"","A: Michelle, C: Chris, D: Edwin, G","Intro
[A]

Verse 1
How great the [A]chasm that lay be[E]tween us
How high the [D]mountain[F#m] I could not [E]climb
In desper[A]ation, I turned to [E]heaven
And spoke Your [D]name in[E]to the [A]night

Then through the [D]darkness
Your loving [A]kindness
Tore through the [F#m]shadows of my [E]soul
The work is [A]finished the end is [E]written
Jesus [D]Christ my [E]living [A]hope [( F#m D )]

Verse 2
Who could imagine so great a mercy
What heart could fathom such boundless grace
The God of ages, stepped down from glory
To wear my sin and bear my shame

The cross has spoken, I am forgiven
The King of kings calls me His own
Beautiful Savior, I'm Yours forever
Jesus Christ, my living hope

Chorus
Halle[D]lu[A]jah, praise the [E]One who set me [F#m]free
Halle[D]lu[A]jah, death has [E]lost its grip on [F#m]me
You have [D]broken every [A]chain
There's sal[E]vation in Your [F#m]name
Jesus [D]Christ, my [E]living [A]hope

COLUMN_BREAK
Verse 3
Then came the morning
That sealed the promise
Your buried body began to breathe
Out of the silence the Roaring Lion
Declared the grave has no claim on me

Then came the [A]morning
That sealed the prom[E]ise
Your buried [D]body[F#m]        began to [E]breathe
Out of the [A/C#]silence the Roaring [E]Lion
Declared the [D]grave has no [E]claim on [F#m]me
Jesus [D]Yours is the [E]victo[A]ry

Tag
Jesus [D]Christ, my [E]living [F#m]hope [C#m]
Jesus [D]Christ, my [E]living [A]hope",A,,,,,,,,,,,,
16026714,H005 - Heaven Fall Down,5989922,"Desire, Invitation","","February 22, 2026","",Genre: Contemporary,Mood: Celebratory,Purpose: Call to Worship,Season: 2018-Fall,"","Themes: God's Presence & Intimacy, Holy Spirit",Default Arrangement,124,0,"","A: Chris, C: Edwin, F: Michelle","Intro
[C]

Verse 1
[C]Open our eyes, Lord let us see
All that You are, all that You mean[Am F]
[C]Open our ears, Lord let us hear
All that You are, be loud and clear[Am F]
Please be [C]near

Pre-Chorus
As our [F]praises rise,
May Your [G]presence fall

Chorus
[C]Heaven, Heaven [Am]fall down[F]
[C]Spirit, Spirit [Am]pour out[G]    [<i>On repeat, replace <i>][G][<i> with </i>][F]
On us [F]all now, Heaven [C]fall down

Verse 2
[C]Come Jesus come, come like the wind
Fill up this place, we welcome You in[Am F]
[C]Come Jesus come, come like the rain
Open the sky, show us Your face[Am F]
Oh Lord we [C]wait

Bridge
We're [F]crying out, in [Am]desperation
[G]Waiting now in [C/E]expectation
[F]Crying out in [Am]desperation
For [G]You",C,,,,,,,,,,,,
16027166,Y002 - Yes I Will,7105442,"","","January 09, 2026","",Genre: Contemporary,Mood: Declarative,Purpose: Call to Worship,Season: 2018-Fall,"","Themes: Commitment & Dedication, God's Faithfulness, Hope, Trust",Default Arrangement,154.04,0,"","A, Bb: Chris, C: Edwin, F: Michelle","Intro
[D A E F#m]

Verse 1
I count [D]on one [A]thing
The same [E]God that never [F#m]fails
Will not [D]fail me [A]now
You won't [E]fail me [F#m]now
In the [D]waiting[A]
The same [E]God who's never [F#m]late
Is working [D]all things o[A]ut
You're working [E]all things o[F#m]ut

Chorus
[D]Yes I [A]will, lift You [E]high
In the lo[F#m]west valley
[D]Yes I [A]will bless Your [E]name
[D]Yes I [A]will, sing for [E]joy
When my [F#m]heart is heavy
[D]All my [A]days, [E]yes I [F#m]will

Bridge
I choose to[D] praise[A]
To [E]glorify, to [F#m]glorify
The Name of all [D]names[A]
That [E]nothing can stand against

Tag
For [D]all my [A]days, [E]Yes I [F#m]will
For [D]all my [A]days, [E]Yes I [A]will
",A,,,,,,,,,,,,
16243972,G027 - The Greatness Of Our God,5660739,"Faith, Glory, God's Greatness, Greatness, Proclamation","","December 30, 2027","",Genre: Contemporary,Mood: Adoration,"",Season: 2018-Fall,"","Themes: God's Greatness, Power, Glory, Thankfulness & Adoration",Default Arrangement,144,0,"","A: Chris, E: Michelle, G: Chris","INTRO
[A B]

VERSE 1
Give me [A]eyes to see [E]more of who You [B]are
May what [A]I behold [E]still my anxious [B]heart
Take what [A]I have known and [E]break it all [B]apart
For You my [A]God are greater [B]still


CHORUS 1
And no [A]sky contains[E]
No [B]doubt [C#m]restrains all You [A]are
The [E]greatness of our [B]God
I spend my [A]life to [E]know
And I'm [B/D#]far from [C#m]close to all You [A]are
The greatness of our [B]God


VERSE 2
Give me [C#m]grace to see be[A]yond this moment [E]here
To be[C#m]lieve that there is [A]nothing left to [E]fear [B]
And that [A]You alone are [E]high above it [B]all
For You my [A]God are greater [B]still

INSTRUMENTAL
[A E B C#m     A E B]

COLUMN_BREAK

BRIDGE
And there is [A]nothing that could [E]ever separate [B]us
There is [A]nothing that could [E]ever separate [B]us
From Your [C#m]love
No [A]life no [E]death of [B/D#]this I am [C#m]convinced
That You my [A]God are greater [B]still


CHORUS 2
And no [A]words could [E]say
Or [B]song [C#m]convey all You [A]are
The [E]greatness of our [B]God
I spend my [A]life to [E]know
And I'm [B/D#]far from [C#m]close to all You [A]are
The greatness of our [B]God",E,,,,,,,,,,,,
16430224,H025 - Hosanna (Praise Is Rising),4662491,", anxious, battle, Bid, Big, Christmas, desert song, Easter, New, Praise, quality time, Real, Salvation, Second Coming, Sin, spirit, Triumphal Entry, Worship","","July 14, 2024","",Genre: Contemporary,Mood: Declarative,Purpose: Call to Worship,Season: 2018-Fall,"","Themes: Commitment & Dedication, Thankfulness & Adoration",Default Arrangement,106,0,"",G,"VERSE 1
[G]Praise is rising, eyes are turning to Yo[C]u
We turn to Yo[G]u
[G]Hope is stirring, hearts are yearning for Yo[C]u
We long for Yo[G]u

PRE-CHORUS
When we s[D]ee You, we find str[C]ength to face the d[G]ay
In Your pr[D]esence, all our fe[C]ars are washed aw[G/B]ay
Washed aw[D]ay

CHORUS
Hos[G/C]ann[G]a, Hos[Em]ann[C]a, You are the G[G]od who saves [D]us
Worthy of [Em]all our prais[C]es

Hos[G/C]ann[G]a, Hos[Em]ann[C]a, come have Your w[G]ay among [D]us
We welcome You h[Em]ere, Lord Jes[C]us

VERSE 2
Hear the sound of hearts returning to You
We turn to You
In Your kingdom, broken lives are made new
You make us new",G,,,,,,,,,,,,
16801869,M014 - More Like Jesus,7105732,"","","March 29, 2026","",Genre: Contemporary,"Mood: Reflection & Prayer, Desperation & Dependence","",Season: 2019-Winter,"","Themes: Commitment & Dedication, Surrender, Holiness & Purity",Default Arrangement,144,0,"Romans 12:2, 2 Corinthians 5:17, Ephesians 2:10, Ephesians 5:1-2","A: Chris, E, F: Bb","Intro
[| Bb / / | Bb / / | Eb / / | Eb / / |]

Verse 1
You [Bb]came to the world You created 
[Eb]Trading Your crown for a cross 
You [Gm]willingly died 
Your [F]innocent life paid the cost [Eb]

Verse 2
[Bb]Counting Your status as nothing 
The [Eb]King of all kings came to serve 
[Gm]Washing my feet 
[F(add4)]Covering me with Your love [Eb]

Chorus
If [Bb]more of You 
Means [Bb/D]less of me 
Take [Eb2]everything 
Yes, [Bb <i>or</i> (Gm)]all of You 
Is [Bb/D]all I need 
Take [Eb2]everything 

COLUMN_BREAK
Instrumental
[| Bb / / | Bb / / | Eb / / | Eb / / |]

Verse 3
[Bb]You are my life and my treasure 
The [Ebmaj7]One that I can’t live without 
[Gm]Here at Your feet 
My de[F(add4)]sires and dreams, I lay [Eb]down [F]
[Gm]Here at Your feet 
My de[F(add4)]sires and dreams, I lay [Eb]down 

Bridge
Oh [Bb]Lord 
Change me like only You [Ebmaj7] can 
Here with my [Fsus]heart in Your [Gm7] hands 
Father, I pray make me [Eb2]more like [Fsus]Je[F]sus 
This [Bb]world 
Is dying to know who You [Ebmaj7]are 
You’ve shown us the [Fsus]way to Your [Gm7]heart 
Father, I pray make me [Eb2]more like [Fsus]Je[F]sus 
[Eb2]More like [Fsus]Je[F]sus 
[Eb2]More like [Fsus]Je[F]sus ",Bb,,,,,,,,,,,,
16801963,G016 - Good Grace,7122177,"","","November 14, 2021","",Genre: Contemporary,Mood: Declarative,Purpose: Call to Worship,Season: 2019-Winter,"","Themes: Hope, God's Faithfulness, Church & Unity",Default Arrangement,71,0,"Psalm 121, John 14:1","A: A, G: Chris","Intro
[|  A / / Asus | A / / A2 | A / / Asus | A / / / |]

Verse 1
[A]People
[D]Come to[A]gether
Strange as n[F#m]eighbors
Our [Esus]blood is[A] One  [Asus]

Ch[A]ildren
Of [D]gener[A]ations
Of every [F#m]nation
Of [Esus]Kingdom [A]come

Chorus
Don’t let your [D]heart be tr[A]oubled
[E(add4)]   Hold your [F#m7]head up high
Don’t [D]fear no [A]evil
[E(add4)]   Fix your [F#m7]eyes on this on[D]e truth
God is [A]madly in love w[E(add4)]ith you
[F#m7]   Take courage, hold [D]on, be str[A]ong
Remember where our [E(add4)]help comes from

Interlude 1 (Oh oh)
[|  F#m7 / / D | A / / / | F#m7 / / D | A / / / |]
[|  F#m7 / / D | A / / / | F#m7 / / D | A / / / |]

COLUMN_BREAK
Verse 2
[A]Jesus, our re[A]demption
Our sal[F#m7]vation
Is [D]in His [A]blood

[A]Jesus, Light of h[A]eaven
Friend for[F#m7]ever
His [D]Kingdom[A] come

Interlude 1 (Oh oh)
[|  F#m7 / / D | A / / / | F#m7 / / D | A / / / |]
[|  F#m7 / / D | A / / / | F#m7 / / D | A / / / |]

Bridge
Swing [E]wide all You h[F#m7]eavens
[D]   Let the praise go [A]up
As the walls come [E]down
All cre[F#m7]ation
[D]   Everything with br[A]eath
Repeat the [E]sound
All His ch[F#m7]ildren
[D]   Clean hands, pure h[A]earts
Good grace, good [E]God
His name is [F#m7]Jesus [(D)] [A]

Interlude 2 (Oh oh)
[|  A / / D | A / / D | F#m7 / / D | A / / / |]
[|  A / / D | A / / D | F#m7 / / D | A / / / |]",A,,,,,,,,,,,,
16909549,A022 - At Your Name,5942543,"Adoration, His Name, Praise, Proclamation","","February 13, 2026","",Genre: Contemporary,Mood: Declarative,Purpose: Call to Worship,Season: 2019-Winter,"","Themes: God's Greatness, Power, Glory",Default Arrangement,162,0,"","A, G: Chris","Verse 1
At Your n[A]ame   the mountains shake and cr[D]umble
At Your n[A]ame   the oceans roar and t[D]umble
At Your n[E]ame angels will b[F#m]ow
The earth will rej[D]oice   Your people cry o[E]ut

Chorus
[A]Lord of all the earth we shout Your name, shout Your name
[F#m]Filling up the skies with endless praise, endless praise
[E]Yahweh, Yahweh, we [D]love to shout Your name oh L[A]ord

Verse 2
At Your name   the morning breaks in glory
At Your name   creation sings Your story
At Your name angels will bow
The earth will rejoice   Your people cry out

Bridge
There is [E]no one like our God, we will [F#m]praise You, [D]praise You
There is [E]no one like our God, we will [A]sing, we will sing
There is [E]no one like our God, we will [F#m]praise You, [D]praise You
[E]Jesus is our God, we will [D   E   F#m   E/G#]sing",A,,,,,,,,,,,,
17074944,R007 - Remembrance,7102398,"Grace, Remembrance, Salvation","","December 27, 2027","",Genre: Contemporary,Mood: Reflection & Prayer,Purpose: Communion,Season: 2019-Winter,"","Themes: Commitment & Dedication, Jesus' Life, Death, & Resurrection, Our Testimony & Redemption",Default Arrangement,140,0,"","A: Chris, E","INTRO
[| B5 / B5/C# | Esus2 / / | G#m7 / F# | Esus2 / / |]
[| B5 / B5/C# | Esus2 / / | G#m7 / F# | B5 / / / |]

VERSE 1
[B5]     I take the [B5/C#]bread of [Esus2]life
[G#m7]     Broken for [F#]all my [Esus2]sin
[B5]     Your body [B5/C#]cruci[Esus2]fied
[G#m7]     To make me [F#]whole a[B5]gain

VERSE 2
[B5]     I will re[B5/C#]call the [Esus2]cup 
[G#m7]     Poured out in [F#]sacri[Esus2]fice 
[B5]     To trade this [B5/C#]sinner's [Esus2]end
[G#m7]     For Your new [F#]cove[B5]nant 

CHORUS
Halle[E]lujah 
[B]I'll live my life in remem[F#]brance 
Halle[E]lujah 
Your [B]promise I won't for[F#]get 

VERSE 3
[B5]    I'll walk sal[B5/C#]vation's [Esus2]road 
[G#m7]     With fear and [F#]trembl[Esus2]ing 
[B5]     Your way borne [B5/C#]as my    [Esus2]own 
[G#m7]     As Christ is [F#]formed in [B5]me

REPEAT CHORUS

COLUMN_BREAK

POST CHORUS 1
If [E]ever I should lose my way 
If [F#]ever I deny Your grace
Re[G#m]mind me of the price [B/D#]You paid[E] 
Halle[C#m9]lujah 
I'll [F#]live in remembrance[B]

INSTRUMENTAL
[| F# / / / | G#m / / / | E / / / | B / / / |]
[| F# / / / | G#m / / / | E / / / |] 
BRIDGE
You've been [B]so so good to [F#]me
You've been [G#m]so so good to [E]me
Oh to [B]think where I would [F#]be 
If not for You[G#m]
If [F#]not for You[E]

POST CHORUS 2
As [E]far as heights reach from the depths 
As [F#]far as east is from the west
So [G#m]far Your grace has ca[B/D#]rried me[E]

TAG
[E]     Until I see You face to face
Un[F#]til at last I've won my race
Re[G#m]mind me You're not fi[B/D#]nished yet[E]
Halle[C#m7]lujah 
[F#]     Halle[C#m7]lujah
[F#]     Halle[C#m7]lujah 
I'll [F#]live in remem[B]brance",B,,,,,,,,,,,,
17180904,W024 - Worthy Is The Lamb,3217555,", Cleansing, Crucifixion, Exaltation, Holiness, Jesus, Lamb of God, Thankfulness","","March 19, 2026","",Genre: Contemporary,Mood: Reflection & Prayer,"",Season: 2019-Winter,"","Themes: Holiness & Purity, Jesus' Life, Death, & Resurrection, Thankfulness & Adoration",Default Arrangement,140,0,"","A, E, G","Intro: [D/C  G/B  D/C  G/B]

Verse 1
Thank you for the c[C]ross, Lor[G/B]d
Thank you for the p[C]rice Y[D]ou p[G]aid
Bearing all my s[D/E]in and sh[Em7]ame
In l[D]ove You c[C]ame
And g[Am7]ave am[G/B]azing gr[D]ace

Verse 2
[G/B]Thank you for this l[C]ove, Lor[G/B]d
Thank you for the n[C]ail pie[D]rced h[G]ands
Washed me in Your cl[D/E]eansing f[Em7]low
Now a[D]ll I k[C]now
Your forgi[Am7]veness and emb[Dsus]race

Chorus
[G]Worthy is the L[D/F#]amb
S[Am7]eated [G/B]on the t[C2]hrone
We [D]crown You n[D/C]ow with m[G/B]any c[C]rowns
You [Am7]reign v[Am7/G]ictorio[D]us

[G]High and lifted [D/F#]up
[Am7]Jesus S[G/B]on of G[C2]od
The [D]Treasure of H[D/C]eaven cr[G/B]ucif[C]ied  [Dsus]
Worthy is the L[Am7]amb  [G/B  C]
Worthy is the L[Am7]amb  [G/B  C/D]",G,,,,,,,,,,,,
17334231,G018 - Goodness Of God,7117726,"","","December 29, 2027","",Genre: Contemporary,"Mood: Adoration, Declarative, Reflection & Prayer","",Season: 2019-Winter,"","Themes: God's Faithfulness, Thankfulness & Adoration, Trust",Default Arrangement,137.36,0,"","A, C: Chris, G","Intro[ Ab Db Ab Db ]

Verse 1
I love You[Ab] Lord
Oh Your[Db] mercy never[Ab] fails me
[Eb/G]All my [Fm]days
I've been[Db] held in Your h[Eb]ands
From the moment that I [Fm]wake up [Db]
Until I lay my h[Ab]ead [Eb/G] [Fm]
I will [Db]sing of the g[Eb]oodness of [Ab]God

Chorus
[Db]All my life You have been f[Ab]aithful
[Db]All my life You have been [Ab]so, so [Eb]good
[Db] With every breath that I am [Ab]able[Eb/G] [Fm]
I will [Db]sing of the [Eb]goodness of [Ab]God

Verse 2
I love Your v[Ab]oice
You have [Db]led me through the f[Ab]ire
In [Eb/G]darkest [Fm]nights
You are [Db]close like no o[Eb]ther
I've known You as a fathe[Fm]r
[Db] I've known You as a [Ab]friend[Eb/G] [Fm]
I have [Db]lived in the g[Eb]oodness of G[Ab]od

Bridge
[Ab/C]Your goodness is [Db]running after, it's r[Eb]unning after m[Ab]e
[Ab/C]Your goodness is [Db]running after, it's r[Eb]unning after m[Ab]e
With my [Ab/C]life laid down, I'm s[Db]urrendered now, I g[Eb]ive You everyt[Fm]hing
[Ab/C]Your goodness is [Db]running after, it's r[Eb]unning after m[Ab]e",Ab,Spanish,,0,"",Ab,"Intro[ Ab Db Ab Db ]

Verse 1
Te amo [Ab]Dios
Tu a[Db]mor nunca me f[Ab]alla
[Eb/G]Mi exis[Fm]tir
En tus [Db]manos es[Eb]tá
Desde el momento en que des[Fm]pierto  [Db]
Hasta el anoche[Ab]cer [Eb/G] [Fm]
Yo canta[Db]ré de la [Eb]bondad de [Ab]Dios


Chorus
[Db]En mi vida he sido [Ab]bueno
[Db]En mi vida he sido [Ab]tan, tan [Eb]fiel
[Db]Con mi ser con cada [Ab]aliento[Eb/G] [Fm]
Yo canta[Db]ré de la [Eb]bondad de [Ab]Dios


Verse 2
Yo amo tu [Ab]voz
Me has [Db]guiado por [Ab]fuego
Tú [Eb/G]cerca es[Fm]tás
En la [Db]oscuri[Eb]dad
Te conozco como [Fm]Padre  [Db]
Y como a[Ab]migo fiel [Eb/G] [Fm]
Mi vida es[Db]tá En la [Eb]bondad de [Ab]Dios








Bridge
[Ab/C]Tu fidelidad [Db]sigue [Eb]persiguiéndo[Ab]me
[Ab/C]Tu fidelidad [Db]sigue [Eb]persiguiéndo[Ab]me
Todo [Ab/C]lo que soy te lo en[Db]trego hoy
A [Eb]tí me rendi[Fm]ré
[Ab/C]Tu fidelidad [Db]sigue [Eb]persiguiéndo[Ab]me

",Ab,,,,,,,,
17387846,G013 - God So Loved,7102394,"Blood, Grace, God's Love, Sacrifice","","January 31, 2026","",Genre: Contemporary,Mood: Adoration,"",Season: 2019-Spr/Sum,"","Themes: God's Love & as Father, Jesus' Life, Death, & Resurrection, Trust",Default Arrangement,70,0,"","A, D, G: Chris","Chorus
For [A]God so [D]loved the [A]world
That He gave His [D]only [E]Son
Whoso[F#m]ever be[D]lieves 
Will not [A]pe[E/G#]rish[F#m] 
They shall [D]have e[Esus]ter[E]nal    [A]life 

Verse 1
I shall [A]hold[D] to the [A]cross
[E/G#]I shall [F#m]hold[D] to God a[E]lone
For His [F#m]love[D] has salvaged [A]me [E/G# F#m] 
For His [D]love has [E]set me [A]free

Verse 2
I shall [A]wait[D] upon the [A]Lord
[E/G#]I shall [F#m]wait[D] upon His [E]Word
By His [F#m]grace[D] I am re[A]leased[E/G# F#m] 
By His [D]grace I [E]am re[A]deemed  [Asus]

Bridge 2X
By His [D]precious blood
I have [A]been set free
For the [F#m]glory of Jesus' [E]Name
I su[D]rrender all
Now to [A]Christ [E/G#]a[F#m]lone 
In [D]Jesus [E]I am [A]saved 

Ending
Yes, they shall [D]have e[Esus]ter[E]nal    [A]life
",A,Spanish,,0,"",A,"Chorus
Dios [A]tanto al  [D]mundo a[A]mó         (God loved the world so much)
Que a su [A]hijo [D]entre[E]gó                (That He gave His Son)
Para [F#m]que los [D]que creen             (So that those who believe)
No se [A]pi[E/G#]er[F#m]dan                      (Don't get lost)
Vida e[D]terna Él [Esus]les [E]da[A]rá           (He will give them Eternal Life)

Verse 1
Firme es[A]toy   [D]    en l[A]a cruz                           (I am firm on the cross)
[E/G#]Firme es[F#m]toy [D]  Solo en J[E]esús                    (Firm I am alone in Jesus)
Pues su a[F#m]mor [D] me res[A]ca[E/G# F#m] tó                       (Well his love rescued me)
Pues su a[D]mor  me [E]libe[A]ró                             (Well his love set me free)

Verse 2
Confia[A]ré   [D]    en el Se[A]ñor                             (I will trust in the Lord)
[E/G#]Confia[F#m]]ré  [D]   solo en su[E] voz                       (I will trust only your voice)
Gracia [F#m]que [D]  me perd[A]o[E/G# F#m]nó                        (Grace that forgave me)
Gracia [D]que me [E]redi[A]mió                               (Grace that redeemed me)

Bridge
Con la [D]sangre que                              (With the blood that)
Derra[A]mó en la cruz                             (Was shed on the cross)
Liber[F#m]tad      Él me entre[E]gó                   (Freedom He gave me)

Todo [D]lo que soy                                   (Everything I am)
Se lo [A]rind[E/G#]o a [F#m]Él                                 (I surrender to Him)
Je[D]sús me [E]resca[A]tó                                (Jesus rescued me)

",A,,,,,,,,
17388073,S005 - Scandal Of Grace,6428750,"","","December 28, 2027","",Genre: Contemporary,Mood: Declarative,"",Season: 2019-Spr/Sum,"","Themes: Commitment & Dedication, Hope, Jesus' Life, Death, & Resurrection",Default Arrangement,126,0,"","A, B, F, G: Chris, Yohan","INTRO
C F Am F

VERSE 1
[C]Grace what have You done
[Am]Murdered for [F]me on that [C]cross
[C]Accused in absence of wrong
My [Am]sin washed [F]away in Your [C]blood


PRE-CHORUS 1
[Em]Too much to make [F]sense of it [C]all
I [Em]know that Your [F]love breaks my [C]fall
The [G]scandal of grace
You [Am]died in my place 
So my [F]soul will live


CHORUS
Oh to be [C]like You
Give all I have just to [G6]know You
Jesus there's no one [F]beside You
Forever the hope in my [C]heart[F Am F]

COLUMN_BREAK
VERSE 2
Death where is your sting
Your power is as dead as my sin
The cross has taught me to live
And mercy my heart now to sing


PRE-CHORUS 2
The day and its troubles shall come
I know that Your strength is enough
The scandal of grace
You died in my place
So my soul will live


BRIDGE
And it's [C]all because of You Jesus
It's [G]all because of You Jesus
It's [Am]all because of Your love
That my [F]soul will live",C,,,,,,,,,,,,
17437347,W018 - Won't Stop Now,7111932,Presence of God / Holy Spirit,"","December 02, 2022","",Genre: Contemporary,Mood: Declarative,Purpose: Call to Worship,Season: 2019-Spr/Sum,"","Themes: God's Faithfulness, God's Presence & Intimacy, Commitment & Dedication, Trust, Hope",Original Recording (Elevation Worship),122,0,"","A: Default Key, D, E, G: Chris","INTRO
[A / / / | A / / / ]
[A / Bm / | A / / / | F#m / E / | D / / /]

VERSE 1
I give You [A]glory
For [D]all You’ve brought me [A]through
And now I’m [F#m]ready
For what[E]ever You wanna do [D]
 
VERSE 2
I'm moving forward
To follow after You
And now I’m ready
For whatever You wanna do
 
CHORUS
Your [A]presence [Bm]
Is an open do[A]or
We want You L[F#m]ord like [E]never be[D]fore    
Your [A]presence [Bm]
Is an open do[A]or [A/C#]
So come now [D]Lord like [Bm]never be[A]fore
 
VERSE 3
In every season
Your grace has been enough
And I’m believing
The best is yet to come

VERSE 4
The cross before me
My hope on things above
And in You Jesus
The best is yet to come
COLUMN_BREAK
INTERLUDE (x2) 
|D  /  /  /  | /  /  / F#m |
|E  /  /  / | /  /  /  A/C# |

BRIDGE
[A/C#-D]   I know breakthrough is coming
[F#m-E]   By faith I see a miracle
[A/C#-D]   My God made me a promise
And [F#m-E]  it won’t stop now",A,,,,,,,,,,,,
17634661,R001 - Raise A Hallelujah,7119315,"","","December 06, 2024","",Genre: Contemporary,Mood: Declarative,"",Season: 2019-Spr/Sum,"",Themes: Hope,Bethel Music,82,465,"","B, Bb, C, Db, G","Verse 1
I [Db]raise a hallelujah, in the presence of my enemies
I raise a hallelujah, louder than the unbelief
I raise a hallelujah, my weapon is a melody
I raise a hallelujah, Heaven comes to fight for me

Chorus
[Gb]I’m gonna sing, 
In the [Db]middle of the storm
[Bbm]Louder and louder, 
You’re gonna [Ab]hear my praises roar
[Gb]Up from the ashes, [Db]hope will arise
[Bbm]Death is defeated, the [Ab]King is alive

Verse 2
I [Db]raise a hallelujah, with [Gb]everything inside of me
I [Bbm]raise a hallelujah, [Ab]I will watch the darkness flee
I [Db]raise a hallelujah, in the [Gb]middle of the mystery
I [Bbm]raise a hallelujah, [Ab]fear you lost your hold on me

COLUMN_BREAK
Bridge
[Db]Sing a little louder (Sing a little louder)
[Ab]Sing a little louder (Sing a little louder)
[Bbm]Sing a little louder (Sing a little louder)
[Gb]Sing a little louder (Sing a little louder)
[Db]Sing a little louder, in the presence of my enemies
[Ab]Sing a little louder, louder than the unbelief
[Bbm]Sing a little louder, my weapon is a melody
[Gb]Sing a little louder, Heaven comes to fight for me[Gb]

Tag
I [Db]raise a hallelujah
I [Gb]raise a hallelujah
I [Bbm]raise a hallelujah
I [Ab]raise a hallelujah",Db,,,,,,,,,,,,
17827415,C002 - Canvas And Clay,7133880,"Creation, Perseverance, Perspective","","December 27, 2027","",Genre: Contemporary,Mood: Declarative,"",Season: 2019-Fall,"","Themes: God's Faithfulness, Our Testimony & Redemption, Trust",Worship Together,140,0,Psalm 139:13-15; Isaiah 64: 8,"A: Chris, B: B, E, F, G","Intro
[| E / B / | G#m7 / F#sus |] (x2)

Verse 1
In my [E]mother’s w[B]omb 
You [G#m7]formed me with Your [F#sus]hands
Known and [E]loved by Y[B]ou 
Be[G#m7]fore I took a [F#sus]breath

Pre-Chorus 1
When I [C#m7]doubt it, Lord, re[B/D#]mind me 
I’m [E2]wonderfully made
You’re an [G#m7]artist and a [F#sus]potter
I’m the c[E2]anvas and the cl[B]ay
 
Chorus
You make [E2]all things work to[F#sus]gether
For my f[G#m7]uture and [Bsus]for my [B2]good
You make [E2]all things work to[F#sus]gether
For Your [G#m7]glory and [Bsus]for Your [B2]name
 
Verse 2
There’s a [E]healing l[B]ight 
[G#m7]Just beyond the [F#sus]clouds
Though I’ve [E]walked through f[B]ire
[G#m7]I see clearly [F#sus]now
 




Pre-Chorus 2
I know [C#m7]nothing has been [B/D#]wasted
No [E2]failure or mistake
You’re an [G#m7]artist and a [F#sus]potter
I’m the c[E2]anvas and the cl[B]ay

Interlude
[| G#m7 / F#(add4) | E / B / |] (x2)

Bridge
When I [G#m7]doubt it, Lord, re[F#(4)]mind me 
I’m w[E]onderfully m[B]ade
You’re an [G#m7]artist and a [F#(4)]potter
I’m the c[E]anvas and the cl[B]ay

I know [G#m7]nothing has been [F#(4)]wasted
No [E]failure or mis[B]take
You’re an [G#m7]artist and a [F#(4)]potter
I’m the c[E]anvas and the cl[B]ay

Tag
You're not [G#m7]finished with me [F#(4)]
You're not [E]finished with me [B]yet
You're not [G#m7]finished with me [F#(4)]
You're not [E]finished with me [B]yet",B,,,,,,,,,,,,
17836382,H032 - How Great Is Your Love,7076958,"","","February 01, 2026","",Genre: Contemporary,Mood: Declarative,"",Season: 2019-Spr/Sum,"",Themes: God's Love & as Father,Default Arrangment,74,309,"","A: A, Bb: Bb, C, G","
INTRO
C /// | //// |

VERSE 1
                C
From the darkness I called Your name
      G
into darkness Your mercy came
                       F                    Am
You called me out - lifted me up
                             G
How great is Your love


VERSE 2
                     C
You bore my weakness - You took my shame
                 G
Buried my burdens in fields of grace
                        F                    Am
You called me out - lifted me up
                             G
How great is Your love


PRE-CHORUS
C
  From the heights of heaven, 

You stepped down to earth
G
  Innocent perfection, You gave Your life for us
         F                        Am
  And we are amazed - we stand in awe
       G
For we have been changed 

by the power of the cross


CHORUS
        C
How great, how great, how great is Your love
        G
How great, how great, how great is Your love
       Am
How great, how great, how great is Your love
      F
for us


VERSE 3
In Your kindness - You lead me home
In Your presence where I belong
You called me out - lifted me up
How great is Your love


BRIDGE
Am                                  F
  There has never been - there will never be
C                   G
  A God like You - a love so true
Am                                  F
  There has never been - there will never be
C                 G (Dm)                              (F)
  A God like You - a love so true",C,,,,,,,,,,,,
17854828,F004 - Fill This Place,7035223,Presence of God / Holy Spirit,"","January 31, 2026","",Genre: Contemporary,Mood: Celebratory,Purpose: Call to Worship,Season: 2019-Fall,"","Themes: God's Presence & Intimacy, Hope, Trust",Original Recording (Red Rocks Worship),140,0,"","E: Original, F, G: Chris","INTRO
| E / / / | A/E / / / |

VERSE 1
[E] There is a light that b[A/E]urns in the darkne[E]ss     [A/E]
[E] There is a hope that w[A/E]ashes the fear a[E]way     [A/E]
[C#m] There is a peace that s[A]ettles around u[E]s
[C#m] It is Your love that s[B]ets our hearts abl[E]aze

CHORUS
[E] Father we're on [E/G#]our kne[A]es
With every heartbeat [C#m]we    bring you this of[E/G#]fer -[A]ing 

Lord come and fill this place 
[E] Father we're cry[E/G#]ing o - [A]ut Spirit we need You n[C#m]ow
Glorious love [E/G#]surr - [A]ounds us
Lord come and fill this [E    <i>To Bridge</i>: E/G#  A  C#m A]place 

INTERLUDE
| E / / / | A/E / / / |

VERSE 2
There is a king that reigns in victory
There is a mercy strong enough to save
We feel it rising up from the ashes
[C#m] There is a love that [B]overcame the gr[E]ave
[C#m] There is a love that [B]overcame the gr[E]ave

BRIDGE
And I will [E (E/G#)]worship You, I will [A]worship You
I will [C#m]worship You al[A]ways",E,,,,,,,,,,,,
17854969,W002 - Way Maker,7115744,"","","December 27, 2027","",Genre: Gospel,Mood: Declarative,"",Season: 2019-Fall,"","Themes: God's Faithfulness, Hope",Default Arrangement,128,0,"","A, C: Chris, G","VERSE 1
You are [F]here, moving in our [C]midst
I worship [G]You   I worship [Am]You
You are [F]here, working in this [C]place
I worship [G]You   I worship [Am]You

CHORUS
You are [F]way maker
Miracle worker, [C]promise keeper
Light in the darkness, [G] my God
That is who You [Am]are

VERSE 2
You are here, touching every heart
I worship You   I worship You
You are here, healing every heart
I worship You   I worship You
You are here, turning lives around
I worship You   I worship You
You are here, mending every heart
I worship You   I worship You

TAG
That is who You [F]are
That is who You [C]are
That is who You [G]are
That is who You [Am]are

COLUMN_BREAK
BRIDGE
[F] Even when I don't see it
You're working
[C] Even when I don't feel it
You're working
[G] You never stop
You never stop working
[Am] You never stop
You never stop working",C,Spanish,,0,"",C,"VERSE 1
Aquí es[F]tás, Te vemos mo[C]ver      (Here you are, we see you move)
Te adora[G]ré   Te adora[Am]ré             (I worship You, I worship You)
Aquí es[F]tás, Obrando en [C]mí        (Here you are, working in me)
Te adora[G]ré   Te adora[Am]ré             (I worship You, I worship You)

CHORUS
[F]   Milagroso, abres camino                      (Miraculous, you make a way)
[C]  Cumples promesas, Luz en tinieblas    (You keep promises, Light in darkness)
[G] Mi Dios, así eres [Am]Tú                               (My God, that's how you are)

VERSE 2
Aquí es[F]tás, Sanando mi cora[C]zón      (Here you are, healing my heart)
Te adora[G]ré   Te adora[Am]ré                    (I worship You, I worship You)
Aquí es[F]tás, Tocando mi cora[C]zón      (Here you are, touching my heart)
Te adora[G]ré   Te adora[Am]ré                    (I worship You, I worship You)

TAG
Así eres [F]Tú     (That's how you are)
Así eres [C]Tú     (That's how you are)
Así eres [G]Tú     (That's how you are)
Así eres [Am]Tú     (That's how you are)

BRIDGE
[F]  Aunque no pueda ver, estás obrando         (Although I can't see, you are working)
[C]  Aunque no pueda ver, estás obrando       (Although I can't see, you are working)
[G] Siempre estás, siempre estás obrando     (You are always, you are always working)
[Am]  Siempre estás, siempre estás obrando     (You are always, you are always working)
",C,,,,,,,,
17937520,G025 - Great Things,7111321,"","","March 08, 2026","",Genre: Contemporary,Mood: Celebratory,Purpose: Call to Worship,Season: 2019-Fall,"","Themes: God's Faithfulness, God's Greatness, Power, Glory",Default Arrangement,107,291,"","A, C, D: Grace, E, F, G: Chris","Intro
| A / / / | A / Bm7 / |
| F#m7 / / / | F#m7 / D / | (x2)

Verse 1
A
Come, let us worship our King 
A
Come, let us bow at His feet 
                      D
He has done great things  

A
See what our Savior has done 
A
See how His love overcomes 
                    D 
He has done great things 
                     F#m7            Esus
He has done great things

 
Chorus
      A
Oh Hero of Heaven You conquered the grave 
      F#m7
You free every captive and break every chain  
     D
oh God, You have done great things 
(oh God, You will do great things)

      A
We dance in Your freedom, awake and alive     
      F#m7
Oh Jesus, our Savior, Your name lifted high 
     D
oh God, You have done great things 
(oh God, You will do great things)

COLUMN_BREAK
Verse 2
You’ve been faithful through every storm 
You’ll be faithful forevermore
You have done great things 
 
And I know You will do it again 
For Your promise is Yes and Amen 
You will do great things 
God, You do great things

| A / / / | A / / / |

Bridge 
D               Esus
Hallelujah, God above it all 
F#m          C#m
Hallelujah, God unshakable 
D              Esus                           F#m  A/C#
Hallelujah, You have done great things  
(Hallelujah, You will do great things)

D               Esus
Hallelujah, God above it all 
F#m          C#m
Hallelujah, God unshakable 
D               Esus                           F#m   
Hallelujah, You have done great things  
                               E/G#
You've done great things
(You will do great things)",A,,,,,,,,,,,,
18041245,P011 - Psalm 23 (I Am Not Alone),7111981,"","","March 01, 2026","",Genre: Gospel,Mood: Desperation & Dependence,"",Season: 2019-Fall,"","Themes: God's Faithfulness, God's Presence & Intimacy, Holy Spirit",People & Songs,136.76,407,"","Bb, D: Chris, E, G","VERSE 1
The Lord is my [E]Shepherd, He goes befor[A]e me
Defender beh[C#m]ind me, I won't [A]fear
I'm filled with ano[E]inting, my cup's over[A]flowing
No weapon can h[C#m]arm me, I won't [A]fear

CHORUS
[B]Hallelujah, [C#m]I am not al[A]one
[B]He's my comfort, [C#m]always holds me [A]close

VERSE 2
He always guides me through mountains and valleys
His joy is refreshing, restores my soul
Mercy and goodness, give me assurance
That I'll see His glory face to face

BRIDGE
[A] Your Spirit lives within me
[E/G#] So I will walk in Your peace
[F#m] Your Spirit lives within me
[B/D#] My victory, [E7sus4] [E7] my victory

My victory, my victory
My victory, my victory
My victory, my victory",E,,,,,,,,,,,,
18076653,R010 - Run To The Father,7133494,"God's Love, Grace, Mercy, Surrender, Trust","","February 20, 2026","",Genre: Contemporary,"Mood: Declarative, Desperation & Dependence","",Season: 2019-Fall,"","Themes: God's Love & as Father, Repentance",Cody Carnes,137,309,"","A, Bb: Chris, C, F, G","Intro
[| C | Dm7(4) | Am7 | F2 |]

Verse 1
[C]   I've carried a b[Dm7(4)]urden
[Am7]  For too long on m[F2]y own
[C]   I wasn't cre[Dm7(4)]ated
[Am7]  To bear it al[F2]one
[C]   I hear Your invi[Dm7(4)]tation
[Am7]  To let it all g[F2]o
I see it n[C]ow I'm laying it d[Dm7(4)]own
I know  th[Am7]at  I [G(4)]need [F2]You

Chorus 1
I run to the [C]Father, I fall into g[Dm7(4)]race
I'm done with the h[Am7]iding
No reason to w[F2]ait
My heart needs a s[C]urgeon
My soul needs a f[Dm7(4)]riend
So I'll run to the F[Am7]ather,
Again and a[F2]gain and again and ag[C]ain

Interlude
[   Dm7(4)]Oh, [   Am7]Oh, [   F2]Oh

COLUMN_BREAK
Verse 2
You saw my condition
Had a plan from the start
Your Son for redemption 
The price for my heart
I don't have a context
For that kind of love
I don't understand
I can't comprehend
All I know is I need You

Bridge
My heart has been [Am7]in Your [F2]sights
Long before [C/E]my first b[G]reath
Running in[Am7]to Your [F2]arms
Is running to [C/E]life from [G]death
I feel this [Am7]rush deep in my [F2]chest
Your mercy is [C/E]calling [G]out
Just as I [Am7]am You pull me [F2]in
I know I [C/E]need You [G]now

Chorus 2
I run to the Father, I fall into grace
I'm done with the hiding
No reason to wait
My heart found a surgeon
My soul found a friend
So I'll run to the Father
Again and again and again and again",C,,,,,,,,,,,,
18079130,I027 - It Is So,7124943,"","","April 02, 2026","",Genre: Contemporary,"Mood: Declarative, Reflection & Prayer","",Season: 2019-Fall,"","Themes: God's Faithfulness, God's Kingdom & Reign, Hope",Elevation Worship,147,350,"","C, D","Verse 1
There is a [G]promise
That points beyond my [D]failure
There is a [G]still voice
To silence all my[D] fears
Even the[G/B] worst of my mis[A/C#]takes
Are [D]miracles in the m[G]aking
A [D/F#]miracle's[G] in the [A]making


Chorus
By Your [G]stripes I am healed
With one[D] touch I am made whole
You have [G]spoken
And I [Bm]know that[A] it is [D]so
In the[G] storm You are peace
And Your[D] love won't let me go
You have [G]spoken
And I [Bm]know that[A] it is [D]so

COLUMN_BREAK
Verse 2
In every season
Your purpose is unchanging
In every moment
You’re working for my good
Jesus the Rock that never fails
Your kingdom will not be shaken
Your kingdom will not be shaken


Bridge
[G]Your word is settled in heaven
[A]It will be [Bm]done, Father let it be done
[G]Yours is the kingdom forever
[A]Your will be [Bm]done, [A]let it be done


Outro
You have [G]spoken
And I [Bm]know that[A] it is [D]so",D,,,,,,,,,,,,
18091460,K004 - King Of Kings,7127647,"","","March 29, 2026","","","","","","","",Defaut Arrangement,136,0,Luke 24:1-8; Acts 2:24-28; Acts 2:42-47,"D: D, E, F: Chris, G","Intro
[| D(no3) / / / | / / / / | D(no3) / / / | / / /   |]

Verse 1
In the d[D/F#]arkness we were w[G]aiting
Without ho[A]pe without li[D]ght
Till from h[D/F#]eaven You came r[G]unning
There was m[A]ercy in Your [D]eyes
 
To fu[D/F#]lfill the law and p[G]rophets 
To a v[A]irgin came the W[D]ord
From a th[D/F#]rone of endless gl[G]ory
To a cr[A]adle in the d[D(no3)]irt
 
Chorus
[D]Praise the Father
[G2]Praise the Son
[Bm7]Praise the Spirit [D/A]Three in [A]One
[D(no3)]God of glory, [G2]Majesty
[Bm7]Praise for[G2]ever to the [A]King of [D(no3)]Kings
 
Verse 2
To reveal the kingdom coming
And to reconcile the lost
To redeem the whole creation
You did not despise the cross
 
For even in Your suffering
You saw to the other side
Knowing this was our salvation 
Jesus for our sake You died

COLUMN_BREAK
Verse 3
And the [Bm]morning that You [G]rose
All of h[A]eaven held its br[D]eath
Till that s[Bm]tone was moved for g[G]ood
For the L[A]amb had conquered d[D]eath
 
And the d[Bm]ead rose from their t[G]ombs
And the [A]angels stood in [D]awe
For the [Bm]souls of all who’d [G]come
To the [A]Father are rest[D]ored
 
Verse 4
And the [D/F#]Church of Christ was b[G]orn
Then the S[A]pirit lit the fl[D]ame
Now this [D/F#]gospel truth of [G]old
Shall not [A]kneel shall not f[D]aint
 
By His [D/F#]blood and in His [G]Name
In His fr[A]eedom I am f[D]ree
For the l[D/F#]ove of Jesus Ch[G]rist
Who has re[A]surrected [D(no3)]me

Outro
[D/F#]Praise for[G2]ever to the [A]King of [D(no3)]Kings",D,,,,,,,,,,,,
18243381,I026 - It Is Finished,7123205,"Calvary, Crucifixion, Sacrifice, Victory, Resurrection, Mercy, Grace, God's Love, Surrender","","August 18, 2025","",Genre: Contemporary,Mood: Declarative,"",Season: 2019-Fall,"","Themes: Jesus' Life, Death, & Resurrection",Passion (Default),74,327,"","E, F: Original Key, G","Intro 
 | F2 / / / | / / / / | 
 | Bb2 / / / | Csus / / F/A |
 | Bb2 / / / | Csus / / F/A |
 | Bb2 / / / | Csus / / F/A |
 | Bb2 / Dm7 / | Csus / / / |

Verse 1
 Bb2                         Csus       F/A
   The cross is my beginning  
 Bb2                             Csus     F/A
   The line drawn in the sand   
 Bb2                          Csus         
   The end of all my striving 
                   F/A   Bb2   Dm7  Csus
   Now I am born again    

Verse 2
 Bb2                         Csus     F/A
   There, Jesus was forsaken 
 Bb2                  Csus    F/A
   So I will never be       
 Bb2         Csus
   His grace is my salvation 
         F/A    Bb2        Dm7     Csus
   The gift of God  The work of Calvary 

         Chorus 1
                   F                         
         It is done, it is finished 
                          Dm7
         Christ has won, He is risen 
                       Csus
         Grace is here 
                                                   Bb2    Bb2
         Love has triumphed over death, Forever 

Verse 3
   The cross needs no addition   
   His mercy is complete     
   His love is not in question
   The Son of God, has spoken over me 

COLUMN_BREAK
Interlude
 | F / / / | Gm7 / / / | Dm7 / / / | Bb2 / / / |

Bridge
F                                         Gm7
Strongholds bowing to the Savior 
                       Dm7
Resurrection power 
                   Bb2
Over every circumstance 
       F                                   Gm7
His word stands final and forever 
                     Dm7
It will not be shaken 
                       Bb2
He alone has won it all 


Chorus 1
         F                         
It is done, it is finished 
                 Dm7
Christ has won, He is risen 
               Csus
Grace is here 
                                           Bb2    Bb2
Love has triumphed over death, Forever 

Chorus 2
         F                          
It is done, it is finished 
           Dm7
Mercy won, I’m forgiven 
               Csus
Sing His name 
                                 Bb2
He is worthy of our praise 
Bb2
Jesus


",F,,,,,,,,,,,,
18566221,S008 - See The Light,7134996,"","","October 01, 2023","",Genre: Contemporary,Mood: Celebratory,Purpose: Call to Worship,Season: 2020 - Winter,"","Themes: Church & Unity, Commitment & Dedication, Thankfulness & Adoration",Default Arrangement,116,0,Galatians 2:20; 1 Chronicles 16:23-29,"A, E, G","Intro
[|A / / / | A / / / | A / / / | A / / / |]
[|A / / / | A / / / | A / / / | A / / / |]

Verse 1
A[A]rise my so[A]ul   
Re[A]member th[A]is 
He [A]took my si[A]n 
And He [A]buried it[A] 

Chorus 1
No longer[D] I w[E]ho l[A]ive
Now J[A]esus lives in m[E]e
For I was [D]dead [E]in s[A]in
But I woke [E]up to see the light 

Turnaround
[|A / / / | Asus2 / / / | Asus / / / | A / / / |]

Verse 2
No [A]I won’t bo[A]ast
But [A]in the cr[A]oss
That [A]saved my so[A]ul
All [A]else is lo[A]ss

Verse 3
The[F#m] grip [E]of fe[A]ar
Has no [A]hold on m[A]e
So [F#m]where [E]O de[A]ath
Where [D]is [E]your st[A]ing

COLUMN_BREAK

Chorus 2
No longer[D] I w[E]ho [F#m]live
Now J[A]esus lives in m[E]e
For I was [D]dead [E7]in si[F#m]n
But I woke [E]up to see the light 

Turnaround
[|A / / / | Asus2 / / / | Asus / / / | A / / / |]
[|A/D / / / | Asus2/D / / / | Asus / / / | A / / / |]

Bridge
[A]All,   [A] all of this for your [A]glory   [A]
[A]All,   [A] all of this for your [A]glory   [A]
[F#m]All,   [D] all of this for your [A]glory   [A]
[F#m]All,   [D] all of this for your [A]glory   [A]
[F#m]All,   [D] all of this for your [A]glory   [A]
[F#m]All,   [D] all of this for your [Esus]glory   [E]

REPEAT CHORUS 2

Turnaround
[|A / / / | Asus2 / / / | Asus / / / | A / / / |]
[|A/D / / / | Bm7 / / / | Asus / / / | A / / / |]

Bridge
[A]All,   [A] all of this for your [A]glory   [A]
[A]All,   [A] all of this for your [A]glory   [A]
[F#m]All,   [D] all of this for your [A]glory   [A]
[F#m]All,   [D] all of this for your [A]glory   [A]",A,,,,,,,,,,,,
18574343,T024 - Touch Of Heaven,7102403,"","","March 20, 2026","",Genre: Contemporary,Mood: Desperation & Dependence,"",Season: 2020 - Winter,"","Themes: Commitment & Dedication, God's Presence & Intimacy, Surrender",Default Arrangement,137.5,0,"Psalm 16:11, James 4:8, Hebrews 10:19-22","A, B, E, G","INTRO
[| Dadd2 / / / | F#m7 / / / | A / / / | Esus / / / |]

VERSE 1
[Dsus2]     How I live for the moments 
[F#m7]     Where I'm still in Your presence 
[A5]     All noise dies down
[Esus]     Lord speak to [A/C#]me now
[Dsus2]     You have all my attention 
[F#m7]     I will linger and listen 
[A5]     I can't miss a thing[Esus] 


PRE CHORUS
     Lord I [A/C#]know my [D]heart wants more of You
     My [F#m7]heart wants something new
     So I[A] surrender all[Esus]


CHORUS 
All [A/C#]I [D]want is to live within Your [E]love
Be undone by who You [F#m7]are 
My desire is to [A/C#]know You deeper
[D]Lord I will open up a[E]gain 
Throw my fears into the [F#m7]wind 
I am desperate for a [A/C#]touch of heaven 

TAG 
[D]Oh    [E]Oh   [F#m7]Oh   [A/C#]Oh

COLUMN_BREAK
VERSE 2
      [D]   You're the fire in the morning [F#m7] 
         You're the cool in the evening [A]
         The breath in my so[Esus]ul
         The life in [A/C#]my    [D]bones
         There is no hesitation [F#m7]
         In Your love and affection  [A]
         It's the sweetest of all [E] 

BRIDGE
I open up my [D]heart to You
[E]     I open up my [F#m7]heart to You now[A/C#]
So do what only [D]You can 
[E]     Jesus have Your [F#m7]way in me now[A/C#] 

Instrumental
[| D / / / | E / / / | F#m / / / | A/C# / / / |] |2X|


TAG 2
Na na [D]na na na na na
Na na [E]na na na na na
Na na [F#m7]na na na na na yeah [A/C#]",A,,,,,,,,,,,,
18598123,R004 - Refiner,7142743,"","","December 27, 2027","",Genre: Contemporary,Mood: Desperation & Dependence,"",Season: 2020 - Winter,"","Themes: Commitment & Dedication, Repentance, Surrender",Default Arrangement,124,0,"","D, E","INTRO   
|Emaj9 \ \ \|Amaj7 \ \ \ |Emaj9 \ \ \|Amaj7 \ \ \|
|Emaj9 \ \ \|Amaj7 \ \ \ |Emaj9/G# \\\ |Amaj7 \\\|    

VERSE 1                                    
If the altar’s where You [Emaj9]meet us
Take me [Amaj7]there, take me there
If You're looking for an [Emaj9]offering
It’s right [Amaj7]here, my life is here
             Esus4 Emaj9     Amaj7
I’ll be a       li - ving     sacrifice for You
 

PRE-CHORUS
You’re a [B/D#]fire
The re[E/G#]finer
I [Amaj9]wanna be con[F#m7]sumed
 

CHORUS
I wanna be [Amaj9]tried by [E/G#]fire
C#m7 B/D#  E
Pur    -  i  -   fied
You take whatever [Amaj9]You  de[E/G#]sire
[C#m7]Lord here’s [B]my [E]life
 

VERSE 2
If Your glory wants to [Emaj9]come in
Let it [Amaj7]fall, we want it all
Lord Your fire is con[Emaj9]suming
Fill this [Amaj7]place, set it ablaze
             Esus4 Emaj9     Amaj7
I’ll be a       li - ving     sacrifice for You
 
COLUMN_BREAK
BRIDGE TURN
|E \ \ \ |

BRIDGE
[Amaj9]Clean my hands, puri[B]fy my [C#m7]heart
I wanna [Esus4]burn for [E]You, [C#m7]only for [B]You
[Amaj9]Take my life as a [B]sacri[C#m]fice
I wanna [Esus4]burn for [E]You, [C#m]only for [B]You

PRE-CHORUS TURN
|B \ \ \ |",E,,,,,,,,,,,,
18614732,A004 - Alabaster Heart,7133375,Gospel,"","December 27, 2027","",Genre: Contemporary,Mood: Declarative,"",Season: 2020 - Winter,"","Themes: Commitment & Dedication, Surrender",Default Arrangement,69,0,"","C, D, E, F, G: Chris","Intro
D   Em   G   (x2)

VERSE 1
So [D]here it is, my [Em]alabaster [G] heart
I’m [D]keeping nothing [Em]back from who You [G] are
No [Bm]hidden treasure [A]veiled by key or [G]lock
You’re a l[Em]ifetime worth of [D]worship
And that’s [A]only just the [G]start

VERSE 2
Here it is, my every waking day
The minutes, hours, the years of endless praise
For You’re worthy far beyond all I could say
There’s a lifetime worth of worship
In the nuance of Your names

CHORUS
Let it r[D]ise like incens[Em]e       My wh[G]ole life, a fragrance
[A]Every [Bm]ounce, here br[A]oken at Your fe[G]et
Every bre[D]ath, an offerin[Em]g       My he[G]art cries, these lungs sing
[A]Over [Bm]You, my wo[A]rthy King of K[G]ings

VERSE 3
There it is, Your alabaster cross
Giving all You are for all I’m not
I can’t believe that’s the kind of King You are
How could I not bring a lifetime
Worth of worship to You God

BRIDGE
[G]   All my love, [D/F#]   all my love,  [Bm]   all my love, [A]You can have it all   (2x)
[G]   All my heart, [D/F#  (D)]    all my soul,  [Bm]   all I own,  [A]  You can have it all   (2x)
",D,,,,,,,,,,,,
18748725,H012 - Here In The Presence,7067560,"","","February 13, 2026","",Genre: Contemporary,Mood: Desperation & Dependence,"",Season: 2020 - Winter,"","Themes: God's Presence & Intimacy, Thankfulness & Adoration",Default Arrangement,70,0,"","A, F: Key of F - Grace, G","INTRO

F# E / / | B / / G#m | F# / / / |F# E / / | B / / G#m | F# / / / | / / / / |

VERSE 1
[B]    Here I lay my [F#/A#]burdens dow[G#m]n        [E]
[B]    Lose my worries in y[F#/A#]our love[G#m]  [E]
[B]    Casting every c[F#/A#]are on you[G#m]  [E]
[B]    I have carried t[F#/A#]hem enough[G#m]

CHORUS
[F#-E]      We're not al[B]one
Here with[G#m]in his [F#]love
[F#-E]      Emmanu[B]el
He is [G#m]still with [F#]us

VERSE 2
[B]    When the world b[F#/A#]ecomes too muc[G#m]h        [E]
[B]    Near the cross I[F#/A#] will re-m[G#m]ain      [E]
[B]    Until every [F#/A#]fear is stille[G#m]d       [E] 
[B]    At the mentio[F#/A#]n of your n[G#m]ame


INTERLUDE
B / / / | / / / F#/A# | G#m / / / | / / F# / |
E / / / | F# / / / |

COLUMN_BREAK
BRIDGE (x2)
[B]     Mercy is falling, fallin[F#/A#]g           [G#m]
      Lift up your hands re-cei[F#]ve it now[E]
      Here in the p[F#]resence of the Lord [B]

BRIDGE 2 (2x)
[B]     I know your past is broke[F#/A#]n            [G#m]
     You can move on it's o[F#]ver now [E]
     Here in the p[F#]resence of the Lord [B]

BRIDGE 3
[B]     Tired of running, runnin[F#/A#]g            [G#m]  
      Be still and know he's i[F#]n control [E]
      Here in the p[F#]resence of the Lord [B]

BRIDGE 4 (x2)                       
[B]      Pour out your heart before hi[F#/A#]m          [G#m]
      Open your arms, He’ll ho[F#]ld you now  [E]
      Here in the p[F#]resence of the Lord [B]


INSTRUMENTAL
B / / / | / / / F#/A# | G#m / / / | / / F# / |
E / / / | F# / / / |


BRIDGE 5 (2x)
[B]      Mercy is falling, fallin[F#/A#]g           [G#m]
      Lift up your hands re-cei[F#]ve it now[E]
      You’re in the p[F#]resence of the Lord [B]",B,,,,,,,,,,,,
18748893,N008 - Not Afraid,7095716,"","","November 10, 2024","",Genre: Contemporary,Mood: Celebratory,"",Season: 2020 - Winter,"",Themes: God's Faithfulness,Default Arrangement,79,0,"","Bb, E, F, G","Intro
G / / / | / / / / | Em7 / / / | / / / / | C / / / | / / / /       

Verse 1
G
 I have this confidence because
Em
 I've seen the faithfulness of God
                              C
The still inside the storm
The promise of the shore

G
 I trust the power of Your word
Em  
 Enough to seek Your Kingdom first
                               C
Beyond the barren place
Beyond the ocean waves


Chorus 1
         G
When I walk through the waters

I won't be overcome
        Em
When I go through the rivers

I will not be drowned
       C                                  Em              D     
My God will make a way, so I am not afraid

Chorus 2
     G
When I am in the fire, I will not feel the flame
     Em
I'll stand before the giant, declaring victory
     C                                     Em             D      
My God will make a way, so I am not afraid












Verse 2
G
You keep the promises You make 
Em
There isn't one that is delayed
                           C                                     
So I will not lose heart,  here I will lift my arms

G
And start to sing into the night  
Em
My praise will call the sun to rise
                             C
Declare the battle won, declare that it is [D]done


Bridge 
   G
Before me, behind me, always beside me
     Em
No shadow, no valley, where You won't find me
      C                D     
No, I am not afraid
",G,Red Rocks Worship (Acoustic),79,260,"","D, F","Intro
D / / / | / / A/D    G / / / | / / / D/G
D / / / | / / D/F#   G / / / | / / /       

Verse 1
[D]I have this confidence because   [A/C#]
[Bm]I've seen the faithfulness of God
The still ins[D/F#]ide the [G]storm
The promise of the [Gm]shore

[D]I trust the power of Your word   [A/C#]
[Bm]Enough to seek Your Kingdom first
Beyond the [D/F#]barren [G]place
Beyond the ocean [Gm]waves


Chorus 1
[D]When I walk through the waters
I won't be overcome [A/C#]
When [Bm]I go through the rivers
I will not be drowned[D/F#]
My [G]God will make a way, so [(Bm)]I am not af[(A)]raid

Chorus 2
[D]When I am in the fire, I will not feel the flame
[Bm]I'll stand before the giant, declaring victory[D/F#]
My [G]God will make a way, so [Bm]I am not af[A]raid

COLUMN_BREAK

Verse 2
[D]You keep the promises You make   [A/C#]
[Bm]There isn't one that is delayed
So I will [D/F#]not lose [G]heart
Here I will lift my [Gm]arms

[D]And start to sing into the night   [A/C#]
[Bm]My praise will call the sun to rise
Declare the [D/F#]battle [G]won
Declare that it is [Gm]done


Bridge 
Be[D]fore me, behind me
Always be[A/C#]side me
No [Bm]shadow, no valley
Where You won't find me[D/F#]
No, [G]I am not af[A]raid


Tag
No, [G]I am not af[A]raid",D,,,,,,,,
18750440,P009 - Promises Never Fail,7112254,"","","December 27, 2027","",Genre: Contemporary,Mood: Declarative,"",Season: 2020 - Winter,"",Themes: God's Faithfulness,Default Arrangement,144,0,"","A, D, E, F, G","VERSE 1
[E]  You are   with me   what can separate us
[E]  You are   for me   what can stand against us
[C#m]  Your love it won’t let go [A]    I know it won't

VERSE 2    
[E]  Darkness  shadows   have no power over me 
[E]  Fear is   empty  shame has no authority
[C#m]  Your love it won’t let go [A]    I know it won’t
	                  
CHORUS
[E]  I know     Your thoughts
 Your plans for me are good
[C#m] I know       You hold   
my future and my hope
[A]Your promises [E]never fail   
[C#m]Your promises [B]never fail 

|To VERSE 3: Hold E|
|To BRIDGE: last 2 lines X2|


VERSE 3
[E]  Healing   and freedom 
[E]  as You speak favor over me
[E]  Faith is   breaking   all impossibility 
[C#m]  Your name has overcome [A]  Your name alone

COLUMN_BREAK
BRIDGE 1
[E]I am standing on every promise that You make
I will see it come to pass 
in Your name in Your name
[E]Jesus I will trust every word I hear You say
I will see it come to pass  
in Your name  in Your name

BRIDGE 2
[C#m]I am standing on every [B/D#]promise that You [E]make
I will [A]see it come to [E]pass 
in Your [C#m]name  in Your [B]name

Jesus I will trust every word I hear You say
I will see it come to pass 
in Your name in Your name


INTERLUDE
|F#m - - - |A - - - |E - - - |G#m - - - |A - - - |F#m - - - |E - - - |B - - - |

BRIDGE 3                      
[E]I am standing on    
every [B]promise that You [E]make
 I will [A]see it come to [E]pass   
in Your [C#m]name  in Your [B]name
[E]Jesus I will trust every [B]word I hear You [E]say
I will [A]see it come to [E]pass
in Your [C#m]name  in Your [B]name
",E,,,,,,,,,,,,
18795440,W025 - Worthy Of It All,6280644,"God Incarnate, Worthiness","","December 27, 2027","",Genre: Contemporary,Mood: Adoration,"",Season: 2020 - Winter,"","Themes: God's Greatness, Power, Glory",Default Arrangement,68,0,"","A, D, E, F, G","Intro: D    E/D      D    E/D    

VERSE 1
D                          E
All the saints and angels 
D                         E
Bow before Your throne
D                   E              F#m
All the elders cast their crowns
                  D           E             A
Before the Lamb of God and sing
 
CHORUS
                                A
You are worthy of it all
                                E
You are worthy of it all
                                D
For from You are all things 
                             E
And to You are all things 
                           A
You deserve the glory
 
Interlude
A   C#m   F#m   D     A/E     E      Bm     D 

BRIDGE
 A                                                C#m
Day and night, night and day, let incense arise
 
F#m                                              D6
Day and night, night and day, let incense arise
 
A/E                                                E
Day and night, night and day, let incense arise
 
Bm                                                   D
Day and night, night and day, let incense arise
 ",A,,,,,,,,,,,,
18862381,N011 - Nothing Else,7123436,"Longing, Desire, Surrender","","December 29, 2027","",Genre: Contemporary,Mood: Reflection & Prayer,"",Season: 2020 - Spr/Sum,Tempo: Slow,Themes: Repentance,Cody Carnes,136,502,"","C, E, G","Intro 
[| Dm7(4) / / / | F / / / | C / Csus / | C / / / |]
[| Dm7(4) / / / | Fmaj7 / / / | C / Csus / | C   |]

Chorus
I'm caught up in Your [Dm7(4)]presence  [F2]
I just want to [C]sit here at Your feet
I'm caught up in this [Dm7(4)]holy mom[F2]ent
I never want to le[C]ave [Csus]  [C] 
Oh, I'm not here for [Dm7(4)]blessings [F2] 
Jesus, You don't [C]owe me anything
More than any[Dm7(4)]thing that You can [F2]do
I just want [C]You  

Verse 1
I'm [F2]sorry when I've just gone through the motions
I'm [C/E]sorry when I just sang another song
Take me [F2]back to where we started
I open up my heart to [C]You  [Csus]  [C]

Verse 2
I'm [F2]sorry when I've come with my agenda
I'm [C/E]sorry when I forgot that You're enough
Take me [F2]back to where we started
I open up my heart to [C]You [Csus] [C]

COLUMN_BREAK

Chorus
I'm caught up in Your [Dm7(4)]presence  [F2]
I just want to [C]sit here at Your feet
I'm caught up in this [Dm7(4)]holy mom[F2]ent
I never want to le[C]ave [Csus]  [C] 
Oh, I'm not here for [Dm7(4)]blessings [F2] 
Jesus, You don't [C]owe me anything
More than any[Dm7(4)]thing that You can [F2]do
I just want [C]You [Csus] [C]

Bridge X3
I just want [Dm7(4)]You
Nothing else,[F2]   nothing else
[Am7]   Nothing else will [G(4)]do

I just want [Dm7(4)]You
Nothing else,[F2]   nothing else
[Am7]   Nothing else will [G(4)]do

End Chord
[| G(4)   |]",C,,,,,,,,,,,,
18950867,S007 - See A Victory,7129060,"","","June 29, 2025","",Genre: Contemporary,"Mood: Celebratory, Declarative","",Season: 2020 - Winter,"","Themes: Commitment & Dedication, Freedom, God's Faithfulness",Elevation Worship,78,0,"","A, Bb, D, G: Chord Chart in G","Intro
[| Gm / Eb / | Bb / / / | Gm / Eb / | Bb / / / |]

Verse 1
The [Gm]weapon may be [Eb]formed but it won't p[Bb]rosper
[Gm]When the darkness [Eb]falls it won't [Bb]prevail
Cause the [Gm]God I serve knows[Eb] only how to [Bb]triumph
[Gm]My God will [Eb]never f[Bb]ail
[Gm]My God will [Eb]never f[Bb]ail

Chorus
I'm gonna see a [Gm]victory
I'm gonna see a [Eb]victory
For the [Bb]battle belongs to You L[Fsus]ord
I'm gonna see a [Gm]victory
I'm gonna see a [Eb]victory
For the [Bb]battle belongs to You L[Fsus]ord

[| Gm / Eb / | Bb / / / | Gm / Eb / | Bb / / / |]

Verse 2
There's [Gm]power in the m[Eb]ighty Name of [Bb]Jesus
[Gm]Every war He [Eb]wages He wi[Bb]ll win
[Gm]I'm not backing d[Eb]own from any [Bb]giant
I [Gm]know how this [Eb]story e[Bb]nds
I [Gm]know how this [Eb]story e[Bb]nds

REPEAT CHORUS X2

COLUMN_BREAK
Interlude
[| Eb / / / | Fsus / / Bb/D | Eb / / Gm | Fsus / / / |]

Bridge 1
[Eb]   You take what the enemy meant for [Fsus]evil
   And You turn i[Bb/D]t for g[Eb]ood
   You turn it [Gm]for g[Fsus]ood

[Eb]   You take what the enemy meant for [Fsus]evil
   And You turn i[Bb/D]t for g[Eb]ood
   You turn it [Gm]for g[Fsus]ood

REPEAT BRIDGE 1

Bridge 2
[Eb]   You take what the enemy meant for [Fsus]evil
   And You turn it [Gm]for g[Eb]ood
   You turn it [Gm]for g[Fsus]ood

[Eb]   You take what the enemy meant for [Fsus]evil
   And You turn it [Gm]for g[Eb]ood
   You turn it [Gm]for g[Fsus]ood

REPEAT CHORUS X2

REPEAT BRIDGE 2

Outro
[| Eb / / / | Fsus / / Gm | Eb / / Gm | Fsus / / / | Eb   |]",Bb,,,,,,,,,,,,
19056227,Y003 - Yet Not I But Through Christ In Me,7121852,"","","December 27, 2027","",Genre: Contemporary,Mood: Reflection & Prayer,"",Season: 2020 - Winter,"","Themes: Commitment & Dedication, God's Faithfulness, God's Presence & Intimacy, Holiness & Purity, Jesus' Life, Death, & Resurrection, Our Testimony & Redemption, Surrender, Thankfulness & Adoration, Trust",Default Arrangement,144,0,"","A, B, C, D: Key of D - Yohan, E","Intro
C   F/A    C/G    F/A

Verse 1
What gift of [C]grace is Jesus my re[F]deemer
There is no [C]more for [Am]heaven now to [G]give
He is my [C]joy, my righteousness, and [F]freedom                   
My steadfast [C]love, my [G]deep 
and boundless [C]peace

Chorus 1
To this I [F]hold, my hope is only [C]Jesus
For my [F]life is [C]wholly bound to [G]His
Oh how [C]strange and di[Dm]vine, 
I can [C/E]sing: all is [F]mine!
Yet not [C/G]I, but through [G]Christ in [C]me

Verse 2   
The night is [C]dark but I am not for[F]saken
For by my [C]side, the [Am]Savior He will [G]stay
I labour [C]on in weakness and re[F]joicing
For in my [C]need, His [G]power is dis[C]played

Chorus 2
To [C/E]this I [F]hold, my Shepherd will de[C]fend me
Through the [F]deepest [C]valley He will [G]lead
Oh the [C]night has been [Dm]won, 
and I [C/E]shall over[F]come!
Yet not [C/G]I, but through [G]Christ in [C]me

COLUMN_BREAK
Verse 3
No fate I [C]dread, I know I am for[F]given
The future [C]sure, the [Am]price it has been [G]paid
For Jesus [C]bled and suffered for my [F]pardon
And He was [C]raised to [G]overthrow the [C]grave

Chorus 3
To [C/E]this I [F]hold, my sin has been de[C]feated
Jesus [F]now and [C]ever is my [G]plea
Oh the [C]chains are re[Dm]leased
I can [C/E]sing: I am [F]free!
Yet not [C/G]I, but through [G]Christ in [C]me

Verse 4
                                                   
With every [C]breath I long to follow [F]Jesus       
For He has [C]said that [Am]He will bring me [G]home
And day by [C]day I know He will re[F]new me
Until I [C]stand with [G]joy before the [C]throne

Chorus 4
                                         
To [C/E]this I [F]hold, my hope is only [C]Jesus
                                  
All the [F]glory [C]evermore to [G]Him
                                               
When the [C]race is [Dm]complete
                        
still my [C/E]lips shall re[F]peat:
Yet not [C/G]I, but through [G]Christ in [Am G F or C]me!

",C,,,,,,,,,,,,
19096689,Y013 - You Cannot Be Stopped,7127096,"","","February 01, 2026","",Genre: Contemporary,Mood: Declarative,"",Season: 2020 - Spr/Sum,Tempo: Fast,"Themes: God's Greatness, Power, Glory, Hope",Default Arrangement,98.8,0,"","A, C, G","
Intro
 | A5 / / / | A5 / / / |

Verse 1                                                               
[D2]The dark tried to hide You
and steal You a[A]way                                             
[D2]Death tried to keep You inside of the g[A]rave
[F#m]The enemy fought You   He tried but he [Esus]lost
[D2]You cannot be [A]stopped

Verse 2                         
[D2]When we cried for freedom
You tore down the w[A]alls
[D2]The weight of our burdens
You carried it [A]all
[F#m]Our fears and our failures
 Hang dead on the [Esus]cross
[D2]You cannot be [A]stopped

Chorus 
Mover of [D]mountains     Breaker of [A]chains
Jesus has [E]triumphed   Over the [F#m]grave
Sing halle[D]lujah             The battle is [A]won
Nothing can [Esus]stand        Against our [A]God

COLUMN_BREAK
Verse 3                      
[D2]We stand on Your victory
We shout out Your [A]praise
[D2]Miracle maker
You’re mighty to [A]save
[F#m]Awesome in power 
Relentless in [Esus]love
[D2]You cannot be [A]stopped

Bridge 
[A]There’s nothing that can stop our God
[F#m7]There’s nothing that can stop our God
[Esus]There’s nothing that can stop our God
   There is [D2]nothing, there is [Esus E]nothing",A,,,,,,,,,,,,
19144066,B015 - The Blessing,7147007,"","","December 31, 2027","",Genre: Contemporary,"Mood: Adoration, Declarative","",Season: 2020 - Winter,"","Themes: God's Faithfulness, Trust",Elevation Worship,70,514,"","B, G","Verse 1
[B]The Lord bless you[E] and keep you
[B/D#]Make His face shine u[F#sus]pon you
And be gracious to [G#m]you
The Lord turn His[E] face toward you
[B/D#]And [F#sus]give you [B]peace 

Chorus
[G#m7]A  - [E]men
A[B]men, A[F#]men
[G#m7]A  - [E]men
A[B]men, A[F#]men

Interlude
[| G#m7 / / / | E / / / | B / / / | F# / / / |]

Bridge 1
May His [G#m7]favor be upon you
And a [E]thousand generations
And your [B]family and your children
And their [F#]children and their children

May His [G#m7]favor be upon you
And a [E]thousand generations
And your [B]family and your children
And their [F#]children and their children
COLUMN_BREAK
Bridge 2
May His [G#m7]presence go before you
And [E]behind you and beside you
All a[B]round you and within you
He is [F#]with you he is with you

In the [G#m7]morning in the evening
In your [E]coming and your going
In your [B]weeping and rejoicing 
He is [F#]for you He is for you

Tag
He is [G#m7]for you He is for you
He is [E]for you He is for you
He is [B]for you He is for you
He is [F#]for you He is for you

Bridge 3
May His [G#m7]favor be upon you
And a [E]thousand generations
And your [B]family and your children
And their [F#]children and their children

May His [G#m7]presence go before you
And [E]behind you and beside you
All a[B]round you and within you
He is [F#]with you he is with you

In the [G#m7]morning in the evening
In your [E]coming and your going
In your [B]weeping and rejoicing 
He is [F#]for you He is for you",B,,,,,,,,,,,,
19203258,G011 - God Of This City,5037070,"John 5:20, new year, Salt & Light, Vision, Greatness, Peace, , God's Attributes, Missions, Joy, King, Lordship Of Jesus, Jesus, Love","","March 10, 2025","",Genre: Contemporary,Mood: Declarative,"","","","Themes: Missions, Evangelism, The Nations",Default Arrangement,72,0,"","C, G","Verse 1
                                   C
You're the God of this city
                                      G/B
You're the King of these people
                                    Am7
You're the Lord of this nation
        F
You are
                                   C
You’re the light in this darkness
                                   G/B
You’re the hope to the hopeless
                                      Am7
You’re the peace to the restless
        F
You are

  
Pre-Chorus
Am7      G/B                  F
There is no one like our God
Am7      G/B                    F        G
There is no one like our God
 
Chorus
F
Greater things have yet to come
G
Greater things are still to be done 
           C    G/B    Am7
In this city
F
Greater things have yet to come
G                                                     C
Greater things are still to be done here
 

VERSE 2
You're the Lord of Creation 
The Creator of all things
You're the King above all Kings
You are
 
You're the strength in our weakness
You're the love to the broken 
You're the joy in the sadness
You are",C,,,,,,,,,,,,
19316127,M020 - My Testimony,7137792,"Forgiveness, God's Love, Renewal, Salvation","","May 05, 2022","",Genre: Contemporary,Mood: Celebratory,"",Season: 2020 - Spr/Sum,Tempo: Fast,"Themes: Freedom, Jesus' Life, Death, & Resurrection, Our Testimony & Redemption, Thankfulness & Adoration",Default Arrangement,97,0,"","A: Key of A, B, D#, G: Key of G - Yohan","Intro 2x
|B / / /|E/B / / /|

Verse 1
B                                   E
I saw satan fall like lightning
B                                   E    
I saw darkness run for cover
G#m                        E
But the miracle that I just can’t get over
      G#m         F#              E
My name is registered in heaven

Verse 2
B                                 E    
 I believe in signs and wonders
B                             E     
I have resurrection power
G#m                        E
Still the miracle that I just can’t get over
      G#m        F#               E
My name is registered in heaven
     G#m     F#                   E
My praise belongs to you forever 


Chorus
B                  G#m                E           
 This is my testimony from death to life
B                                     G#m       E    
Cause grace rewrote my story, I’ll testify
B                                 G#m
By Jesus Christ the Righteous,
       E        
I’m justified
 B               G#m
This is my testimony
                  E
This is my testimony

COLUMN_BREAK

TURNAROUND 2x
|B / / /|G#m / E /|

Verse 3
B                                       E      
 Come together sons and daughters
B
Bought with blood
                        E   
and washed in water
G#m                              E
Sing the praises of the Spirit Son and Father
       G#m        F#                  E
Our God will finish what He started
       G#m       F#                    E
Our God will finish what He started


INTERLUDE
|B / / /|/ / / /|

Bridge
B                                        E 
 If I’m not dead, You’re not done
 B                                     E
Greater things are still to come 

Oh I believe

INSTRUMENTAL
|B / / /|E / / /|




 
",B,Original Recording (Elevation Worship),97,0,"",B: Default Key,"IINTRO X2
|B / / /|E/B / / /|

VERSE 1
B                       E       B
 I saw satan fall like lightning
                       E     G#m
I saw darkness run for cover
                      E
But the miracle that I just can’t get over
   G#m      F#             E
My name is registered in heaven

VERSE 2
B                        E     B
 I believe in signs and wonders
                   E     G#m
I have resurrection power
                        E
Still the miracle that I just can’t get over
   G#m      F#             E
My name is registered in heaven
   G#m      F#              E
My praise belongs to you forever 

CHORUS
B             G#m         E            B
 This is my testimony from death to life
                        G#m         E    B
Cause grace rewrote my story, I’ll testify
                      G#m
By Jesus Christ the Righteous,
    E        B
I’m justified
                G#m
This is my testimony
     E
This is my testimony

TURNAROUND X2
|B / / /|G#m / E /|

VERSE 3
B                       E/B       B
 Come together sons and daughters

Bought with blood
               E/B   G#m
and washed in water
                          E
Sing the praises of the Spirit
Son and Father
    G#m        F#             E
Our God will finish what He started
   G#m        F#              E
Our God will finish what He started

CHORUS

TURNAROUND X2
|B / / /|G#m / E /|

INSTRUMENTAL
|B / / /|/ / / /|

BRIDGE 1 X2
B                           E/B  B
 If I’m not dead, You’re not done
                            E/B
Greater things are still to come
Oh I believe

BRIDGE 2 X3
B                           E    B
 If I’m not dead, You’re not done
                            E
Greater things are still to come
Oh I believe

INSTRUMENTAL
|B / / /|E / / /|

CHORUS 2
B                 G#m        E         B
 This is my testimony from death to life
                         G#m        E     B
Cause grace rewrote my story, I’ll testify
                      G#m
By Jesus Christ the Righteous
   E         B/F#
I’m justified
              G#m
This is my testimony
      E             B
This is my testimony

CHORUS 3
              G#m         E
This is my testimony from death to life
                        C#m      E/G#  B
Cause grace rewrote my story, I’ll testify
                      G#m
By Jesus Christ the Righteous
    E       B
I’m justified
             G#m            E
This is my testimony, this is my testimony

OUTRO X4
|B / / /|G#m / E /|",B,,,,,,,,
19474260,P008 - Promises,7149439,"Blessing, Faithfulness, Goodness, Praise","","December 05, 2025","",Genre: Contemporary,Mood: Desperation & Dependence,"",Season: 2020 - Fall,Tempo: Slow,"Themes: God's Faithfulness, Thankfulness & Adoration, Trust",Maverick City Music,164,639,"","Bb, D, G","VERSE 1
[Gm] God of Abra[Eb]ham, 
God of cove[Bb]nant 
And of faithful promi[F]ses
[Gm] Time and time a[Eb]gain
You have pro[Bb]ven 
You’ll do just what you [F]said 

PRE-CHORUS
Though the [Gm]storms may come 
And the [Eb]winds may blow 
I’ll [Bb]remain stead[F]fast 
And let [Gm]my heart learn when 
You [Eb]speak a word it will [Bb]come to [F]pass

CHORUS
[Gm]Great is your [F/D]faithful[Eb]ness to [Bb]me
[Gm]Great is your [F/D]faithful[Eb]ness to [Bb]me
From the [Gm]rising sun, to the [F]setting same
I will [Eb]praise your [Bb]name
[Gm]Great is your [F]faithful[Eb]ness to [Bb]me 

TURN
| Gm / Eb / | Bb / Fsus / | 
|Gm / Eb / | Bb / Fsus / |

COLUMN_BREAK
VERSE 2
[Gm] God from age to [Eb]age, 
Though the earth may pass [Bb]away, 
Your word remains the [F]same
[Gm] You’re history can [Eb]prove 
There’s nothing You can’t [Bb]do,
You’re faithful [F]and True

INTERLUDE
| Eb / Bb / | Gm / Fsus / |
| Eb / Bb / | Gm / Fsus / | (x2)

BRIDGE
I [Eb]put my faith [Bb]in Jesus
My [Gm]anchor to the [F]ground 
My [Eb]hope and firm foun[Bb]dation
He’ll [Gm]never let me [F]down


<i>(repeat last line before Chorus)</i>
He’ll [Eb]never let me [Bb]down

REPEAT BRIDGE x3
REPEAT CHORUS
REPEAT BRIDGE x4
REPEAT CHORUS 
",Bb,,,,,,,,,,,,
19900461,X001 - All The World Awaits (Hosanna),7162592,"Advent, Christmas, Jesus, King, Praise, Waiting, Worthiness","","December 07, 2025","",Genre: Contemporary,Mood: Adoration,"",Season: 2020 - Fall,"",Themes: Christmas,Default Arrangement,77,264,"","A, B, G","Intro
[| B / / / | B / / / |]

Verse 1
[B]All the world awaits 
The [B]promise of His birth
[Bsus]Open up the gates
[Bsus]Heaven come to earth 
A [B]host of angels sing
Our [B]Savior here to dwell
The [Bsus]King of every King
[Bsus]Our Emmanuel 

Chorus 1
Ho[B]sanna, ho[F#sus]sanna 
Ho[G#m7]sanna, ho[E2]sanna
In the [B/D#]highest Ho[F#sus]sanna [F#]to our [B]God  [B]

Verse 2
Be hold the Son of Man
Here in a manger lay
Worthy is the Lamb 
For He has come to save 
To take away our sin
He freely gave His life
Born that we may live
And in Him never die

Chorus 2
Ho[B]sanna (King Jesus) Ho[F#sus]sanna (All praise)
Ho[G#m7]sanna (Come save us) Ho[E2]sanna (He reigns)
In the [B/D#]highest Ho[F#sus]sanna [F#]to our [B]God  [B] 

COLUMN_BREAK
Bridge
[E2] Hail the heaven-born [B/F#]Prince of [F#sus]Peace [F#]
[G#m7] Hail the Son of [B/F#]righteous[F#sus]ness [B/D#] 
[E2] Light and life to [B/F#]all He [F#sus]brings [F#]
[G#m7] Glory to the [F#/A#]newborn King 

Chorus 3
Ho[B]sanna (King Jesus)
Ho[F#sus]sanna (All praise)
Ho[G#m7]sanna (Come save us)
Ho[E2]sanna (He reigns)
In the [B/D#]highest 
Ho[F#sus]sanna [F#sus/E]
In the [B/D#]highest 
Ho[E2]sanna in the [B/F#]highest 
Ho[F#sus]sanna [F#]to our [B]God  [B]

Down Bridge
[E2] Hail the heaven-born [B/F#]Prince of [F#]Peace
[G#m7] Hail the Son of [B/F#]righteous[F#]ness [B/D#] 
[E2] Light and life to [B/F#]all He [F#]brings
[G#m7] Glory to our [F#/A#]newborn King

Down Chorus
Ho[B]sanna, ho[F#sus]sanna 
Ho[G#m7]sanna, ho[E2]sanna In the [B/D#]highest 
Ho[F#sus]sanna [F#sus/E] in the [B/D#]highest 
Ho[E2]sanna in the [B/D#]highest 
Ho[F#sus]sanna [F#]to our [Bsus]God  [B]",B,,,,,,,,,,,,
20063316,M005 - Make Room,7122057,"Supplication, Worship, Praise, Surrender","","January 25, 2026","",Genre: Contemporary,"Mood: Desperation & Dependence, Reflection & Prayer","",Season: 2021 - Winter,Tempo: Slow,Themes: Surrender,Community Music,61,409,"","E, F, G","Intro
G D Am C

Verse 1
[G] Here is where I lay it [D]down
 Every burden every [Am]crown
 This is my surrender [C]
 This is my surrender [G]

[G] Here is where I lay it [D]down
 Every lie and every [Am]doubt
 This is my surrender [C]

Chorus
And I will make [G]room for You [D]
To do whatever You [Am]want to
To do whatever You [C]want to

I will make [G]room for You [D]
To do whatever You w[Am]ant to
To do whatever You w[C]ant to

COLUMN_BREAK
Bridge
[G]Shake up the ground of all my tradition
[D]Break down the walls of all my religion
[Am]Your way is better
[C]Your way is better (x4)

Verse 2
Here is where I lay it down
You are all I'm chasing now
This is my surrender
This is my surrender (x2)",G,,,,,,,,,,,,
20074310,M019 - My Soul Sings,7135654,"","","December 29, 2027","",Genre: Contemporary,Mood: Adoration,"",Season: 2021 - Winter,Tempo: Medium,"Themes: God's Faithfulness, Thankfulness & Adoration",Housefires,144,393,"","E, G","Intro
[G C G/B C]

Verse 1
[G] I've seen Your goodness on the mountain
[C] I've felt Your love in the valley
[G/B] And Your grace still surrounds me
You've been good to [C]me
God, You've been good to me

Pre-Chorus
Oh, [Am]my [G/B]soul [C]sings
[Am]My [G/B]soul [C]sings

Chorus 
With all my [C]heart
I love You, [G]Lord
You're my first [C]love
You're my re[G]ward
And through the [C]years
You've been good [D]to [Em]me
So good to [D]me,[C] so good to [G]me 

Verse 2
[G] I have breath within my body
[C] And I have life inside my bones
[G/B] And I cannot help but praise You
God, You've been good to [C]me
You've been good to me

COLUMN_BREAK
Instrumental
[G Gsus G Gsus]

Bridge 1
And I'm [G]dancing on
The [Gsus]rising sun
To the hope[G]ful future
To the [Gsus]dreams to come
And when [G]seasons change
I won[Gsus]'t give up
'Cause You've [G]never failed me
Oh no[Gsus], not once

Bridge 2
And I'm [Em]dancing on
The [C]rising sun
To the hope[G]ful future
To the [D]dreams to come
And when [Em]seasons change
No I won[C]'t give up
'Cause You've [G]never failed me
No[D], not once

Outro
Ive got this joy and I wont let go
Looked in His eyes and He freed my soul
Ive got this joy and I won’t let go
My soul knows it",G,,,,,,,,,,,,
20075753,F010 - Follow You Anywhere,7123196,"Redeemer, Refuge, Desire, Faithfulness, Trust","","November 16, 2025","",Genre: Contemporary,Mood: Declarative,"",Season: 2021 - Winter,Tempo: Medium,Themes: Commitment & Dedication,Passion,185,296,"",C,"Intro
C

Verse 1
[C]You make it easy to love You
You are [F]good and You are kind
You bring [F]joy into my life
[C]You make it easy to trust You
You have [F]never left my side
You've been [F]faithful every time

Pre-Chorus
[Am]All I [G]want is [F]You
Je[G]sus, [Am]all I [G]want is [F]You

Chorus
[C]You are the refuge I [C/E]run to
[F]You are the fire that [G]leads me through the [Am]night
I'll [C/E]follow You anywher[Gsus]e
There's a [C]million reasons to [C/E]trust You
[F]Nothing to fear for [G]You are by my [Am]side
I'll [C/E]follow You anywher[Gsus]e 

COLUMN_BREAK

Verse 2
Oh [C]Jesus, You came to my rescue
Took my [F]place upon that cross
You re[F]deemed what I had lost
Now my [C]whole world revolving around You
You're the [F]center of my life
You're the [F]treasure, You're the prize

Interlude
[Gsus]Follow You anywher[C]e
Oh [C/E]oh oh[F]
[G]Follow You anywher[Am]e
Oh [C/E] oh oh[G]

Bridge
Wher[C]ever You lead me
What[C]ever it costs me
[F]All I want is You
Jesus, [F]all I want is You

",C,,,,,,,,,,,,
20398053,H022 - Hope Has A Name,7084823,"","","February 13, 2026","",Genre: Contemporary,Mood: Declarative,"",Season: 2021 - Winter,Tempo: Medium,"Themes: Hope, Jesus' Life, Death, & Resurrection",River Valley Worship,68,284,"","A, C","Intro
[A]  [E]  [A]  [D]

Verse 1
There [D]is a [A]song, I [E] know i[A]t well
A [D]mel[A]ody that's [E]never[A] failed
On mountains [F#m]high and [E]valleys [D]low
My soul will [D]rest, my confid[E]ence
In You al[A]one


Chorus
Hope has a [F#m]name[D], His name is [A]Jesus   [E]
My Savior's [F#m]cross[D] has set the [E]sinner [A]free
Hope has a [D]name, [E]His name is [F#m]Jesus   [A]
Oh, Christ be [D]praised, I have [E]victo[A]ry    [E] [A]
COLUMN_BREAK


Verse 2
There [D]is a [A]light, salv[E]ation's [A]flame
Christ [D]undef[A]eated, tram[E]pled the[A] grave
See now the [F#m]cross, be [E]lifted [D]high
The light has [D]come, the light has [E]won
Behold the [A]Christ


Verse 3
There'll [D]be a [A]day, my [E]hope com[A]plete
Now [D]home in [A]glory, Your [E]face I'll [A]see
My pain no [F#m]more, my [E]fear will [D]cease
I bow my [D]life, I fix my [E]eyes
On Christ my [A]King",A,,,,,,,,,,,,
20398129,I016 - I Will Boast In Christ,7068427,"","","March 08, 2026","",Genre: Contemporary,Mood: Declarative,"",Season: 2021 - Winter,Tempo: Medium,"Themes: Freedom, Holiness & Purity, Thankfulness & Adoration",Hillsong Worship,144,296,"",A,"Intro
[F#m] [D] [A] [E]

Verse 1
All I [F#m]have because of [D] Jesus[A]    [E]   
All this [F#m]promise[D]     won for [E]me
When He [F#m]paid the highest [D] ransom[A]   [E]
Once for [F#m]always[D]     for my [A]freedom[E]

Chorus 1
I will [A]boast in [D]Christ al[A]one
His [E]righteous[F#m]ness  [D]  not my [E]own
I will [A]cling to [D]Christ my [A]hope
His [E]mercy [F#m]reigns   [D] now and for[A]ever[E]

Verse 2
Love will [F#m]never lose its [D]power[A]   [E]
All my [F#m]failures[D]    could not era[E]se
Now I [F#m]walk within Your [D]favor[A]   [E]
Grace un[F#m]ending [D]    my salv[A]ation[E]

COLUMN_BREAK
Interlude
[A]

Bridge
[A]What can wash away my sin
[D]Nothing but the blood of [E]Je[A]sus
[A]What can make me [F#m]whole again
[D]Nothing but the blood of [E]Je[A]sus

Bridge 2
[A]O precious is the flow
[E]That makes me white as snow
[A]No other [F#m]fount I know
[D]Nothing but the blood of [E]Je[A]sus",A,,,,,,,,,,,,
20508985,F001 - Faithful To The End,7054172,"","","December 27, 2027","",Genre: Contemporary,"Mood: Adoration, Celebratory","",Season: 2021 - Winter,Tempo: Medium,Themes: God's Faithfulness,Bethel Music,74,397,"","B, D","
Verse 1
We’re h[B]eaven spun creations
His p[B]ride and adoration
[C#m] Treasures woven by His l[E]ove
His c[B]areful hands they hold us
S[B]afe within His promise
Of c[C#m]alling and of destin[E]y


Chorus
[B]   I will sing of [F#]   all You’ve done
[B/D#]   I’ll remember how [E]far You carried me
[B]   From beginning [C#m]   until the end
[G#m]   You are faithful, [E]faithful to the end


Verse 2
A [B]Father’s heart that’s for me
A [B]never-ending story
Of [C#m]love that’s always chasing me[E]
His [B]kindness overwhelming
And [B]hope for me unending
He’s [C#m]never given up on me[E]
COLUMN_BREAK

Interlude
[| B/F# | C#m | G#m | E |]
[| B/F# | C#m | G#m | F# |]


Bridge
[B]   There wasn’t a da[E]y 
   that you weren’t by my si[B/D#]de
   There [G#m]wasn’t a da[E]y, that You let me fal[B]l
[B]   And all of my li[E]fe, Your love has been tr[B/F#]ue
   And with all of my li[C#m]fe I will worship y[B]ou",B,,,,,,,,,,,,
20583719,Y015 - You Hold It All Together,7165541,"","","March 08, 2026","",Genre: Contemporary,"Mood: Adoration, Celebratory, Declarative","",Season: 2021 - Spr/Sum,Tempo: Medium,Themes: God's Faithfulness,Maverick City Music,142,669,"","Bb, D, G","Intro
D Dsus4 D Dsus4 Bm  A G (2x)
 
Verse 1
   D           Dsus4           D
You come, at the right time,
     Dsus4   Bm
When I least expect it,
  A        G
Never behind
  D           Dsus4 D
So why would I be surprised,
    Dsus4    Bm
When You deliver,
A       G
Every time
 
Pre-Chorus
  A
On mountaintops
G                   D
You stay the same
   A                   G               D
In valleys low, You never change
 
Chorus
   D        G             A       Bm
And I believe that I will see
        D              G       A
The goodness of the Lord
         D    G          A            Bm
I’m confident as seasons change
          G        A           D        
Your faithfulness remains

COLUMN_BREAK
Verse 2
    D      Dsus4   D
You go, You go before me
     Dsus4         Bm
To prepare the blessing
           A      G
You made a way
     D                  Dsus4 D
It’s more than I could imagine
         Dsus4        Bm
More than I can fathom
       A      G
Or comprehend

Bridge
D                               Em
God of my present, God of my future
D/F#
You write my story
G
You hold it all together
D                              Em
God of my present, God of my future
D/F#
You write my story
G
You hold it all together 
 
 ",D,,,,,,,,,,,,
20584655,S020 - Sovereign Over Us,6011370,"Sovereignty, Guidance, Sustainer","","January 23, 2026","",Genre: Contemporary,Mood: Reflection & Prayer,"",Season: 2021 - Spr/Sum,Tempo: Slow,"Themes: God's Faithfulness, Trust",The Worship Initiative,70,356,"","B, G","Intro
A /// D /// Bm7 /// E/G# ///

Verse 1
There is [F#m]strength within the [D]sorrow
[Esus/G#]There is beauty in our [A] tears [Esus/G#]
You [F#m7]meet us in our [D]mourning
[Esus/ G#]With a love that casts out [A]fear
[F#m]You are working in our [D]waiting
[Esus/G#]Sanctifying [A]us [Esus/G#]
[F#m7]When beyond our [D]understanding
[Esus/G#]You're teaching us to [A]trust

Chorus
Your [D]plans are still to [A]prosper
You have [Eadd4]not forgotten [F#m7]us
You're [D]with us in the [A]fire and the [Eadd4]flood
You're [D]faithful [A]forev[Eadd4]er [F#m7]perfect in love
You are [D]sovereign [E]over [A]us

COLUMN_BREAK
Verse 2
You are wisdom unimagined
Who could understand your ways
Reigning high above the heavens
Reaching down in endless grace
You're the lifter of the lowly
Compassionate and kind
You surround and You uphold me
Your promises are my delight

Bridge
[A]Even what the enemy means for [D/A]evil
You turn it for our [Bm] good
You turn it for our [E/G#]good and for Your glory
[A]Even in the valley You are [D/A]faithful
You're working for our [Bm]good
You're working for our [E/G#]good and for Your glory",A,,,,,,,,,,,,
21019234,H027 - House Of The Lord (Phil Wickham),7168995,"Forgiveness, Grace, Joy, Praise, Redemption, Victory, Worship","","February 11, 2024","",Genre: Contemporary,Mood: Celebratory,"",Season: 2021 - Fall,Tempo: Medium,Themes: Thankfulness & Adoration,Phil Wickham,86,262,"","Bb, G","Intro (every 1, + of 3, 4)
|[Bb] /   / / [Bb2]   /  |[Bb] /   / / [Fsus]    /   |[Eb6]  /   / / [Fsus]  /     |[Eb] /   / / [Fsus]   /    |

Verse 1
We [Bb]worship the God who was
We worship the God who is
We [Bb]worship the God who [Gm]ev - er - [Fsus]more will [Eb2]be

He [Bb]opened the prison doors
He parted the raging sea
My [Bb]God he [Gm]holds the [Fsus]vic - to [Eb2]- ry


Chorus 1
[Bb]  There’s joy in the house of the Lord
[Bb]  There’s joy in the house of the [Fsus]Lord to - [Eb2]day
And we won’t be quiet,[Eb2] we shout out y[F]our praise

[Bb]  There’s joy in the house of the Lord
[Bb]  Our God is surely [Fsus]in this[Eb2] place
And we won’t be quiet,[Eb2] we shout out your pr[Bb]aise


Verse 2
We [Bb]sing to the God who heals
We sing to the God who saves
We [Bb]sing to the God who [Gm]always [F]makes a [Eb]way

Cause he h[Bb]ung upon that cross
Then He r[Cm7]ose up from that grave
My [Gm]God’s still [F]rolling stones [Eb]away

COLUMN_BREAK

Bridge
We were the [Bb]beggars now we’re [Bb/A]royal[Bb]ty
We were the [Bb]prisoners now we’re [Bb/A]running [Bb]free
We are for[Gm] - given, accepted
 re -[Eb] deemed by his[Bb] grace
Let the [F]house of the [Eb2]Lord sing [Bb]praise

",Bb,,,,,,,,,,,,
21019290,L016 - Lord Send Revival,7147651,"Peace, Revival, Worship","","November 06, 2025","",Genre: Contemporary,Mood: Reflection & Prayer,"",Season: 2021 - Fall,Tempo: Slow,Themes: Surrender,Hillsong Young & Free,162.9,396,"","A, Db","Intro
| Db/Ab  | Db/F | Eb    |       | 

Verse 1
[Gbsus2]   Peace like a [Db]river wash over me[Absus]
[Gbsus2]   Immerse me in [Db]water as deep as the s[Absus]ea
[Gbsus2]   Hide me in [Db]love, Your healing e[Absus]mbrace
Peace like a [Gb2]river [Db]   wash over m[Ab]e


Chorus 1
As I worship Your [Gb]majesty    [Db]
I worship Your [Ab]holy Name
Jesus my [Gb]everything    [Db]
All that I [Ab]am is Yours


Interlude
| Gb     | Db      | Ab      | Ab     |
 

Verse 2 
[Gb]   Come Holy S[Db]pirit rain down on[Ab] me
[Gb]   Break open the [Db]heavens and drench the[Ab] unseen
[Gb]   Pour out Your pr[Db]esence as I pour out Your[Ab] praise
Come Holy S[Gb]pirit   [Db]       Lord have Your[Ab] way
COLUMN_BREAK

Bridge 1
[Gb]   Open the he[Db]avens, fling wide the[Ab] gates
   Flood every [Ab]heart with mercy
[Gb]   Pour out Your pr[Db]esence
   Inhabit our[Ab] praise   as we cry holy [Db/F]holy
 

Tag 1
[Gb]   Who[Db]a who[Ab]a
   As we cry [Ab]holy holy
[Gb]   Who[Db]a who[Ab]a     [Db/F]
Gbsus2   Db    Absus
  

Bridge 2
[(Db/F)]Lord send re[Gb]vival, Lord send it [Db]now
A move of Your [Ab]Spirit, Heaven break out
Come now in p[Gb]ower, cover this [Db]land
Like You've done it be[Ab(sus)]fore 
would You do it again[(End on Gbsus last time only)] 


Tag 2
[Db/F] Heaven break[Gb] out  [Db]
Heaven break [Ab]out
",Db,,,,,,,,,,,,
21279481,W023 - Worthy,7111931,"","","January 23, 2026","",Genre: Contemporary,"Mood: Adoration, Declarative","",Season: 2021 - Fall,Tempo: Medium,"Themes: God's Greatness, Power, Glory, Thankfulness & Adoration",Elevation Worship,140.5,378,"","D, Eb, G","Intro
[Cm Eb Ab Bb]

Verse 1
[Eb] It was my [Bb]cross You bore
So I could [Eb/G] live in the[Ab] freedom You [Eb/Bb]died[Bb] for
[Eb] And now my [Bb] life is Yours
And I will [Eb/G] sing of Your [Ab] goodness [Eb/Bb] forever[Bb]more

Chorus
Worthy is Your [Ab]name    Je[Bb]sus
You deserve the [Eb/G]praise
Worthy is Your [Cm]name

Worthy is Your [Ab]name    Je[Bb]sus
You deserve the [Eb/G]praise
Worthy is Your [Cm]name

COLUMN_BREAK

Verse 2
[Eb] And now my [Bb]shame is gone
I stand [Eb/G] amazed in Your [Ab] love [Eb/Bb]undeni[Bb]able
[Eb]Your grace goes [Bb]on and on
And I will [Eb/G]sing of Your [Ab]goodness [Eb/Bb]forevermore

Bridge
Be [Ab]exalted now in the heavens
As Your [Fm]glory fills this place
You alone [Cm]deserve our praise
You're the [Bb]name above all [Eb/G]names

Instrumental
[Fm Cm Cm/Eb Bb]
",Eb,,,,,,,,,,,,
21279718,P007 - Pride of a Father,7179143,"","","February 15, 2026","",Genre: Contemporary,Mood: Adoration,"",Season: 2021 - Fall,Tempo: Medium,Themes: God's Love & as Father,Hillsong Young & Free,71,314,"","A, B, C, D, G","Intro
[B G#m F# E]

Verse 1
[B]I could run a thousand miles 
[G#m]To win the race of life
But what's the [F#]value
Without [E]You?

Verse 2
[B]I could write a thousand psalms
To c[G#m]aptivate Your heart
But more than [F#]offerings
Lord, You [E]seek the depths of me

Chorus
[B]  When You see me [G#m]
You see my heart [F#] [(A5/F#)] 
Through the eyes of Your me[E]rcy
In the light of Your Son [B]

You love me [G#m]
With open arms [F#] [(A5/F#)]
And the pride of a F[E]ather

COLUMN_BREAK
Verse 3
[B]I was once a prodigal
[G#m]Burdened by my shame
Till You came [F#]running
To re[E]mind me

Verse 4
[B]Your love is unconditional
And [G#m]in Your eyes I'm worthy of 
For[F#]giveness
What was [E]lost is now redeemed

Bridge
[E]Who am I that You love me?
[B/D#]Who am I that You saved my soul?
[G#m]Who am I without You Lo[F#]rd?

[E]Who am I to be worthy?
[B/D#]Who am I that You're mindful of me?
[G#m]Who am I that You called me You[F#]rs?",B,,,,,,,,,,,,
21282158,L010 - Living With A Fire,7100961,"","","December 27, 2027","",Genre: Contemporary,Mood: Declarative,"",Season: 2021 - Fall,Tempo: Medium,Themes: Commitment & Dedication,Default Arrangement,71,0,"","C, G","Intro
[|  C5 / / / | C5 / / / |]

Verse 1
[C5]  There's a power that's made perfect in my [Gsus]weakness
[C5]Fills me up with a strength that is [Gsus]fearless
[Am7]   I find [F2]hope within Your [C5]everlasting [Gsus]promise
[Am7]It fans my [F2]faith into [Gsus]flame


Chorus
I'm living with a [Am7]fire [F]burning [C]inside of [G]me
I'm living for the [Am7]Savior, [F]Jesus, [C]eterna[G]lly  
With [Am7]all that I [F]am, Lord, I [C]give You my [G]heart  
Let the flame shine [Am7]brighter
[F]   Let Your praise sing [Gsus]louder


Verse 2
[C]In a moment, You turn mourning into [Gsus]dancing
[C]When I praise, I can feel the darkness [Gsus]trembling
[Am7]   All my [F2]fear is swept [C]away by perfect [Gsus]love  
[Am7]   You fan my [F2]faith into [Gsus]flame

COLUMN_BREAK
Interlude
[|  F / Gsus / | Am / C  |]
[|  F / Gsus / | Am / C  |]


Bridge
[F]   No darkness [Gsus]  can stand   
[Am]   Against this [C]brighter glory  
[F]   His promise [Gsus]   is sure
[Am]   Jesus dec[C]ides my story


Interlude
[|  F2 / / / | F2 / / / |]


Tag
So let the flames shine [Am7]brighter
[F]   Let the flames sing [Gsus]louder
So let the flames shine [Am7]brighter
[F]   Let the flames sing [Gsus]louder",C,,,,,,,,,,,,
21285259,L013 - Look To The Son,7068422,"","","September 26, 2025","",Genre: Contemporary,"Mood: Celebratory, Declarative","",Season: 2021 - Fall,Tempo: Fast,"Themes: Commitment & Dedication, Hope",Hillsong Worship,122,279,"",C,"Chorus
We look to [F]the Son
[C]Set our eyes on our [G]Savior
See the image [F]of love
[C]Sing His praises for[G]ever
We look to the [F]Son [C]   [G]
We look to the [F]Son [C]   [G]

Verse 1
Salva[F]tion, [C]tearing through the dead of [G]night
See the [F]kingdom burst into [C]color at the speed of [G]light
Free[F]dom, [C]shaking up the atmos[G]phere
As the [F]shadows fade into noth[C]ing as the day ap[G]pears

Pre-Chorus
Beyond the [F]skies above 
[C]Love reaching [G]out for us 
The Ever[F]lasting One, [C]Jesus [G]our God

Verse 2
Crea[F]tion, wak[C]ing up to kingdom [G]come
See the [F]hope of heaven shin[C]ing like the rising [G]sun
Now for[F]ever lif[C]ted up from death to [G]life
There's no [F]fear in love
And no [C]darkness in His endless [G]light


Instrumental
[F /// | C /// | G ///]
We look to [F]the Son [C]   [G]",C,,,,,,,,,,,,
21736553,G020 - Gratitude,7158417,"Praise, Worship","","December 28, 2025","",Genre: Contemporary,"","",Season: 2022 - Winter,"",Themes: Thankfulness & Adoration,Worship Together,156,0,1 Thessalonians 5:18; Ephesians 1:16; Ephesians 5:20,"A, B: B, E, F, G","Intro
[| B | B  | G#m | G#m | ]
[| F#  | F# | E  | E | ]

Verse 1
All my wo[B]rds fall short
I got n[G#m]othing new
How could [F#]I express
All my grat[E]itude

Verse 2
I could s[B]ing these songs
As I o[G#m]ften do
But every [F#]song must end
And You[E] never do

Chorus
So I thr[B]ow up my hands
And praise You again and a[F#]gain
‘Cause all that I have is a hall[E]elujah, 
[G#m]hal - le - [F#]lujah
And I k[B]now it’s not much
But I’ve nothing else fit for a [F#]king
Except for a heart singing hal[E]lelujah
[G#m]Hal - le - l[F#]u - j[B]ah

Verse 3
I’ve got [B]one response
I’ve got [G#m]just one move
With my [F#]arms stretched wide
I will [E]worship You

Bridge
[B]Come on my soul
[B]Oh don’t you get shy on me
[B]Lift up your song
[B]‘Cause you’ve got a lion inside of those lungs
[B]Get up and praise the Lord

[B]Come on my soul
[B]Oh don’t you get shy on me
[F#]Lift up your song
Cause you’ve got a lion in[E]side of those lungs
Get up and praise the [B]Lord[F#]

[B]Come on my soul
[B]Oh don’t you get shy on me
[F#]Lift up your song
Cause you’ve got a lion in[E]side of those lungs
Get up and praise the [G#m]Lord   [F#]

[| E  | E  | G#m | F# | X5]   [| E | E  | E  | E |]

Alt Chorus
So I thr[B]ow up my hands
And praise You again and a[F#m]gain
‘Cause all that I have is a hall[E]elujah, [Em]hallelujah
And I k[B]now it’s not much
But I’ve nothing else fit for a [F#m]king
Except for a heart singing hal[E]lelujah
[Em]Halleluj[B]ah",B,,,,,,,,,,,,
21803543,C005 - Christ Be Magnified,7139866,"Exaltation, Praise, Singing, Worship","","December 30, 2027","",Genre: Contemporary,"Mood: Adoration, Declarative","",Season: 2022 - Winter,Tempo: Medium,Themes: Commitment & Dedication,Cory Asbury,146,306,"","A, C, E, G","Intro
|A   .  .  E(4)| D2          |

Verse 1
Were cre[A]ation suddenly artic[D2]ulate
With a [A]thousand tongues to lift one[D2] cry
From [A/C#]north to south and [D2]east to west
We'd hear [E]Christ be [E(4)]magni[A]fied  [(To Intro)]

Verse 2
Were the [A]whole earth echoing His em[D2]inence
His [A]name would burst from [A/C#]sea and [D2]sky
From [A/C#]rivers to the [D2]mountain tops
We'd hear [E]Christ be [E(4)]magni[A]fied        [A2]   [A]

Chorus
[A]O Christ be [Bm7]magni[D2]fied! Let His [E(4)]praise a[F#m7]rise
Christ be [E(4)]magni[D2]fied in [E(4)/G#]me     
[A]O Christ be [Bm7]magni[D2]fied from the altar [E(4)]of my [F#m7]life
Christ be [E(4)]magni[D2]fied in [E(4)/G#]me   (1st time, to intro)

Verse 3
When every [A]creature finds its inmost [D2]melody
And every [A]human heart its [A/C#]native [D]cry
then in [A/C#]one enraptured [Dmaj7]hymn of praise
We'll sing [E]Christ be [E(4)]magni[D2]fied

COLUMN_BREAK

Instrumental
|D2(no3)      |E(4)       | F#m7       | A/C#      |

Bridge 1
[Dmaj9]I won't bow to idols
I'll stand [E(4)]strong and worship You
And if it [F#m7]puts me in the fire
I'll re[A/C#]joice cause You're there too

I [Dmaj9]won't be formed by feelings
I'll hold [E(4)]fast to what is true
'Cause if the [F#m7]cross brings transformation
I'll be [A/C#]crucified with You

Bridge 2
'Cause [Dmaj9]death is just the doorway 
Into re[E(4)]surrection life
And if I [F#m7]join You in Your suffering
Then I'll [A/C#]join You when You rise

And when [Dmaj9]You return in glory
With all the [E(4)]angels and the saints
My [F#m7]heart will still be singing
My [E(4)]song will be the same",A,,,,,,,,,,,,
21803586,R009 - Resurrender,7184447,"Calling, Cleansing, Holiness, Restoration","","December 27, 2027","",Genre: Contemporary,Mood: Desperation & Dependence,"",Season: 2022 - Winter,Tempo: Medium,Themes: Surrender,Hillsong Worship,70,428,"",C,"Intro
| F   C/E  | Am   Gsus  |

Verse 1
You're [F]turning over [C/E]tables
And [Am]calling for re[G]turn
To our [F]lives upon the [C]altar
The [G]things we did at first
You're [F]clearing out the [C/E]temple
You're [Am]cleaning out the [G]dirt
For we[F] are Your terri[C]tory
L[G]ord we are Your Church

Chorus
[C]   We are Your people
[G]   You are our God
[Am]   We are Your temple
[F]   Make us holy like [(1st time, to Interlude to V2)]You are

[C]   We are Your children
[G]   You've set us apart
[Am]   God for Your glory
[F]  Make us holy like You are

Interlude
| F  C/E  | Am  G  | F  C/E  | Am  G  |

Instrumental (Before B2)
| C    | G    | Am    | F    | C    | G    | Am    | F    |

Instrumental (After B2)
| F  C/E  | Am  G  | F  C/E  | Am  G  | 





Verse 2
You [F]see a holy n[C/E]ation
A [Am]flock to consecr[G]ate
A [F]chosen gene[C/E]ration
A [Am]people called to [G]pray
So [F]help us God to [C]please You
Where [G]only You can [Am]see
For [F]every moment m[C]atters in e[G]ternity


Bridge 1
[F]Mark Your [C/E]people [Am]with Your [G]presence
[F]   Make us a [C/E]place where You de[Am]light to [G]dwell
[F]May we [C/E]heed Your [Am]hand's cor[G]rection
[F]   Oh Lord our [C/E]Shepherd You do [Am]all things [G]well

Your [F]love as [C/E]firm as [Am]it is [G]tender
[F]   Your law is [C/E]perfect and Your [Am]judgements [G]true
[F]As we [C/E]run to [Am]resur[G]render
[F]   You will [C/E]restore what we [Am]return to [G]You
[F]   You are [C/E]restoring as we [C/G]yield a[G]new


Bridge 2
[C]   If You're calling we're coming
[G]   We're not walking, we're running
[Dm]   God we need resurrender[F], so we resurrender",C,,,,,,,,,,,,
21804084,B010 - Bigger Than I Thought,7123203,"Help, Faith, Rest, Trust, Surrender","","December 31, 2027","",Genre: Contemporary,Mood: Adoration,"",Season: 2022 - Winter,Tempo: Medium,"Themes: God's Greatness, Power, Glory",Passion,63,435,"","A, C, E","Intro
| C/E    | F    | G    | G    |

Verse 1
[C/E]   Speak to m[F]e
When the sil[G]ence steals my voice
You under[C/E]stand me    [F]
You under[Gsus]stand me   [G]

[C/E]   Come to m[F]e
In the v[Gsus]alley of un[G]known
You under[C/E]stand me   [F] 
You under[Gsus]stand me   [G]

You under[C/E]stand me God  [F] 
You under[Gsus]stand me   [G]

Chorus
I throw a[F]ll my cares b[C]efore you
My [G]doubts and fears don't [Am]scare you
You're [F]bigger than I t[C]hought you were
You're [Gsus]bigger than I [G]thought
I stop [F]all negoti[C]ations
With the [G]God of all cr[Am]eation
You're [F]bigger than I t[C]hought you were
You're [G]bigger than I thought you were
COLUMN_BREAK

Verse 2
[C/E]   I believ[F]e
But [Gsus]help my unbeli[G]ef
You under[C/E]stand me   [F] 
You under[Gsus]stand me   [G]

[C/E]   Help me rea[F]ch 
The f[Gsus]aith that's under[G]neath
You under[C/E]stand me    [F]
You under[Gsus]stand me   [G]

You under[C/E]stand me God   [F]
You under[G]stand me

Bridge
[C/E]   I will rest   [F]
In the [Gsus]Father's hands [G]
[C/E]   Leave the rest   [F]
In the [Gsus]Father's hands [G]",C,,,,,,,,,,,,
21805078,F017 - Fresh Wind,7166857,"Holy Spirit, Power, Presence, Revival, Worship","","December 27, 2027","",Genre: Contemporary,Mood: Desperation & Dependence,"","",Tempo: Slow,"Themes: Commitment & Dedication, God's Presence & Intimacy, Holy Spirit",Hillsong Worship,63,274,"",C,"
Verse 1
[F]Spirit sound, [C]rushing wind
[G]Fire of God [Am]fall within
[F]Holy Ghost, [C]breathe on us we [G]pray

Verse 2
As [F]we repent, [C]turn from sin
Re[G]vival embers [Am]smouldering
[F]Breath of God, [C]fan us into [G]flame

Chorus 1
[C/E]We need a [F]fresh wind, the fragrance of [Am]Heaven
Pour Your Spirit [C]out, pour Your Spirit [G]out

Verse 3
For [F]hearts that burn [C]with holy fear
[G]Purified in [Am]faith and deed
[F]Refiner's fire, [C]strengthen what re[G]mains

Verse 4
So [F]we the church who [C]bear Your light
[G]Lamp aflame, [Am]city bright
[F]King and kingdom [C]come is what we [G]pray

COLUMN_BREAK

Chorus 2
[C/E]We need a [F]fresh wind, the fragrance of [Am]Heaven
Pour Your Spirit [C]out, pour Your Spirit [G]out

A [C/E]holy a[F]nointing, the power of Your [Am]presence
Pour Your Spirit [C]out, pour Your Spirit [G]out

Tag
Pour Your [C/E]Spirit out[F] 
Pour Your [Dm]Spirit out[Am]
Pour Your [G/B]Spirit out[C] 
Pour Your [C/E]Spirit out[G]

Bridge
[F]Let all the redeemed 
[Am]prophesy and sing
[C]We can hear the wind
[G]Blowing blowing blowing

[F]Move upon our praise 
[Am]sons and daughters sing
[C]We can hear the wind
[G]Blowing blowing blowing",C,,,,,,,,,,,,
22205779,B016 - The Blood Is Still The Blood,7171407,"Blood, Faith, Miracles, Power, Transformation","","December 31, 2027","",Genre: Contemporary,Mood: Declarative,"",Season: 2022 - Winter,Tempo: Slow,"Themes: Jesus' Life, Death, & Resurrection",Maverick City Music,70,603,"","Bb, E","Intro
| E / / / | C#m / / B/D#
| E / / / | A/C# / / B
| E / / Esus | E / / /

Verse 1
I was a [E]leper out[Esus]side the [E]city
None would come[A] close
But You[A/C#] wouldn't let[Bsus] go
What worked back[C#m] then
Will [B/D#]work [E]again
I know the [A/C#]blood is[B/D#] still the [E]blood  [Esus] [E]

Verse 2
I had an [E]issue, no [Esus]one could [E]help
I tried them [A/C#]all
My last try I [B]crawled
And what worked bac[C#m]k then
Will [B/D#]work [E]again
I know the [A/C#]blood is[B] still the [E]blood

Chorus
O how [A]precious, how beauti[E/G#]ful
This priceless [A]love, I've [C#m]come to [B]know 
In the [A]midst of my darkes[B]t storm
I know the [A/C#]blood is [B/D#]still the [E]blood

COLUMN_BREAK

Verse 3
I was just like [E]Mary, labe[Esus]led by [E]shame
They called my [A]wrong
But You [A/C#]called my [B]name
What worked bac[C#m]k then
Will [B/D#]work [E]again
I know the [A/C#]blood is [B/D#]still the [C#m]blood
I know the [A]blood is [B]still the [E]blood

Interlude
| E       /   /         Esus | x4
| E       /   B/D#  /        | A / / / x3
| C#m  /   B/D#  /        | A / / /


Bridge 1
It [E]washes [B/D#]white as [A]snow
The [E]blood can [B/D#]make me [A]whole
It [E]paid the [B/D#]debt I [A]owe
The [C#m]blood has [B/D#]made me [A]whole


Interlude
| E       /  B  /  | A        /     /         / x2
| E/G# /  B  /  | A        /     /         /
| C#m  /  B  /  | E/G#  A  E/G#  A
",E,,,,,,,,,,,,
22207071,F007 - Firm Foundation (He Won't),7188203,"Faithfulness, Foundation, Refuge, Rock","","December 27, 2027","",Genre: Contemporary,Mood: Declarative,"","",Tempo: Medium,Themes: God's Faithfulness,Maverick City Music,150,508,"","E, G","Intro
Db Dbsus

Verse 1
Christ is my [Db]firm foundation
The [Bbm]rock on which I [Ab]stand
When everything a[Db]round me is shaken
I've [Bbm]never been more [Ab]glad
That I put my [Gb]faith in Jesus [Db/F]
'Cause He's [Bbm]never let me [Ab]down
He's faithful through [Gb]generations [Db/F]
So [Bbm]why would He fail[Ab] now
He won't[Db]


Verse 2
I've still got [Db]joy in chaos
I've got [Bbm]peace that makes no [Ab]sense
I won't be [Db]going under
I'm not [Bbm]held by my own [Ab]strength
'Cause I've built my [Gb]life on Jesus [Db/F]
He's [Bbm]never let me [Ab]down
He's faithful through [Gb]every season [Db/F]
So [Bbm]why would He fail[Ab] now
COLUMN_BREAK
Chorus
He won't [Db]
He won't [Dbsus]
He won't [Bbm]fail           [Ab]  [Db]  [Db/F]  [Gb]  
He won't [Bbm]fail           [Ab]  [Db]  [Db/F]  [Gb/Eb]  

Interlude
Gb Ab Db/F Bbm


Bridge1
[Gb]Rain came and [Ab/Gb]wind blew
But my [Db/F]house was built on [Bbm]You  [Ab]
[Gb]I'm safe [Ab/Gb]with You
[Db/F]I'm going to make it [Bbm]through [Ab]
 

Bridge 2
[Gb]I'm going to make it [Ab/Gb]through
'Cause [Db/F]I'm standing strong on [Bbm]You  [Ab]
[Gb]I'm going to make it [Ab/Gb]through
'Cause [Db/F]my house was built on [Bbm]You  [Ab]
",Db,,,,,,,,,,,,
22291501,M015 - More To Come,7123198,"Expectation, Faith, Greatness, Victory, Believe, Power, Trust, Hope","","December 27, 2027","",Genre: Gospel,Mood: Declarative,"","",Tempo: Medium,Themes: Trust,Passion,75,398,"",C,"Intro
[| Am7 / / / | G / / / | C / / / | F2 / / / |]

Verse 1
[Am7]   You're the God who makes the [G]giants fall 
[C]   You bring down the walls of [F2]Jericho 
[Am7]   You're the God who gives the [G]miracle 
We bel[C]ieve [F2]

Verse 2
[Am7]   You're the God who parts the [G]ocean wide 
[C]   Just to bring us closer [F2]to Your side 
[Am7]   You're the God who brings the [G]dead to life 
We bel[C]ieve, oh, we bel[F2]ieve 

Chorus
[F2]   God, how great You [G]are 
Great things You have [Am7]done 
For everything we've [Em7]seen 
There is more to [F2]come 
Every victo[G]ry, every battle [Am7]won 
For everything we've [Em7]seen 
There is more to [F2]come  [(F2)]
COLUMN_BREAK
Verse 3
[Am7]   We are confident in [G]all Your ways 
[C]   Cause we know You never [F2]make mistakes 
[Am7]   God, You fill us with a [G]greater faith 
We bel[C]ieve [F2]

REPEAT Chorus

Bridge X3
All of our [C]hope in 
All of our [C]trust in 
All of our [Am7]future in 
The [C/G]God who never [G]fails 

All of our [C]faith in 
All of our [C]strength in 
All of our [Am7]future in 
The [C/G]God who never [G]fails

REPEAT Chorus X2

Instrumental 
[| F2 / / / | / / / / | Am7 / / / | G / / / |]
[| F2 / / / | / / / / | Am7 / / / | G / / / |]
[| F2       |]

REPEAT Chorus X2",C,,,,,,,,,,,,
22358279,I022 - In Control,7068425,"","","February 26, 2026","",Genre: Contemporary,Mood: Desperation & Dependence,"","",Tempo: Medium,Themes: Trust,Worship Together,140.35,0,Proverbs 3:5-6; Proverbs 16:9,"A: A, G","Intro
[F#m /// | D /// | A /// | C#m ///]
|2x|

Verse
From [F#m]heaven You can hear 
I [D]know You‘re drawing near as I wor[A]ship [C#m]
[D]Held within Your love the 
[Bm]wind and waves will come
But I will [A]stay here [E]

Chorus
I lift my hands to heav[A]en
Here my heart surr[E]endered
I tell my soul a[F#m]gain You are [E]Lord of [D]all
Though the seas are rag[A]ing 
You will speak and [E]tame them
In You I find my [F#m]rest
You are [E]in con[D]trol

Verse 2
Through [F#m]valleys I will trust
Your [D]Spirit is enough to keep 
me walk[A]ing [C#m]
You [D]guide my every step
Speak [Bm]life to me again Lord I [A]need You
Oh I [E]need You

COLUMN_BREAK
instrumental
[D /// | E /// | F#m /// | A/C# //]

Bridge
I will [D]trust in only [E]You 
No one can [F#m]add to Your per[A/C#]fection
You’re the be[D]ginning and the end 
More than [E]I can comprehend
There is [F#m]no one like You, [E]no one 
|2x|


",A,,,,,,,,,,,,
22916769,I012 - I Speak Jesus,7136201,"","","December 27, 2027","",Genre: Contemporary,"Mood: Adoration, Declarative","","","Tempo: Medium, Slow","Themes: God's Greatness, Power, Glory, Thankfulness & Adoration",Charity Gayle/Darlene Zschech,74,415,"",E,"Verse 1
[E]I just wanna speak the name of Jesus
[C#m]Over every heart and every mind
[A]'Cause I know there is peace within Your presence
I speak Je[E]sus

Verse 2
[E]I just wanna speak the name of Jesus
[C#m]'Til every dark addiction starts to break
[A]Declaring there is hope and there is freedom
I speak Je[E]sus

Chorus
'Cause Your name is [B]power
Your [B/G#]name is [A]healing
Your na[E]me is life
Break every [B]stronghold
Shine [B/G#]through the [A]shadows
Burn li[E]ke a fire

COLUMN_BREAK
Verse 3
[E]I just wanna speak the name of Jesus
[C#m]Over fear and all anxiety
[A]To every soul held captive by depression
I speak [E]Jesus

Bridge
Shout [E]Jesus from the mountains
[A]Jesus in the [E]streets
[C#m]Jesus in the darkness over [A]every ene[E]my
[A]Jesus for my family
[A]I speak the holy name
Je[E]sus, oh",E,,,,,,,,,,,,
22917068,S002 - Same God,7183537,"","","December 29, 2027","",Genre: Contemporary,Mood: Desperation & Dependence,"","","Tempo: Medium, Slow",Themes: God's Faithfulness,Elevation Worship,144,481,"","A, C, Db, G","Intro [| Db / / / | Gb/Db Db / / |]

Verse 1
[Db]I'm calling on the God of [Gb/Db]Jacob   [Db]
[Db]Whose love endures through [Gb/Db]generations[Db]
[Bbm]I know that You will keep Your [Gb]covenant
[Db]I'm calling on the God of [Gb/Db]Moses    [Db]
[Db]The one who opened up the [Gb/Db]ocean    [Db]
[Bbm]I need You now to do the [Gb]same thing for me
[| Db / / / | Gb/Db  Db / / |]

Chorus
[Db]O God my God I [Ab/C]need You
[Bbm]O God my God I [Ab]need You [Gb]now
How I [Db/F]need You [Gb]now [Ab]
[Db]O Rock O Rock of ages[Ab/C]
[Bbm]I'm standing on Your [Ab]faithful[Gb]ness [Db/F]
[| Gb / / Ab |]

Verse 2
[Db]I'm calling on the God of [Gb/Db]Mary    [Db]
[Db]Whose favor rests upon the [Gb/Db]lowly    [Db]
[Bbm]I know with You all [Ab]things are [Gb]possible
[Db]I'm calling on the God of [Gb/Db]David.   [Db]
[Db]Who made a shepherd boy [Gb/Db]courageous  [Db]
[Bbm]I may not face Goliath
[Gb]But I've got my own giants

COLUMN_BREAK
Bridge 1
[Db]You heard Your children then
[Bbm]You hear Your children now
[Gb]You are the same God [Gb]You are the [Ab]same God

[Db]You answered prayers back then
[Bbm]And You will answer now
[Gb]You are the same [Db/F]God [Gb]You are the [Ab]same God

You were providing then
You are providing now
You are the same God You are the same God

You moved in power then
God move in power now
You are the same God You are the same God

You were a healer then
You are a healer now
You are the same God You are the same God

[Bbm]You were a Savior then
[Db/Ab]You are a Savior now
[Gb]You are the same [Db/F]God [Gb]You are the [Ebm]same God

Bridge 2
[Db]You freed the captives then
[Bbm]You're freeing hearts right now
[Gb]You are the same God [Gb]You are the [Ab]same God
[Db]You touched the lepers then
[Bbm]I feel Your touch right now
[Gb]You are the same God [Gb]You are the [Ab]same God

VERSE 3
[Db]I'm calling on the Holy [Gb/Db]Spirit [Db]
[Db]Almighty River 
come and [Gb/Bb]fill  [Db/Ab]me  [Gb]a  [Db/F]gain    [Db]

Tag
come and [Gb/Bb]fill  [Db/Ab]me  [Gb]a  [Db/F]gain    [Db]
come and [Gb/Bb]fill  [Db/Ab]me  [Gb]a  [Db]gain",Db,,,,,,,,,,,,
22979712,H018 - Holy Forever,7201044,"Exaltation, Holiness, Lamb Of God, Praise, Singing, Worship","","December 30, 2027","","","","","","","",Worship Together,144,0,Colossians 1:16; Isaiah 6:3,"C: C, G","Intro
[|Gb / / Bbm | Absus / / / | Db/F / / / | Bbm / Absus / |]

Verse 1
A [Db]thousand generations
[Gb]Falling down in w[Db]orship
To [Bbm]sing the song of a[Ab(add4)]ges to the La[Gb2]mb 
And [Db]all who’ve gone before us 
And [Gb]all who will beli[Db]eve
Will [Bbm]sing the song of a[Ab(add4)]ges to the La[Gb2]mb


Pre-Chorus 1
Your [Gb2]name is the highest  [Bbm]
Your [Ab(add4)]name is the greatest
Your [Bbm]name stands above them [Gb2]all
All [Gb2]thrones and dominions  [Bbm]
All [Ab(add4)]powers and positions
Your [Bbm]name stands above them [Gb2]all [(][Ebm7][)]


Chorus (1st half)
And the angels cr[Gb2]y: Ho  [Bbm]-  [Ab(add4)]ly
All creation cr[Db/F]ies: Ho  -  [Bbm]ly
You are lifted hi[Ebm7]gh, ho  -  [Ab(add4)]ly
Holy fore[Db]ver   [Dbsus]   [Db]

COLUMN_BREAK

Verse 2
[Db]If you’ve been forgiven 
And [Gb]if you’ve been redee[Db]med 
[Bbm]Sing the song fore[Ab(add4)]ver to the La[Gb2]mb
[Db]If you walk in freedom
And [Gb]if you bear His na[Db]me
[Bbm]Sing the song fore[Ab(add4)]ver to the La[Gb2]mb
We’ll [Bbm]sing the song fore[Ab(add4)]ver and ame[Gb2]n


Chorus
And the angels cr[Gb2]y: Ho  [Bbm]-  [Ab(add4)]ly
All creation cr[Db/F]ies: Ho  -  [Bbm]ly
You are lifted hi[Ebm7]gh, ho  -  [Ab(add4)]ly
Holy fore[Db]ver   [Dbsus]   [Db]
Hear your pe[Db/F]ople si[Gb2]ng: Ho  [Bbm]-  [Ab(add4)]ly
To the King of ki[Db/F]ngs, ho  -  [Bbm]ly
You will always b[Ebm7]e ho  -  [Ab(add4)]ly
Holy fore[Db]ver   [Dbsus]   [Db]


Tag
You will always b[Ebm7]e ho  -  [Ab(add4)]ly
Holy fore[Db]ver   [Dbsus]   [Db]


Interlude
[Ebm7 Ab(add4) Db Bbm7]",Db,,,,,,,,,,,,
23080194,F008 - First Love,,"","","January 31, 2026","",Genre: Contemporary,"Mood: Desperation & Dependence, Reflection & Prayer","","",Tempo: Slow,"Themes: Commitment & Dedication, God's Presence & Intimacy",Default Arrangement,70,0,"",G,"VERSE 1
[G]Take me [D]back to [C]my first [Em]love
Where [Em]all I [D]want is [G]you
[G]Jesus yo[D]u are mo[C]re than [Em]enough
[Em]All I [D]need is [G]you


CHORUS
[G]One thing I [C]ask
That shall I [D]seek
I want to [Em] be [(][Am][)]with [D]you my Ki[G]ng   <b>(2X)</b>


VERSE 2
[G]Take me [D]back to [C]my first [Em]love
Where [Em]things on [D]earth grow [G]dim
The [G]shadows f[D]lee as you draw[C] near to[Em] me
[Em]My heart[D] burns a[G]gain


BRIDGE
I've got to [C]sing it
I've got to [D]shout it
You have been [Am]good [G]to [C]me",G,,,,,,,,,,,,
23179615,Y016 - You Hold Me Now,5372151,"Sustainer, Love, , Prayer","","May 11, 2025","","","","","","","",Default Arrangement,93,0,"","C, D","Intro: | D / / / | G / / / | Bm / / / |G / / / |

Verse 1
On that [D]day when I see
All that [G]You have for [D]me
When I [Bm]see You face to face
There [F#m]surrounded by Your [A]grace
All my [D]fears swept away
In the [G]light of Your [D]embrace
Where Your [Bm]love is all I need
And [F#m]forever I am [A]free

Pre-Chorus
Where the [Em]streets are made of gold
In Your [D/F#]presence healed and whole
Let the [G]songs of heaven rise to You alone

Chorus
[D] No weeping [G]no hurt or [Bm]pain
No suffering You [G]hold me now
You [G]hold me now
[D] No darkness no [G]sick or [Bm]lame
No hiding You hold me [G]now
You hold me now [D] [(G)]

COLUMN_BREAK
Verse 2
In this [D]life I will stand
Through my [G]joy and my [D]pain
Knowing [Bm]there's a greater day
There's a [F#m]hope that never [A]fails
Where Your [D]Name is lifted high
And for[G]ever praises [D]rise
For the [Bm]glory of Your Name
I'm be[F#m]lieving for the [A]day

Pre-Chorus 2
Where the [Em]wars and violence cease
All [D/F#]creation lives in peace
Let the [G]songs of heaven rise to You alone

Instrumental: 
| G / / / | A / / / | Bm / / / |
| D/F# / / / | G / / / | A / / / |

Bridge
[D] For eternity
[A] All my heart will give
[Em] All the glory to Your [G]Name",D,,,,,,,,,,,,
23397457,X005 - His Name Shall Be,7069406,"","","November 30, 2025","","","","","","","",Worship Together,136,0,Isaiah 9:6,C: C,"Intro
[C /// | C /// | F/C /// | ////]

Verse 1
Oh, [C]can you hear the [Csus]angels' song
That [C]rang so sweet and [Csus]clear 
When [Am]heaven's light and [F]music fell
And [Dm]mercy found us [G]here
[F]Glory in the high[C/E]est
And [Am]on the [G]earth be [F]peace [C/E]
[Dm]Glory to [Dm7b5]God the angels [C]sing!

[C / Csus C | // Csus C]

Verse 2
He [C]came to tell the [Csus]Father's love
His [C]goodness and His [Csus]grace
To [Am]show the brightness of [F]His smile
The [Dm]glory of His [G]face
So [F]glory in the high[C/E]est
And [Am]on the [G]earth be [F]peace [C/E]
[Dm]Glory to [G]God Your children [C]sing

Chorus
His name shall be called [Am]Wonderful, [F]Counselor
[C]Mighty God, [G]Everlasting Father
[Am]Prince of Peace for all e[F]ternity oh,
[Dm]His [G]name shall be
[Am]Wonderful, [F]Counselor
[C]Mighty God, [G]Everlasting Father
[Am]Prince of Peace for all e[F]ternity oh, [Dm]
His [G]name shall [C]be




Verse 3
He [C]came to lift the [Csus]weary ones
Give [C]peace and perfect [Csus]rest 
To [Am]take away our [F]burdens and 
To [Dm]give a glorious [G]gift
So [F]glory in the high[C/E]est 
And [Am]on the [G]earth be [F]peace [C/E]
[Dm]Glory to [Fm]God the world will [C]sing!

Bridge
[F]One name a[Am]bove all oth[G]ers
[C]One name that [G/B]came to save [Am]us   [G]
Oh [F]sing, His name is [G]
His name is Je[C]sus! [Dm] [C/E]
[F]One name a[Am]bove all oth[G]ers  [G/B]
[C]One name that [G/B]came to save [Am]us    [G]
Oh [F]sing, His name is [G]
His name is Je[C]sus!

",C,,,,,,,,,,,,
23609940,I019 - I've Witnessed It,,"","","December 27, 2027","",Genre: Contemporary,"Mood: Adoration, Declarative","","",Tempo: Medium,"Themes: God's Faithfulness, Thankfulness & Adoration",I019 - I've Witnessed It,174,0,"","C, Db, E","Intro
[Bbm] [Gb] [Db] [Fm]
Verse 1
[Bbm]    When I was lost [Gb]    and all alone
[Db]    Your presence was[Db/F]    where I found home
[Bbm]    You were there
[Gb]    and You’re here rig[Db]ht now      [Ab]

Verse 2
In every high   and every low
You never left    me without hope 
You were good
and You’re good right now  

Chorus
    [Db]    I’ve witnessed Your faithfulness
    [Bbm]    I’ve seen You breathe life within
So[Gb] I’ll,    pour out my praise again
You’r[Bbm]e worthy
God You’re [Gb]worthy of all of it[Db]

Your promises never fail
I’ve got stories I’ll live to tell
So I’ll pour out my praise again
You’re worthy
God You’re worthy of all of it

Verse 3
You left the throne and chose the cross
Laid down your life to rescue us
The Savior then, the Savior now

[Bbm]    But even death[Gb]   was not the end
[Db]   You conquered hell[Db/F]    so I could live
[Bbm]   Resurrecting then[Gb]    resurrecting n[Db/F]ow      [Ab]
[Bbm]   Resurrecting then[Gb]    resurrecting n[Db]ow      [Ab]

COLUMN_BREAK

Interlude
[Db / / / Bbm / / / Gb / / / Bbm / Gb /]

Bridge 1
[Db]   You’re good and I’ve witnessed it
[Bbm]   You’re strong and I’ve witnessed it
[Gb]   You’re constant I’ve witnessed it 
[Bbm]   And I’m confident
I’ll [Gb]see it again and ag[Db]ain

[Db/F]   You love and I’ve witnessed it
[Bbm]   You heal and I’ve witnessed it
[Gb]   You save and I’ve witnessed it
[Bbm]   And I’m confident 
I’ll [Gb]see it again and ag[Db]ain

Bridge 2
To the broken I’ll witness it
To the hurting I’ll witness it
To the lost I will witness it
I’ll tell them this
I’ll tell them what I’ve witnessed

To my family I’ll witness it
To my city I’ll witness it
To the nations I’ll witness it
I’ll tell them this 
I’ll tell them what I’ve witnessed
",Db,,,,,,,,,,,,
23631863,L012 - Look Back,,"","","December 27, 2027","",Genre: Contemporary,Mood: Reflection & Prayer,"","",Tempo: Medium,"Themes: Commitment & Dedication, Repentance",Default Arrangement,128,0,"","E, G","Intro
| A | E/G# | A | E/G# |
| A | E/G# | F#m | B |

Verse 1
Lord I'm [A]prone, prone to [E/G#]wander
For my [A]flesh, it [B]seeks its [E/G#]own
When my [A]heart, it s[B]trays
Won't you [C#m]lead me back to g[E/G#]race
For [A]you, a[B]lone are g[E]ood


Chorus
[E/G#]I don't wanna [A]look back and [B]see
All the t[C#m]rophies that I've sto[E/G#]red
But [A]find I [B]lost my [E]soul

[E/G#]I don't wanna [A]look back and [B]see
All the h[C#m]earts that I've won ov[E/G#]er
But [A]lose the [B]one who died for [E]me


Instrumental 1 (to verse) 
| A | E | A | B |


Verse 2
Jesus [A]teach me through the [E/G#]silence
As I [A]learn to [B]trust in y[E/G#]ou
May I [A]die so [B]you may l[C#m]ive inside of [E/G#]me
And I'll [A]give it [B]all aw[E]ay

COLUMN_BREAK
Instrumental 2 (to bridge)
| E | E/G# | A / E/G# / | F#m / B / |


Bridge
[E]You're my treasure
[E/G#]You're my great reward
[A]You're [E/G#]all this h[F#m]eart is [B]living for
[E]Just to know you
[E/G#]And to love you more
[A]You're [E/G#]all this h[F#m]eart is l[B]iving for


<b>Final</b> Bridge Ending
[E/G#]Just to know you
[A]And to love you more
[F#m]You're [E/G#]all this h[A]eart is l[B]iving for
[F#m]You're [E/G#]all this h[A]eart is l[B]iving for


Instrumental (to chorus)
| A | E/G# | A | E/G# |
|A/C# | E/G# | A/C# | E/B |


Ending
[E]I just wanna [G#m]praise you
[A]Lift my [E/G#]hands and [B]say I love you
[E/G#]You are every[A]thing to me
And [F#m]I exalt your [B]holy name on [E]high

",E,,,,,,,,,,,,
24059642,S018 - Son Of Suffering,7179241,"God's Love, Praise, Restoration, Salvation, Son Of God, Suffering","","December 27, 2027","",Genre: Contemporary,"Mood: Adoration, Celebratory, Reflection & Prayer","","","Tempo: Medium, Slow","Themes: Jesus' Life, Death, & Resurrection, Thankfulness & Adoration",Bethel Music,135,477,"",Db,"Intro
Db / / / | Ab / / / | Db/F / / / | Gb / / / | / / /

Verse 1
Oh, the per[Db]fect Son of God in[Ab] all His innocence
Here wal[Db/F]king in the [Gb]dirt with you and [Ab]me
He kn[Db]ows what living is
He's acq[Ab]uainted with our grief
A [Db/F]man of sorrows, S[Gb]on of suffer[Ab]ing

Chorus
(Oh) blood and [Gb]tears, how can it[Db] be
(That) there's a God w[Ab]ho weeps
There's a God wh[Bbm]o bleeds
Oh, praise the[Gb] One, who would [Ab]reach for[Bbm] me
Halle[Ab]lujah to the [Gb]Son of sufferi[Db]ng

Verse 2
So[Db]me imagine You are dis[Ab]tant and removed
But You c[Db/F]hased us down in mer[Gb]ciful pur[Ab]suit
To the sin[Db]ner You were grace
And the bro[Ab]ken You embraced
And[Db/F] in the end the pro[Gb]of is in Your wo[Ab]unds
Yes[Db/F] in the end the pro[Gb]of was in Your wo[Ab]unds

COLUMN_BREAK

Bridge 1
[Db]Your cross, my freedom,Your stripes, my healing
[Db]All praise King Jesus, glory to God in Heaven
[Db]Your blood still speaking, Your love still reaching
[Db]All praise King Jesus[Gb], glory to God forever

[Db]Your cross, my freedo[Gb/Bb]m,Your stripes, my healing
[Db/F]All praise King Jesus[Gb], glory to God in Heaven
[Db]Your blood still speakin[Gb/Bb]g, Your love still reaching
[Ab]All praise King Jesus[Gb], glory to God forever  [Db]

Tag1
[Gb/Bb]    Glory to God forever[Db/F]
[Gb]    Glory to God forever[Db]
[Gb/Bb]    Glory to God forever[Ab]
[Gb]    Glory to God forever[(][Db][) if repeat]

Tag 2
Halle[Ab]lujah to the [Gb]Son of sufferi[Db]ng

Bridge 2
All praise King Jesus[Ebm], all praise King Jesus[Db/F]
All praise King Jesus[Gb], glory to God forever[Db]
All praise King Jesus[Ebm], all praise King Jesus[Bbm]
All praise King Jesus[Gb], glory to God forever[Db]",Db,,,,,,,,,,,,
24059730,H038 - Hymn Of Heaven,7168994,"","","December 29, 2027","",Genre: Contemporary,"Mood: Adoration, Celebratory","","",Tempo: Medium,"Themes: God's Kingdom & Reign, Thankfulness & Adoration",Phil Wickham,142.74,273,"","A, C, E","Intro
E E/G# A / | C#m / B / 

Verse 1
How I [E]long to [Esus]breathe the air of [E]Heaven
Where pain is [C#m]gone and [A]mercy fills the [B]streets
To look up[E/G#]on the [A]One who bled to [E]save [B/D#]me     [C#m] 
And walk with [A]Him for [B]all [E]eternity    [Esus]  [E]

Chorus
There will [E/G#]be a [A]day when [B]all will bow before [E]Him
There will [E/G#]be a [A]day when [C#m]death will be no [Bsus]more
Standing [E/G#]face to [A]face 
with [B]He who died and [E]rose [E/G#]a   - [A]gain
[A]Holy, [B]holy is the [(][E][)]Lord

Verse 2
And every prayer we prayed in desperation
The songs of faith we sang through doubt and fear
In the end, we'll see that it was worth it
When He returns to wipe away our tears

Verse 3
And on that day, we join the resurrection
And stand beside the heroes of the faith
With one voice, a thousand generations
Sing worthy is the Lamb who was slain[E]

And on that [E]day, we [Esus]join the resur[E]rection
And stand be[C#m]side the [A]heroes of the [Bsus]faith    [B]
With one [E/G#]voice, a [A]thousand gener[E]a - [B/D#m]tions    [C#m]  [B]
Sing [A]worthy is the [B]Lamb who was slain[E/G#][(C#)]
[A]Fo[(cut)]rever He shall reign[E]     [Esus]  [E]

COLUMN_BREAK

Chorus 2
So let it [E/G#]be to[A] - day we [B]shout the hymn of [E]Heaven
With angels [E/G#]and the [A]saints, we [C#m]raise a mighty [B]roar
Glory [E/G#]to our [A]God 
who [B]gave us life be[E]yond [E/G#]the [A]grave
[A]Holy, [B]holy is the [E]Lord

Tag
[A]Holy, [B]holy is the [C#m]Lord  [E/G#]",E,,,,,,,,,,,,
24138453,T017 - Through It All,3452774,"Righteousness, Faithfulness, God's Attributes","","April 16, 2023","",Genre: Contemporary,Mood: Reflection & Prayer,"","",Tempo: Medium,Themes: Commitment & Dedication,Hillsong Worship,75,322,"",G,"Verse 1
[G]You are for[D]ever in my [Em]life
You [C]see me through the [Dsus]seas[D]ons

[G]cover [D]me with Your [Em]hand
and [C]lead me in Your [D]righteousness

and I[Bm] look to [C]You
and I[Bm]wait on [C]You   [D]

Chorus

I'll [G]sing to You Lord a [C]hymn of love
for Your [D]faithful[Em]ness to [C]me   [D]

I'm [G]carried in ever[C]lasting arms
You'll [D]never [G]let me [C]go
[D]through it [G]all

Bridge

[G]hallel[Em]ujah   [C]hallel[D]ujah
hallelujah   hallelujah

Lord we love You
Lord we love You

Lord we praise You
Lord we praise You

I adore You 
Jesus

I worship You
Jesus

I love You
Jesus",G,,,,,,,,,,,,
24218144,L011 - Look Around,,"","","March 19, 2026","",Genre: Contemporary,Mood: Declarative,"","",Tempo: Slow,Themes: God's Faithfulness,Housefires,138,447,"","F, G","Intro: G / / / | C / / / | C G/B D / | G / / / 

Verse 1
Not a [C]word You [G/B]speak is [D]ever [G]wasted
Not a [C]promise [G/B]You have [Em]left un[D]kept
You are [C]faithful [G/B]to me [D]through the [Em]ages
[A7]Jesus, my [C/D]Emmanu[G]el


Verse 2
Not a single taste has disappointed
Not a glimpse of You has fallen short
You go far beyond my expectations
Jesus, Jesus, always more

Chorus
What a [C]privilege, what an [G/B]honor
Just to [C]dwell [A/C#]  within Your [D]house
In every [C]season, in every [G]hour [D/F#]  [Em]
You're faithful [C]then,[D/F#]    You'll be faithful [G]now

Verse 3
Years and years of goodness go before me
Miles and miles of mercy close behind
In every battle and in every blessing
Jesus, You've been on my side

Bridge
[G]Look around, where you've come from
[Am]Look around, where you are now
[G/B]Look around, lift your head up
[C]Anything is possible",G,,,,,,,,,,,,
24861912,T015 - This Is Our God (Wickham),7211413,"Faithfulness, Power, Praise, Redemption, Salvation","","November 23, 2025","","","","","","","",Worship Together,160,0,1 John 4:9–10; 1 Peter 2:24,C: C,"Intro
[| C / / / | C / / / | C / / / | C / / / |]
[| C / / / | Csus / C / | C / / / | Csus / C / |]
Verse 1
[C]   Remember those walls that we called sin and shame
[Am7]   They were like prisons that we couldn’t escape
But He [G]came and He died and He [F]rose
Those walls are rubble [(C)]now

Turnaround
[| C / / / | Csus / C / |]
Verse 2
[C]   Remember those giants we called [Csus]death and [C]grave
[Am]   They were like mountains that stood in our way
But He [G]came and He died and He [F]rose
Those giants are dead [C]now

Chorus 1
[C/E]This is our [F2]God
This is who He [C]is
He [C/G]loves [G]us
This is our God
This is what He does
He saves us
[C/E]He bore the [F2]cross
Beat the [C]grave
Let [G]heaven and earth pro[Am]claim 
[G]This is our [F2]God
King [Gsus]Jesus

Turnaround
[| C / / / | Csus / C / |]
Verse 3
Remember that fear that took our breath away
Faith so weak that we could barely pray
But He heard every word, every whisper

Verse 4
[C]   Now those altars in the [Csus]wilderne[C]ss
[Am7]   Tell the story of His [F2/A]faithful[Am7]ness
Never [Gsus]once did He fail and He [F]never will [C]

Turnaround
[| C / / C/E |]

Bridge 1
[Fmaj7]   Who pulled me out of that pit
He did, He [G/B]did
[C]   Who paid for all of our sin
Nobody but Je[C/E]sus

[Fmaj7]   Who pulled me out of that pit
He did, He [G/B]did
[C]   Who paid for all of our sin
Nobody but Je[C/E]sus

Bridge 2 
[Fmaj7]   Who rescued me from that grave
Yahweh Yah[G/B]weh
[C]   Who gets the glory and praise
Nobody but Je[C/E]sus

[Fmaj7]   Who rescued me from that grave
Yahweh Yah[G/B]weh
[Am]   Who gets the glory and praise
[G]Nobody but Him

REPEAT CHORUS

Tag
He [C/E]bore the [F]cross
Beat the [C]grave
Let [G]heaven and earth pro[Am]claim 
[G]This is our [F]God
King Jesus[C]",C,,,,,,,,,,,,
24989180,W022 - Worth It All,6219495,"","","December 27, 2027","",Genre: Contemporary,"Mood: Declarative, Reflection & Prayer","","",Tempo: Medium,"Themes: Commitment & Dedication, Surrender",Worship Central,72,342,"",E,"Intro
|C#m   A   | E        |

Verse 1
[C#m]   All I [A]am Lord [E]   here before You
[C#m]   Reaching [A]out for [E]more

[C#m]   You're the [A]promise [E]   Never [B/D#]failing
[C#m]   You are [A]my re[E]ward
[C#m]   You are [A]my re[E]ward

Chorus
I let [A]go of all I [E]have
Just to [C#m]have all of [B]You
And no [A]matter what the [E]cost
I will [C#m]follow [B]You

Jesus [A]everything I've [E]lost
I have [C#m]found in [B]You
When I [A]finally reach the [E]end I'll [B]say

Tag
You are worth it [A]all   [C#m]    [B]
COLUMN_BREAK
Verse 2
[C#m]   There's no [A]riches [E]   earthly treasure
[C#m]   That will [A]satis[E]fy

[C#m]   Every [A]longing [E] for You [B/D#]Jesus
[C#m]   Set this [A]heart on fir[E]e
[C#m]   Set this [A]heart on fir[E]e

Bridge
[A]   When I'm there in Your glorious [E/G#]presence
[B]   Every knee is bowed be[C#m]fore You
[A]   Hear the sound of heaven [E/G#]singing
[B]   You are worth [C#m]it all

[A]   All the saints cry Holy [E/G#]Holy
[B]   Angels singing worthy [C#m]worthy
[A]   Forever I will shout Your [E/G#]praises
[B]   You are worth [C#m]it all

(last time 2nd half bridge)
[A]   All the saints cry Holy Holy
[B]   Angels singing worthy worthy
[A/C#]   Forever I will shout Your praises
[B/D#]   You are worth it all
",E,,,,,,,,,,,,
25007327,H011 - Here I Bow,7069335,"","","December 29, 2027","","","","","","","",Worship Together,,0,Philippians 2:10,"D: D, E, G","Verse 1
Where would I [G]run
But to the throne of [D/F#]mercy
Where would I [G]kneel
But at this cross of [D/F#]grace
How great the [G]love
How strong the hand that [D/F#]holds us 
Beauti[Em]ful, so beauti[A]ful


Chorus
So [G]Here I [A]bow to [Bm]lift You high
[G]Je-[A]sus be [Dsus]glori-[D]fied
In [G]all [A]things, for [Bm]all my life
I am [G]Yours, for[A]ever [D]Yours


Verse 2
There is a [G]King
Who bore the scars of hea[D/F#]ling
There is a [G]Son
Who came in grace and [D/F#]truth
How great the [G]love
That carries us to kind[D/F#]ness
Wonder[Em]ful, You’re wonder[A]ful
COLUMN_BREAK
Bridge
God [G]here and [A]now be [Dsus]lifted [D]high
Right [G]here and [A]now be [Dsus]glori-[D]fied
God of [G]Heaven and [A]Earth
God who [Bm]brought me back to life
I am [G]Yours, [A]forever [D]Yours",D,,,,,,,,,,,,
25007341,C008 - Christ Our King,7192001,"Christ, Jesus, King, Mercy, Waiting","","March 29, 2026","","","","","","","",Worship Together,150,0,Matthew 27:37; Revelation 15:3,"D, Db: Db, G","Intro
[|Gb2///| Absus///| Db/F///| Gb2///|]

Verse 1
We [Db]wait for You, [Gb2]Lord
We [Bbm7]wait for You, [Gb2]Lord
For Your [Db]justice and mercy
Re[Ebm7]vival in our city
We [Bbm7]wait for You, [Gb2]Lord

Chorus 1
[Gb]Christ, our [Ab]King
Be en[Db/F]throned, be lifted hi[Gb]gh
[Gb]Christ, our [Ab]King
Be for[Db/F]ever glorifie[Gb]d

Verse 2
We [Db]wait for You, [Gb2]Lord
We [Db]wait for You, [Gb2]Lord 
You’re [Db]healing what’s broken
Re[Ebm7]building the ruins
We [Bbm7]wait for You, [Gb2]Lord

REPEAT CHORUS 1 2x

Bridge 1
[Db]   All the hopeless come to Jesus
[Dbsus]   Let the dead come back to life
[Db]  Can You hear the people singing
[Gb/Db]Hal-[Db]le-[Gb/Db]lu-[Db]jah

COLUMN_BREAK
Bridge 2
[Db]   All the hopeless come to Jesus
[Dbsus]   Let the dead come back to life
[Db]  Can You hear the people singing
[Gb]Hal-[Db/F]le-[Ebm7]lu-[Db]jah

Bridge 3
[Bbm7]   Let Your glory [Ab]fill this city
[Gb2]   Every nation, tribe, and tongue
[Bbm7]   Can You hear the [Ab]people singing
[Gb]Hal-[Db/F]le-[Ebm7]lu-[Db]jah

Bridge 4
[Bbm7]   Let Your glory [Ab]fill this city
[Gb2]   Every nation, tribe, and tongue
[Bbm7]   Can You hear the [Ab]people singing
[Gb]Hal-le-lu-jah   [Gb]

REPEAT CHORUS 1

Chorus 2
[Bbm7]Christ, our [Ab/C]King
Be en[Db]throned, be lifted hi[Gb]gh
[Gb2]Christ, our [Ab]King
Be for[Db/F]ever glorifie[Gb]d

REPEAT CHORUS 1 2X",Db,,,,,,,,,,,,
25021500,W012 - Where The Love Lasts Forever,,"","","October 09, 2025","",Genre: Contemporary,Mood: Declarative,"","",Tempo: Medium,"Themes: God's Love & as Father, Hope, Jesus' Life, Death, & Resurrection",Default Arrangement,74,0,"",D,"Verse 1
[D]Your mercy found me [G]
Upon the broken road [Bm]
And lifted me beyond[A] my failing [D]
Into Your glory [G]
 My sin and shame dissolved [Bm]
And now forever Yours[A] I'll stand

 
Pre-Chorus
In [D/F#]love ne[G]ver to end [A]
To [Bm]call You more than Lord [D/F#]
Gl[G]orious friend [Asus]   [A]
 

Chorus
So I throw[D] my life [G]
Upon all that [Bm]You are 
[A]'Cause I know [D]You gave [G]it all for me [Bm]  [A]
And when [D/F#]all else fades [G]
My soul[A] will dance[Bm] with You [D/F#]
Where the [G]love lasts for[Asus]ever  [A]

COLUMN_BREAK
 
Bridge
And for[Bm]ever I will sing [G]
Lord for[D/F#]ever I will sing [A]
How you gave [Bm]Your life away [G]
Just to s[D/F#]ave me
Lord You saved[A] me


Tag
Wit[Asus4]h You [A]  [D/F#]
Where the l[G]ove lasts for[Asus4]ever [A]
I will be with [D/F#]You
Where the love lasts forever
I will sing to You
Where the love lasts forever
I will dance with You
 
",D,,,,,,,,,,,,
25462711,X015 - We Three Kings (Hymn),,"","","December 24, 2023","","","","","","","",X016 - We Three Kings,145,0,Matthew 2:9-11,"E, G: G","Intro
[| Em / / | Em / / |]

Verse 1
[Em]We three kings of [B]Orient [Em]are
[Em]Bearing gifts, we [B]traverse a[Em]far
[Em]Field and [D]fountain, [G]moor and mountain
[Am7]Following [B]yonder [Em]star

Verse 2
[Em]Born a King on [B]Bethlehem’s [Em]plain
[Em]Gold I bring to [B]crown Him a[Em]gain
[Em]King for[D]ever, [G]ceasing never 
[Am7]Over us [B]all to [Em]reign

Chorus
[D]Oh [G]Star of wonder, [C]star of [G]night 
[G]Star with royal [C]beauty [G]bright 
[Em]Westward [D]leading, [C]still pro[D]ceeding 
[G]Guide us to thy [C]perfect [G]light 
COLUMN_BREAK

Verse 3
[Em]Frankincense to [B]offer have [Em]I
[Em]incense owns a [B]Deity [Em]nigh
[Em]prayer and [D]praising [G]voices raising
[Am7]worshiping [B]God on [Em]high

Verse 4 
[Em]Myrrh is mine its [B]bitter perfume [Em]
[Em]breathes a life of [B]gathering [Em]gloom
[Em]sorrowing, sighing, [D]bleeding, [G]dying
[Am]sealed in the [B]stone-cold [Em]tomb

Verse 5
[Em]Glorious now [B]behold him arise [Em]
[Em]King and God [B]and [Em]sacrifice
[Em]Alleluia [D]Alleluia [G]
[Am]sounds [B]through the earth [Em]and skies",G,,,,,,,,,,,,
25462759,X003 - Go Tell It On The Mountain,,System.String[],"","December 22, 2024","","","","","","","",Worship Together,100,0,Romans 10:14-5; Isaiah 52:7,D: D,"
[E]Go, tell it on the mountain 
[B] Over the hills and [E]everywhere 
[E]Go, tell it on the [E]mountain 
That [A]Jesus [B]Christ is [E]born

Verse 1
While [E]shepherds 
Kept their watching 
O'er [B]silent flocks by [E]night 
Be[C#m]hold throughout the heavens [E]
There [B]shone a holy [B7] light

Verse 2
The shepherds feared and trembled 
When lo! above the earth 
Rang out the angel chorus 
That hailed our Savior's birth

Verse 3
Down in a lowly manger 
Our humble  Christ was born
And brought us all salvation 
that blessed Christmas morn 
",E,,,,,,,,,,,,
25662694,B011 - Bless God,7206380,"Blessing, Offering, Praise, Prayer, Worthiness","","December 04, 2025","","","","","","","",Worship Together,146,0,Matthew 5:3-12; Psalm 34:1-4; Acts 16:25-26; Psalm 35:28,"Bb: Bb, D","Intro
[|Bb / Cm / | Ebmaj7 / / / |]
[|Gm7 / F(add4) / | Eb2 / Bb / |]

Verse 1
[Bb]Blessed are those who run to Him
Who [Cm]place their hope and confidence
In [Eb]Je-[Bb]sus
He won’t for[Gm7]sake [Fsus]them

Verse 2
[Bb]Blessed are those who seek His face
Who [Cm]bend their knee and fix their gaze
On [Eb]Je-[Bb]sus
They won’t be [Gm7]shak-[Fsus]en

Chorus
Come on and [Bb]praise [Cm7]the [Ebmaj7]Lord with me
[Gm7]Sing if you lo[Eb]ve His na[F(add4)]me
Come on and [Bb]lift [Cm7]your [Ebmaj7]voice with me
He’s w[Gm7]orthy of al[F(add4)]l our   pra[Bb]ise


Come on and [Bb]bring [Cm7]your [Ebmaj7]offering
[Gm7]Sing if you’ve kn[Eb]own His gr[F(add4)]ace
Come on and [Bb]lift [Cm7]up your [Ebmaj7]holy hands
He’s w[Gm7]orthy of al[F(add4)]l our praise

Turnaround
[|Bbsus / Bb / | Bbsus / Bb / |]

Verse 3
[Bb]Blessed are those who walk with Him
Whose [Cm7]hearts are set on pilgrimage
With [Eb]Je-[Bb]sus
They’ll see His [Gm7]glo-[F(add4)]ry

Verse 4
[Bb]Blessed are those who die to live
Whose [Eb/C]joy it is to give it all for [Eb]Je-[Bb]sus
And for Him [Gm7]on-[F(add4)]ly, Oh [Eb]Je-[Bb]sus
All for Your [Gm7]glo-[F(add4)]ry

Turnaround
[|Bbsus / Bb /|Bbsus / Bb /|]

Bridge
[Bb/D]   Bless God in the sanctuary
[Cm7]   Bless God in the fields of plenty
[Eb2]   Bless God in the darkest valley
[Gm7]Every chance I ge[F]t, I bless Your name

Bless God when my hands are empty
Bless God with a praise that costs me
Bless God when nobody’s watching
Every chance I get, I bless Your name

Bless God when the weapon’s forming
Bless God when the walls are falling
Bless God ‘cause He goes before me
Every chance I get, I bless Your name

Bless God for He holds the vict’ry
Bless God for He’s always with me
Bless God for He’s always worthy
Every chance I get, I bless Your name

REPEAT BRIDGE

Tag
[|Bb/D / Eb2 / |]
[Gm7]Every chance I ge[F]t, I bless Your name
[|Bb/D / Eb2 / | Gm7 / F / |]

REPEAT CHORUS

Ending
[|Bb/D / Cm7 Bb |]
He’s w[Gm7]orthy of al[F(add4)]l our praise
[|Bb/D / Cm7 Bb |]
He’s w[Gm7]orthy of al[F(add4)]l our praise
[|Eb Bb/D Cm7 / | Bb]",Bb,,,,,,,,,,,,
25920837,P004 - Praise,7213077,"Faithfulness, Praise, Victory, Warfare","","April 05, 2026","","","","","","","",Worship Together,127,0,Psalm 150:6,"A: A, G","
Verse 1
I’ll [A]praise in the valley
[D2]Praise on the [A]mountain
I’ll [E/G#]praise when I’m sure [D2]
Praise when I’m [A]doubting

Verse 2
I’ll [A]praise when outnumbered
Pr[D6]aise when [A]surrounded
Cause [E/G#]praise is the waters[D]
My enemies [A]drown in

Pre-Chorus
As [E]long as I’m breathing
[D]I’ve got a reason to

Chorus 1
[F#m]Pra  -  [D]ise the [A]Lord oh my [E]soul
[F#m]Pra  -  [D]ise the [A]Lord oh my [E]soul

Verse 3
I’ll praise when I feel it
I’ll praise when I don’t
I’ll praise cause I know
You’re still in control

Verse 4
My praise is a weapon
It’s more than a sound
My praise is the shout
That brings Jericho down

COLUMN_BREAK

Chorus 2
[F#m]Pra  -  [D]ise the [A]Lord oh my [E]soul
[F#m]Pra  -  [D]ise the [A]Lord oh my [E]soul

[F#m]I won’t be quiet
My [D]God is alive
[A]How could I keep it i[E]nside
[F#m]Pra  -  [D]ise the [A]Lord oh my [E]soul

Bridge
I’ll [A]praise cause You’re sovereign
[Bm]Praise cause You reign
[C#m]Praise cause You rose
And de[D]feated the grave

I’ll [A]praise cause You’re faithful
[Bm]Praise cause You’re true
[C#m]Praise cause there’s nobody
[D]Greater than You


",A,,,,,,,,,,,,
25931189,N002 - No Body,7213073,"Calvary, Cross, Forgiveness, God's Love, Lamb Of God, Light, Peace, Resurrection","","December 29, 2027","",Genre: Contemporary,Mood: Celebratory,"","",Tempo: Slow,"Themes: Jesus' Life, Death, & Resurrection",Elevation Worship,134,368,"","Bb, C, E, F","Intro
C/E | F / / C/E | F / / G |
| Am / / G/B | C / / C/E | (into intro or v1)


Verse 1
Be[C/E]hold the [F]Lamb
U[C/E]pon the [F]cross
Who [G]takes a[Am]way the [G/B]sins of [C]all
For[C/E]giveness [F]flows
From [C/E]hands and [F]feet
As [G]violenc[Am]e meets the [G/B]Prince of [C]Peace
Behold th[G]e King



Chorus
[F]Light of the [C]world
[Am]Lamb that was [G]slain
[F]Lion who [C]rose
[Am]Mighty to [G]save
The [F]fullness of [C]God
Won't be [Am]kept in a [G]grave
[F]Darkness your hour is [G]ov[C]er

COLUMN_BREAK

Verse 2
Be[C/E]hold the [F]love
His [C/E]dying [F]plea
Be[G]hold the [Am]grace of [G/B]Calva[C]ry
That [C/E]rugged [F]cross
[C/E]Soon to [F]be
The [G]emblem [Am]of a [G/B]risen [C]King
Behold th[G]e King



Instrumental
| F / / G | Am / C / |



Bridge
[F]  No enemy can hold you [G]down
[Am]  Cause there's no [C]body in the grave now
[F]  One head gets to wear that [G]crown
[Am]  Cause there's no [C]body in the grave now",C,,,,,,,,,,,,
26936912,B004 - Beautiful Saviour,4807892,"Redeemer, Beauty, Jesus, Savior","","March 15, 2026","",Genre: Contemporary,Mood: Adoration,"","","Tempo: Medium, Slow","Themes: Jesus' Life, Death, & Resurrection",Default Arrangement,156,0,"",A,"Intro
| A2 / / / F#m / / / | E / / / D / / / |

Verse
[A2]Jesus [(E/G#)]beautiful [F#m7]Savior
[(A/E)]God of all [D]Majesty[(A/C#)] Risen[Bm7] King
Lamb of [A2]God [(E/G#)]Holy and [F#m7]righteous
[(A/E)]Blessed Re[D2]deemer [(A/C#)]Bright morn[Bm7]ing star


Pre-Chorus
All the [C#m]Heavens [F#m]shout Your [D2]praise
All cre[C#m]ation [F#m]bows to [D2]worship [E]You


Chorus
How [A]wonderful, how [F#m7]beautiful
Name above [D2]every name
[A/C#] ex[Bm7]alted [E]high

How [A2]wonderful, how [F#m7]beautiful
Jesus Your [D]name, [A2]
name above [Bm]every [E]name
Je[A2]sus

Interlude (x2)
| A/C# / A/D / | A/E / A/D / |

COLUMN_BREAK
Chorus (alt chords)
How [A2]wonderful,[E/G#] how [F#m7]beautiful
[A/E]Name above [D2]every name
[A/C#] ex[Bm7]alted [E]high

How [A2]wonderful,[E/G#] how [F#m7]beautiful
[A/E]Jesus Your [D]name, [A/C#]
Name above [Bm]every [E]name
Je[A2]sus

Interlude (x2)
| A/C# / A/D / | A/E / A/F#m / |


Bridge (quiet)
[A]I will sing for[F#m7]ever 
Jesus I [A/C#]love You
Jesus I [A/E]love You

Bridge
[A]I will sing [E/G#]for[F#m7]ever 
[A/E]Jesus I [D]love You [A/C#]
Jesus I [Bm7]love [E]You

Interlude (x2)
| D / A/C# / | F#m / E / |",A,,,,,,,,,,,,
26959939,B003 - Beautiful One,,"","","January 31, 2025","",Genre: Contemporary,Mood: Adoration,"","",Tempo: Fast,"Themes: God's Greatness, Power, Glory",Sanctified Vessels,129,0,"","A, E","Intro
Fm Eb Ab/C Db

Verse 1
[Db]Wonderful, so [Eb]wonderful
Is [Ab/C]Your unfailing [Fm]love
Your [Db]cross has spoken [Eb]mercy over [Fm]me   [Ab/C]
No [Db]eye has seen, no [Eb]ear has heard
No [Ab/C]heart can fully [Fm]know
How [Db]glorious, how [Eb]beautiful You [Fm]are  [Ab/C]

Chorus
Oh Beautiful [Db]One I [Eb]love
Beautiful [Fm]One I a[Ab/C]dore
Beautiful [Db]One my [Eb]soul must [Fm]sing    [Ab/C]

Interlude (before Verse)
Db Eb Ab/C Fm
Db Eb Fm Ab/C

Verse 2
[Db]Powerful, so [Eb]powerful
Your [Ab/C]glory fills the [Fm]skies
Your [Db]mighty works dis[Eb]played for all to [Fm]see  [Ab/C]
The [Db]beauty of Your [Eb]majesty
[Ab/C]Awakes my heart to [Fm]sing
How [Db]marvelous, how [Eb]wonderful You [Fm]are  [Ab/C]

COLUMN_BREAK

Bridge 1
You've [Db]opened my eyes to Your [Eb]wonders anew
You've [Fm]captured my heart with t[Eb/G]his love
'Cause [Db]nothing on earth is as 
Bea[Eb]utiful as[Fm] You   [Cm]

Instrumental
Bbm Ab/C Db Eb 

Tag
[Bbm]  Oh Beautiful [Ab/C]One     [Db]
Oh Beautiful [Eb]One I love
[Bbm]  Oh Beautiful [Ab/C]One     [Db]
I lov[Eb]e

Bridge 2
My [Fm]soul, my soul must [Ab/C]sing
My [Db]soul, my soul must [Eb]sing
My [Bbm]soul, my soul must [Ab/C]sing
Oh Beautiful [Db]One    [Eb]",Ab,Tim Hughes,119,0,"",D,"Verse 1
[G]Wonderful, so[A] wonderful [D/F#]is Your unfailing love
Your [G]cross has spoken [A]mercy over [Bm7]me 
No [G]eye has seen, no [A]ear has heard
no [D/F#]heart could fully know
how [G]glorious, how [A]beautiful You [D]are

Chorus
Beautiful [G]One I [A]love, beautiful [G]One I [A]adore
beautiful [G]One my [A]soul must [D]sing

Verse 2
[G]Powerful, so [A]powerful, Your [D/F#]glory fills the skies
Your [G]mighty works [A]displayed for all to [Bm7]see
The [G]beauty of Your [A]majesty
[D/F#]awakes my heart to sing
How [G]marvelous, how [A]wonderful [D]You are

(Repeat Chorus)

Bridge
You [G]opened my eyes to Your [A]wonders anew 
You [G]captured my heart with this [A]love 
’cause [G]nothing on earth is as [A]beautiful as [D]You

Ending
My [D]soul, my soul must[A] sing
My [Bm]soul, my soul must[A] sing
My [G]soul, my soul must[A] sing
Beautiful[D] One",D,,,,,,,,
26986023,L002 - Lead Me To The Cross,4785828,"","","December 29, 2027","","","","","","","",Default Arrangement,70,0,1 Peter 2:24,"A: A, D","Intro
[|Bm / / / | Dmaj7/A / / / | Gmaj7 / / / | Gmaj7 / A / |]

Verse 1
[Bm]   Savior I c[Dmaj7/A]ome 
Quiet my s[G]oul
Re[D]mem[A]ber 
[Bm]   Redemption's h[Dmaj7/A]ill
Where Your blood was sp[G]illed
For my r[D]an-s[A]om


Pre-Chorus
[Em7]   Everything I [A]once held dear
I c[Bm]ount it a[A]ll as l[G]oss


Chorus
Lead me to the [Gmaj7]cross 
Where Your [D]love poured o[A]ut
Bring me to my [Gmaj7]knees
Lord I [D]lay me d[A]own
[Bm]Rid me of my[Gmaj7]self
I bel[D]ong to Y[A]ou
Oh lead me   [Em7]
[G]Lead me [A]to the cross 

Turnaround
[|Bm / / / | Dmaj7/A / / / | Gmaj7 / / / | Gmaj7 / A / |]

Verse 2
[Bm]   You were as [Dmaj7/A]I 
Tempted and t[G]ried
[D]Hu-m[A]an
[Bm]   The word became fl[Dmaj7/A]esh
Bore my sin in d[G]eath
Now You're [D]ris-[A]en




Build
[|Bm / / / | Bm / A / |]

Bridge
To Your [D]heart   [Gmaj7]   [A]
To Your [D]heart   [Gmaj7]   [A]
Lead me to Your [D]heart   [Gmaj7]   [A]
Lead me to Your [D]heart   [Gmaj7]   [A]",D,,,,,,,,,,,,
27208613,F009 - Follow,7227472,"Christian Life, Discipleship, Joy, Surrender","","March 29, 2026","",Genre: Contemporary,Mood: Reflection & Prayer,"","",Tempo: Slow,"Themes: Commitment & Dedication, Missions, Evangelism, The Nations, Surrender",Default Arrangement,76,0,"","B, E","INTRO
B5 E2 B5 E2

VERSE 1
[B5]   I give my life to follow [E2]Jesus
[B5]   Captive to Christ, I know true [E2]freedom
I count it all joy [F#sus] to take up my cross [E2]
I'll follow [B5] [E2add6]

VERSE 2
[B5]   These earthly wells have left me [E2]thirsty
[B5]   All worldly wisdom comes up [E2]empty
Only Your word [F#sus] and only Your ways [E2]
I'll follow [B5]

CHORUS
What a joy[E] it is to follow J[B]esus
What a gift[G#m] it is to bear His Name[F#sus]  [F#]
What an h[E]onor to choose surre[B/D#]nder
And make Hi[G#m]m my e[F#sus]verything[B5]
[(repeat last line: B/D#  E]

Verse 3
When the darkness brings its questions
When trusting You becomes a wrestle
I have resolved no matter the cost
I'll follow

COLUMN_BREAK
BRIDGE 1
[E2]Yes to surrender
[F#(4)]Yes to the altar
[B/D#]Yes to Your plans for [G#m]me
[E2]Yes to correction
[F#(4)]Yes to confession
[B/D#]Yes to refining [G#m]me

BRIDGE 2
[E2]Yes to Your blessing
[F#(4)]Yes to anointing
[B/D#]Your Spirit alive in [G#m]me
[E2]Yes to salvation
[F#(4)]And resurrection
[B/D#]Yes to eternity[G#m][F#sus]
",B,,,,,,,,,,,,
27365354,X013 - Peace Has Come,7030036,Christmas,"","December 14, 2025","",Genre: Contemporary,Mood: Adoration,"","",Tempo: Medium,Themes: Christmas,Hillsong Worship,160,225,"",G,"Intro
G Am G/B C
D D C/E C

Verse 1
Behold the[G] star of [C]Bethle[G]hem
The [D/F#]word of [Em]God has [D]become[C] flesh
Unto [G]us a [C]child is [G]born
The [D/F#]Savior[Em] of this [D]broken [C]world

Chorus 1
Oh[G/B] hear the [C]angel [Dsus]voi[D]ces
Sing [G/B]come let [C]us a[Dsus]dore [D]him
[Em]Peace has [G/B]come
For our [C]king is [D]with [G]us

Verse 2
Fully [G]God and [C]fully [G]man
He [D/F#]comes for [Em]all with  [D]open [C]hands
He rules with [G]love on [C]David's [G]throne
All [D/F#]praise be[Em]longs to  [D]Christ [C]alone
COLUMN_BREAK
Chorus 2
Oh[G/B] hear the [C]angel [Dsus]voi[D]ces
Sing [G/B]come let [C]us a[Dsus]dore [D]him
[Em]Peace has [G/B]come
For our [C]king is [D]with [G]us

[G/B]Holy [C]holy  [Dsus]ho[D]ly
[G/B]Jesus [C]we a[Dsus]dore [D]thee
[Em]Peace has [G/B]come
For our[C] king is [D]with [G]us

Bridge
Oh [G]come let us adore him
Oh [G]come let us adore [D]him
Oh [C]come let us a[D]dore [Em]him
[G/D]Christ[D] the [G]Lord",G,,,,,,,,,,,,
27535985,T005 - Take You At Your Word,7206632,"Faith, Faithfulness, God's Love, Promise, Trust","","February 02, 2025","",Genre: Contemporary,"Mood: Celebratory, Declarative","","",Tempo: Fast,"Themes: Commitment & Dedication, God's Faithfulness",Cody Carnes,115,311,"","C, D","Intro
| D / / / | D/C# / / / | G / / / | / / / / |

Verse 1
Your[D] word is a [D/C#]lamp unto m[G]y feet
Your[D] way is the [D/C#]only way fo[G]r me
It's a narrow roa[Bm]d that leads to life [A]
But I wanna be on it [G]
It's a narrow roa[Bm]d but Your mercy's wide [A]
'Cause You're good on Your promise [G]

Chorus
I'll take You at Your [D]word
If You said it, I'll be[G]lieve it
I've seen how good it [D]works
If You [D/C#]start it, You'll com[G]plete it
I'll take You at Your [D (straight to interlude)]word

Interlude
| D / / / | D/C# / / / | G / / / | / / / / |

Verse 2
You[D] spoke, and the chaos fell i[G]n line
Oh, I [D]know 'cause I've [D/C#]seen it in m[G]y life
It's a narrow roa[Bm]d that leads to life [A]
But I wanna be on it [G]
It's a narrow roa[Bm]d and the tide is high [A]
But You parted the water [G]

COLUMN_BREAK

Tag
[l Bm / / / | A / / / D/F# | G / / / | / / / / |]
           You’re good on Your promise

Bridge
[G]You said Your love would never give [Bm]up
[A]You said Your grace is always en[D/F#]ough
[G]You said Your heart would never for[Bm]get
or for[A]sake me   [D/F#]
[G]You said I'm saved, You call me [Bm]Yours
[A]You said my future's full of Your [D/F#]hope
[G]You've never failed, so I know that [Bm]You'll
never[A] fail me

Bridge (last time)
[G]You said Your love would never give [Bm]up
[A]You said Your grace is always en[D/F#]ough
[G]You said Your heart would never for[Bm]get 
or for[A]sake me   [D/F#]
[G]You said I'm [G/F#]saved, [G/Em]You call me Yours
[A]You said my [A/G]future's [A/F#]full of Your [A/Em]hope
[G]You've never failed, so I know that [Bm]You'll 
never[A] fail me",D,,,,,,,,,,,,
27537288,T014 - This Is Our God (Hillsong),5060834,", Adoration, Declaration","",,"",Genre: Contemporary,Mood: Reflection & Prayer,"","",Tempo: Slow,Themes: Thankfulness & Adoration,Hillsong Worship,80,374,"",E,"Intro
E G#m C#m A 

Verse 1                       
[E]   Your grace is enough 
[G#m]   More than I [C#m]need
 At Your [A]word I will bel[E]ieve 
 
I wait for [G#m]You 
Draw near a[C#m]gain
Let Your [A]Spirit make me [B]new
 
Chorus
[(B) (after bridge)] And I will [E/G#]fall at Your [A]feet
I will [F#m]fall at Your [B/D#]feet
And I will [E/G#]worship You [A]here

Verse 2
[E]   Your presence in me 
[G#m]   Jesus light the[C#m] way
By the [A]power of Your [E]word
 
I am res[G#m]tored
I am re[C#m]deemed
By Your [A]Spirit I am [B]free
 COLUMN_BREAK
Bridge
Freely You [E]gave it all for us
Surrendered Your [B]life upon that cross
Great is the [F#m]love poured out for [C#m]all
This [A]is our [E]God
 
Lifted on [E]high from death to life
Forever our [B]God is glorified
Servant and [F#m]King rescued the [C#m]world
This [A]is our [E]God",E,,,,,,,,,,,,
27538266,C003 - Center,,"","","December 31, 2027","",Genre: Contemporary,Mood: Desperation & Dependence,"","",Tempo: Slow,"Themes: Commitment & Dedication, God's Presence & Intimacy, Surrender, Trust",Bethel Music,132,469,"","A, E, G","Intro
| A5 | A57 | D9 | D9add7 | F#m | F#m2 | D9 | D9add7 |

Verse 1
[A]   Maybe we’ve made this complicated
[D]More than it was ever meant to be 
[F#m]   Hasn’t it always been about the same thing 
[D]Lord bring us back to simple things 

Chorus 1
[D]You, be the [F#m]center [A]of it [E]all
My heart belongs to [D]You
My [F#m]Savior [A]all in [E]all
You’re the One I hold on [C#m]to
For the beauty of Your [F#m]Name
My soul will live to [D]say
Jesus I lo[E]ve You

Verse 2
[A]   Teach us to discern the moment              
When to ser[D]ve and when to sit here at Your feet 
[F#m]   Keep us awake to what’s important
Just like Ma[D]ry chose the better thing

Chorus 2
For [D]You are the [F#m]center [A]of it [E]all
My heart belongs to [D]You
My [F#m]Savior [A]all in [E]all
You’re the One I hold on [C#m]to
For the beauty of Your [F#m]Name
My soul will live to [D]say
Jesus I lo[E]ve You

Tag 1
Oh how I lo[F#m]ve You     [C#m]
Oh how I lo[D]ve You, Jesus I lo[E]ve You
COLUMN_BREAK
Bridge
My whole [D]life for Your glory
My whole [E]world for You only
Every[F#m]thing for the honor of Yo[C#m]ur Name
If my [D]days tell a story
Let it [E]be of You only
Every[F#m]thing for the honor of Yo[C#m]ur Name

Tag 2 
Oh how I lo[D]ve You     [E]
Oh how I lo[F#m]ve You, Jesus I lo[C#m]ve You

Bridge (alt)
My whole [D]life for Your glory
My whole [E]world for You only
Every[F#m]thing for the honor of Yo[E/G#]ur Name
If my [D]days tell a story
Let it [E]be of You only
Every[F#m]thing for the honor of Yo[E/G#]ur Name

Bridge (last)
My whole [D]life for Your glory
My whole [E]world for You only
Every[F#m]thing for the honor of Yo[A]ur Name
If my [D]days tell a story
Let it [E]be of You only
Every[F#m]thing for the honor of Yo[A]ur Name


Tag 2 (x2)
Chorus (x2)

Tag 3
My soul will [A/C#]live to [D]say Jesus, I lo[E]ve You",A,,,,,,,,,,,,
28009129,W019 - The Wonderful Blood,7242885,"","","April 05, 2026","",Genre: Contemporary,"Mood: Celebratory, Declarative","","",Tempo: Medium,"Themes: Jesus' Life, Death, & Resurrection",Tiffany Hudson,68,531,"",Gb,"Intro
|Abm / / / |Gb / / / |Ebm / Db / |Cb / / /|

Verse 1
The precious [Abm]fountain
From Calvary's [Gb]mountain
Flowing [Ebm]down to [Db]you and [Cb]I
It washes [Abm]us clean
Oh what a [Gb]mystery
That [Ebm]red blood [Db]makes me [Cb]white

Prechorus
Isn’t it wil[Abm]d
Doesn’t it make you [Cb]wonder
How something so profoun[Abm]d
Could be so si[Cb]mple  [Db]

Chorus
[Cb/Eb]   The blood, the blo[Db/F]od, the blood
[Gb]Oh the wonderful blo[Cb]od
[Cb/Eb]   Your love, Your lo[Db/F]ve, Your love
[Gb]Oh the marvelous lo[Cb]ve

Let the red[Ebm]eemed sing a so[Db]ng
Praises be[Gb/Bb]long to the Son [Cb]
[Cb/Eb]   The blood, the blo[Db/F]od, the blood
[Gb]Oh the wonderful blo[Cb]od

Verse 2
My precious Jesus
Oh I’m so thankful
For the day You saved my lifе
As I remember
My hеart grows tender
Tears begin to fill my eyes (to PC 1)

Instrumental 
| Cb / / / | Gb/Bb / / / | Gb / / / | Abm / / / | 

Prechorus 2
And isn’t it wild
And doesn’t it make you wonder
How something so divine
Could be so simple 

Bridge
[Cb]   The work You did is finished
[Gb/Bb]   All of our sins forgiven
[Gb]   And now we get to live in
[Abm]   The wonder of the working blood

   The cross was Your decision
   But death was not the ending
   You rose and now we’re risen
   Oh, the wonder of the working blood

Tag 1
[Cb]Oh, the wonder of the working blood
[Gb/Bb]Oh, the wonder of the working blood
[Gb]Oh, the wonder of the working blood   [Abm]

Tag 2 
[Gb]Oh, the wonder of the working blood
[Abm]Oh, the wonder of the working blood
[Gb/Bb]Oh, the wonder of the working blood
[Cb]Oh, the wonder of the working blood

Vamp
[Gb]Oh, precious [Abm]is the flow
[Gb/Bb]That makes me [Cb]white as snow
[Gb/Db]No other [Abm]fount I know
[Gb/Bb]Nothing but the [Cb]blood of [Db]Je[Gb]sus

[Gb]Oh, precious is the flow
[Db]That makes me white as s[Gb]now  [Db/F]
[Ebm]No other [Cb]fount I know
[Gb/Bb]Nothing but the [Cb]blood of [Db]Je[Gb]sus  [(Cb)]",Gb,,,,,,,,,,,,
28017324,T007 - Thank You Jesus For The Blood,7172456,"Blood, Jesus, Praise, Salvation, Thankfulness","","December 28, 2027","",Genre: Contemporary,Mood: Adoration,"","",Tempo: Slow,"Themes: God's Greatness, Power, Glory, Jesus' Life, Death, & Resurrection, Our Testimony & Redemption, Thankfulness & Adoration",Charity Gayle,61,336,"",Bb,"Intro
|Bb / / F/A | Gm7 / / / | Eb / Bb/D / | Fsus / F / l 

Verse 1
 
[Bb] I was a wretch  [F/A]
I [Gm7]remember who I was
I was [Eb]lost, I was [Bb/D]blind
I was [Fsus]running out of [F]time
  
[Bb]Sin separated  [F/A] 
The [Gm7]breach was far too wide 
But from the [Eb]far side of the [Bb/D]chasm
You [Fsus]held me in your [F]sight
  
Verse 2
  
So You made a way  
Across the great divide
Left behind Heaven's throne
To build it here inside
  
And there at the cross
You paid the debt I owed
Broke my chains, freed my soul
For the first time I had hope

Chorus
[Bb]Thank [F/A]You, [Bb]Jesus
[Bb/D]For the [Eb]blood ap[Bb]plied
[Gm]Thank [F/A]You, [Bb]Jesus 
It has [Gm7]washed me [Fsus]white   [F] 
[Gm]Thank [F]You, [Eb]Jesus 
[Bb/D]You have [Eb]saved [F]my [Gm]life
[Eb]Brought me from the [Bb]darkness 
Into [Fsus]glori[F]ous [Bb]light   
  



Turnaround
[Eb/Bb] [Bb]
   
Verse 3
You took my place  
Laid inside my tomb of sin
You were buried for three days
But then You walked right out again
  
And now death has no sting 
And life has no end
For I have been transformed 
By the blood of the Lamb

Bridge
[Eb]There is nothing stronger
Than the [F]wonder-working power
Of the [Gm]blood, the [Dm7]blood
  
That [Eb]calls us sons and daughters
We are [F]ransomed by our Father
Through the [Gm]blood, the [Dm7 (F)]blood 

Outro
[Bb]Glory [Eb/G]to His [Bb/F]name
[Bb/F]Glory [Gm7]to [Gm/E]His [F]name
[Bb]There to my [Bb/D]heart
Was the [Eb]blood ap[Bb/F]plied
[Bb/F]Glory [Fsus]to [F]His [Bb]name",Bb,,,,,,,,,,,,
28189446,C007 - Christ Our Hope In Life And Death,7147502,"","","March 22, 2026","","","","","","","",Worship Together,76,0,1 Cor 15:20; Matthew 28:5-6,"C: C, G","Intro
[|C / Dm/C | C / Dm/C | C / Dm/C | C / / |]
[|Am / Asus/B / | Fmaj7 / Dm7 / | Am / / / |]

Verse 1
What is our [C]hope in [F]life and [C]death?
[Csus]Christ a[C]lone, [C]Christ a[G]lone
What is our [C]only [G/B]confi[Am7]dence?
[F]That our [C]souls to [G]Him be[C]long
Who holds our [Em7]days within His [Am7]hand?
What comes a[Dm7]part from [C/E]His com[F]mand?
And what will [C/G]keep us [G]to the [Am7]end?
The [F]love of [C]Christ in [G]which we [C]stand

Chorus
O [Am7]sing [F]halle[C]lujah!
Our [G/B]hope springs e[Am7]ternal
[C/G]O [F]sing halle[C/E]lujah!
[F]Now and [C/E]ever [G]we con[F]fess
Christ our [Am7]hope in [G]life and de[C]ath

Turnaround
[|C / Dm/C |C / / |]

Verse 2
What truth can [C]calm the [F]troubled [C]soul?
[F/C]God is [C]good, [C/E]God is [G]good
Where is His [C]grace and [G/B]goodness [Am7]known?
[F]In our [C]great Re[G]deemer's [C]blood
Who holds our [Em7]faith when fears a[Am7]rise?
Who stands a[Dm7]bove the [C/E]stormy [F]trial?
Who sends the [C/G]waves that [G]bring us [Am7]nigh?
Un[F]to the [C]shore, the [G]rock of [C]Christ



Verse 3
Unto the [C]grave, what [F/C]shall we [C]sing?
[F/C]Christ, He [C]lives! [C]Christ, He [G/C]lives!
And what re[C]ward will [G/B]heaven [Am7]bring?
[F]Ever[C]lasting [G/C]life with [C]Him
There we will [Em7]rise to meet the [Am7]Lord
Then sin and [Dm7]death will [C/E]be de[F]stroyed
And we will [C/G]feast in [E/G#]endless [Am7]joy
When [F]Christ is [C]ours for[G]ever[C]more   

Chorus
O [Am7]sing [F]halle[C]lujah!
Our [G/B]hope springs e[Am7]ternal
[C/G]O [F]sing halle[C/E]lujah!
[F]Now and [C/E]ever [G]we con[F]fess
Christ our [Am7]hope in [G]life and [F]death

Tag
Now and [C/E]ever [G]we con[F]fess
Christ our [C/G]hope in [Gsus]life and [C]death",C,,,,,,,,,,,,
28675001,W011 - What A Miracle,7233669,"","","November 16, 2025","","","","","","","",Default Arrangement,,0,"","","",,Elevation Worship,,0,"",D: Default Key,"INTRO
| D / / / / / G / /  | D / / / / / / / / |
| Bm / / / / / G / / | A / / / / / / / / |

VERSE 1
D	                   G	       D
Why are You so good to me
Bm	                 G	        A
Why are You so good to me
Bm	                  A		 G		Em 
You must see a treasure hidden underneath 
D/A		           A	       D	Dsus
Why are You so good to me
D	                    G/D D
This is more than I deserve
Bm	                 G	A
This is more than I deserve
Bm	               A  G	               Em 
Overwhelming grace I could never earn 
D/A		            A      D
This is more than I deserve

CHORUS
G	                 A
In the morning
                    D	  A/C# Bm D/F#
I will sing of how You love me
G	                A
In the evening
                          Bm	 F#m
I will bless Your name
G	             A
It’s amazing
                               D	A/C# Bm	D/F#
When I think of the way You saved me
G	                A
Every breath I breathe is for Your
Dsus / / / / / | D / / / / / | Dsus / / / / / | D / / / / / |
Praise

VERSE 2
D	                G/D	         D
I love how You loved me first
Bm	                 G	        A
I love how You loved me first
Bm	                               A
You called me from the grave
G	                              Em
And pulled me from the dirt 
D/A	                 A	        Dsus 
I love how You loved me first

TAG
Bm	                               A
You called me from the grave
       G	                      Em
And pulled me from the dirt
D/A	                 A	        D
I love how You loved me first

CHORUS INSTRUMENTAL
| Dsus / / / / / | D / / / / / |
| Bm / / A / / | G / / Em / / |

BRIDGE 1 (3x)
Dsus	             D
Oh how great the love of the Father
Dsus	             D
Oh how great the gift of the Son
Dsus	             D
Oh how great the power of Jesus
Bm	       A	G	     Em
What a Savior, What a Savior

BRIDGE 2
Dsus	     D
I was lost in sin and You found me
G/B.          	D/A
Hallelujah You saved my soul
Dsus	          D
I was dead and gone and You raised me
Bm	      A	  G	       Em	| Bm / / A / / | G / / Em / / |
What a miracle, What a miracle

CHORUS INSTRUMENTAL BRIDGE 1
BRIDGE 2

TAG
Bm	      A	   G	       Em
What a miracle, What a miracle
Bm	     A/C#	  G	       Em
What a miracle, What a miracle

INSTRUMENTAL 2 (2x)
| Dsus / D / Dsus / D / |

VERSE 2",D,,,,,,,,
28931003,P001 - The Perfect Love of Jesus,,"","","February 13, 2026","",Genre: Contemporary,"Mood: Declarative, Reflection & Prayer","","",Tempo: Medium,Themes: God's Love & as Father,LO Worship,70.5,482,"",E,"Intro
E   B/D#   A/C#    E/B
A   E/G#   Asus2   Bsus7

Verse 1
[E]   Better than I[B/D#] ever consi[A/C#]dered
[E/B]    Your for[A]giveness
[E/G#]   Heals the dep[A]ths of my [B]being
[E]   This is where I[B/D#] find accep[A/C#]tance
[E/B]   No excep[A]tions,  [E/G#] unden[A]iably [Bsus4]free

Chorus
After [E]all I’ve [B/D#]seen it’s so [A/C#]clear to me [E/B]
Wit[A]hout the love of [E/G#]Jesus
I don’t [A]know where I would[Bsus4] be
Over[E]whelming [B/D#]grace covers [A/C#]all my days [E/B]
Oh, the [A]perfect love of [E/G#]Jesus
Is [A]everything[Bsus4] to me

Interlude
E   B/D#   A/C#    E/B
A   E/G#   Asus2   Bsus7

Verse 2
[E]   I don’t have to [B/D#]strive for perfec[A/C#]tion
[E/B]   In Your [A]presence
[E/G#]   I have [A]all that I [B]need
[E]   You sit with me in [B/D#]all of my quest[A/C#]ions
[E/B]   And You lis[A]ten
[E/G#]   Oh, You’re [A]patient with [Bsus4]me

COLUMN_BREAK

Interlude
E   B/D#   A/C#    E/B
A   E/G#   Asus2   Bsus7

Bridge 1
[E]   I’m loved,[B/D#] I’m chosen
[A/C#]   Your arms,[E/B] wide open
[A]   I could never [E/G#]mess it up
[A]   I could never [B]mess it up

Chorus

Bridge 1

Interlude
F#m7   E/G#   A   Bsus4 

Bridge 2
[F#m7]   I’m loved,[E/G#] I’m chosen
[A]   Your arms,[Bsus4] wide open
[F#m7]   I could never [E/G#]mess it up
[A]   I could never [Bsus4]mess it up",E,,,,,,,,,,,,
29534315,O014 - Open,7204901,"Offering, Surrender","","March 22, 2026","",Genre: Contemporary,Mood: Declarative,"","",Tempo: Medium,Themes: Commitment & Dedication,LO Worship,78,286,"",G,"Verse 1
[G]  I lay my life down on Your altar   [D/F#]
[Em]  I want Your [C]will and nothing [Dsus]less
[Em]  This is the [C]death of my am[D]bitions   [Em]
[G/B]  I know Your [C]ways are always [Dsus]best 

Chorus 
I leave my heart [C]open 
[Em]Open to [D]You
I'm holding back [C]nothing 
[Em]Nothing from [D]You

COLUMN_BREAK

Verse 2
[G]  This is the start of resur[C/G]rec[G]tion
[Em]  Where new be[C]ginnings come from [D] death
[Em]  I'm gonna [C]trust You with my fu[D]ture  [Em]
[G/B]  Lord I su[C]rrender to Your [D] plans

Bridge 
[G]Take my life and [Am]let it [Em]be 
A [C]holy [Em]offer[Dsus]ing
[G]Here I am Lord [Am]all of [Em]me 
I su[C]rrender [D]ev'ry[G]thing
",G,,,,,,,,,,,,
29544224,H030 - How Good It Is,7238417,"Creation, Goodness, Greatness, Praise, Worship","","March 29, 2026","",Genre: Contemporary,Mood: Celebratory,"","",Tempo: Medium,Themes: Thankfulness & Adoration,Chris Tomlin,132,236,"",A,"Intro 1
| F#m / / / | D / / / | A / / / | E / / / |
| F#m / / / | D / / / | A / / / | A / / / |

Verse 1
[E]Enter His [F#m]gates with th[D]anks
Enter His [A]courts with p[E]raise
Bring Him a [F#m]shout of joy[D]
Sing of His [A]endless [A]fame

[E/G#]  For the [F#m]Lord is good
And His [D]love endures
His [A]love endures for[E]ever
We re[F#m]member this[D]
We re[A]member this


Chorus 1
[A]Oh [E/G#]how [F#m]good that it [D]is to sing [A]praise to the [E]Lord
Oh how [F#m]great is the [D]Name above all [A]Names
[E/G#]From the [F#m]rising of the [D]morning sun
To the [A]setting of the [E]same
Oh how [F#m]good that it [D]is to sing [A]praise
How [cut]good it is

COLUMN_BREAK
Verse 2
Rivers will [F#m]clap their ha[D]nds
Mountains will [A]lift their so[E]ng
Even the [F#m]rocks cry o[D]ut
Creation [A]stands in awe

[E/G#]  Of the [F#m]One who was
And the [D]One who is
And the [A]One who reigns fore[E]ver
We re[F#m]member this[D]
We re[A]member th[A]is


Chorus 2
[A]Oh [E/G#]how [F#m]good that it [D]is to sing [A]praise to the [E]Lord
Oh how [F#m]great is the [D]Name above all [A]Names
[E/G#]From the [F#m]rising of the [D]morning sun
To the [A]setting of the [E]same
And with [F#m]every breath in[D]side our lungs
For[A]ever we will [E]sing
Oh how [F#m]good that it [D]is to sing [A]praise  [E]
Oh how [F#m]good that it [D]is to sing [A]praise  [A]
How [A]good it is",A,,,,,,,,,,,,
29918466,G017 - Goodbye Yesterday,7231931,"","","April 05, 2026","",Genre: Contemporary,Mood: Celebratory,"","",Tempo: Fast,Themes: Our Testimony & Redemption,ELEVATION RHYTHM,150,297,"",G,"Intro
| G {{1&3}} / / / | G {{1&5}} / / / | x3
| G {{1&4}} / / / | G {{1&5}} / / / |

Verse 1     {{<b>Same chords as intro</b>}}
Goodbye yesterday
I’m living in the light of a new day
I won’t waste another minute in my old ways
Praise the Lord I’ve been born again

Chorus 1
Ag[G]ain and again and again and again
You res[C]cued me out of the mess I was in
You [G/B]traded my sorrow for something to sing
Now I’m d[C]ancing on the grave that I once lived in

Verse 2  
[G]     Goodbye yesterday
I’m [C]living in the light of a new day
I won’t wa[G/B]ste another minute in my old ways
     [C]Praise the Lord I’ve been born ag[G]ain

Verse 3    {{<b>Same chords as V2</b>}}
Goodbye yesterday
The Spirit of the Lord is upon me
I've got resurrection in my veins
Praise the Lord I've been born

Chorus 2
Ag[C]ain and a[D]gain and a[Em]gain and again
You res[C]cued me [D]out of the [Em]mess I was in
You [C]traded my[D] sorrow for s[Em]omething to sing
Now I’m d[Am]ancing on the grave that I [D]once lived in

<b>Turn</b>
| G / / / | G / / / |
                            To Bridge 1

---------------------------------------------------------------------------
Vamp      {{<b>Intro Chords</b>}}
Now I’m dancing on the grave that I once lived in
Now I’m dancing on the grave that I once lived in
                                                      To Ending
COLUMN_BREAK
Bridge 1
[G][Am]           I have decided
[G][Am]           To follow Jesus
[G][Am]           The world behind
The [Em]cross be[D]fore and[C] I won’t turn back

Bridge 2
[G](I won't turn back)    I won’t turn back
[Gsus](And I won't turn back)    I won’t turn back
[G]              The world behind
The [Em]cross be[D]fore and[C] I won’t turn [{{if repeat}}](back) 

Chorus 3    
Ag[C]ain and a[D]gain and a[Em]gain and a[D/F#] [G]gain
You res[C]cued me [D]out of the [Em]mess I was [Am][G]in
You [C]traded my[D] sorrow for s[Em]omething to [D/F#][G]sing
Now I’m d[Am]ancing on the grave that I [D]once lived in

Tag
[C   ][D   ][Em   ][D/F#   ][G]
[C]Praise the [D]Lord [Em]I’ve been born [Am]a - [G]gain
[C    ][D    ][Em     ][D/F# G]
[C]Praise the Lord [D]I’ve been born a[G]gain [To Intro, Vamp]
---------------------------------------------------------------------------
Ending
[G]Dancing on the grave that I once lived in
[Am]Dancing on the grave that I once lived in
[G/B]Dancing on the grave that I once lived in
[C]Dancing on the grave

[G/D]Dancing on the grave that I once lived in
[Am]Dancing on the grave that I once lived in
[G/B]Dancing on the grave that I once lived in
[Em]Praise the [D]Lord [C]I’ve been born a[C]gain",G,Hope City Worship,,0,"",Ab,"Intro
| G / / / | / / / / | Am / / / | / / / / | 
| G/B / / / | / / / / | Em  /  D/F#  /  | C / / / |

Verse 1   
[G] Goodbye yesterday
I’m[Am] living in the light of a new day
I won’t [G/B]waste another minute in my old ways
   Pr[C]aise the [G/B]Lord [Am]I’ve been born a[G]gain

[G] Goodbye yesterday
I’m[Am] living in the light of a new day
I won’t [G/B]waste another minute in my old ways
   Pr[C]aise the Lord I’ve been born again

Chorus 1
Ag[G]ain and again and again and again
You res[C]cued me out of the mess I was in
You [G/B]traded my sorrow for something to sing
Now I’m d[C]ancing on the grave that I once lived in

Verse 2  
     [Em]Good[D]bye [Am]yes[G]terday
I’m [Am]living in the light of a new day
I won’t wa[G/B]ste another minute in my old ways
    Pr[C]aise the [G/B]Lord [Am]I’ve been born a[G]gain

Verse 3    {{<b>Same chords as V1 2nd half</b>}}
Goodbye yesterday
The Spirit of the Lord is upon me
I've got resurrection in my veins
Praise the Lord I've been born
COLUMN_BREAK
Chorus 2
Ag[C]ain and a[D]gain and a[Em]gain and again
You res[Am]cued me out of the [Em]mess I was[D] in
You [C]traded my[D] sorrow for s[Em]omething to sing
Now I’m d[Am]ancing on the grave that I [D]once lived in

<b>Turn</b>
| G / / / | G / / / |
                           
Bridge 1
[G][Am]           I have decided
[D][Em]           To follow Jesus
[G][Am]           The world behind
The [Em]cross be[D]fore and[C] I won’t turn back

Bridge 2
[G][Am]           I [F#°]have [G]de[G/D]ci[Bm]ded
[D][Em]           To follow Jesus
[G][Am]           The world behind
The [Em]cross be[D]fore and[C] I won’t turn back

Bridge 3
[G](I won't turn back)    I won’t turn back
[Gsus](And I won't turn back)    I won’t turn back
[G]              The world behind
The [Em]cross be[D]fore and[C] I won’t turn back 

Bridge 4
[G](I won't t[Am]urn back)  [C]  I won’t [G/B]turn back
[G](I won't t[Am]urn back)  [C]  I won’t [G/B]turn back
[G]        [Am]     [C] The world be[G/B]hind
The [Em]cross be[D]fore and[C] I won’t turn  
COLUMN_BREAK
Chorus 3    
Ag[G/B][C]ain and again and ag[D/F#][G]ain and again
You res[G/B][C]]cued me out of the [D/F#][G]mess I was [Am][G/B]in
You [G/B]tra[C]ded my sorrow for s [D/F#][G]omething to sing
Now I’m d[Am]ancing on the grave that I [D]once lived in

<b>Turn</b>  
| G / / / | / / / / | Gsus / / / | / / / / |

Tag 1
[G]Dancing on the grave that I once lived in
[Am]Dancing on the grave that I once lived in
[G/B]Dancing on the grave that I once lived in
[C]Dancing on the grave

[D ]Dancing on the grave that I once lived in
[F°]Dancing on the grave that I once lived in
[Em]Dancing on the grave that I once lived in
[Em]Praise the [D]Lord [C]I’ve been born again

Tag 2
[G/B][C]Dancing on the grave that I [D/F#][G]once lived in
[G/B][C]Dancing on the grave that I [D/F#][G]once lived i[Am][G/B]n
[G/B][C]Dancing on the grave that I [D/F#][G]once lived in
[Am]Dancing on the [D]grave

[G/B][C]Dancing on the grave that I [D/F#][G]once lived in
[G/B][C]Dancing on the grave that I [D/F#][G]once lived i[Am][G/B]n
[G/B][C]Dancing on the grave that I [D/F#][G]once lived in
[Am]Praise the Lord [D]I’ve been born a[C]gain
COLUMN_BREAK
<b> Do It Again </b>
Bridge 5
[C]   I've seen You move  [C]  [G/B]
You move the [G]mountains
[C]   And I believe 
[Em] I'll see You [D/F#]do it again
[C]  You made a way 
[Em]   Where there was [D/F#]no way
[C] And I believe 
[Em]I'll see You [G7]do it again

[C7]   I've seen You move
[Em] You move the [D/F#]mountains
[C7]   And I believe 
[Em] I'll see You [D/G]do it again
[Am] You made a way 
[Em]   You made a [D] way
[Em] You made a way 
[Em]   You made a [D/F#] way            <i>to adlibs</i>",G,,,,,,,,
29925740,B007 - Behold The Lamb Of God,7267533,"Greatness, Jesus, Lamb Of God, Redeemer, Saviour","","April 02, 2026","",Genre: Contemporary,Mood: Declarative,"","",Tempo: Medium,"Themes: Commitment & Dedication, God's Greatness, Power, Glory, Jesus' Life, Death, & Resurrection",Hillsong Worship,68.5,364,"",B,"Intro
| B | B |

Verse 1
[B]Lord of the heavens, hope of the nations
[G#m7]   That is [E]who You are [B]
[B]Lord of the ages, faithful forever
[G#m7]   This is [E]who You are [B]


Verse 2
[B]Lord of our healing, light in the darkness
[G#m7]   That is [E]who You are [B]
[B]Lord of forgiveness, friend of the sinner
[G#m7]   This is [E]who You are [B]


Pre-Chorus
You are [C#m7]perfect in [B]all Your [F#]ways
And my [C#m7]soul will [B/D#]sing Your [F#]praise


Chorus
[G#m]  Je[F#/A#]  [B]sus
[E] Je [B/D#][F#]sus
Be[B]hold the [F#/A#]Lamb of [G#m7]God
Who [F#]takes away the [E]sin
[F#]Of the w[B]orld

COLUMN_BREAK

Verse 3
[B]Born as a Saviour, wonder of Heaven
[G#m7]   The [E]Father’s joy[B]
[B]King of all glory, led to the altar
[G#m7]   The [E]Son of [B]God
[G#m7]     The [E]Son of [B]God


Bridge 1
There is [B]no one
There is [F#/B]no one
There is [E/B]no one
Greater than [B]You


Bridge 2
He is [G#m7]Jesus
Our Re[F#]deemer
There is [E]no one
Greater than [B]You [(last time B/D# instead)]",B,,,,,,,,,,,,
29925765,S027 - Still The King,7244159,"","","April 05, 2026","",Genre: Contemporary,Mood: Declarative,"","",Tempo: Medium,"Themes: Freedom, God's Kingdom & Reign, God's Love & as Father, Jesus' Life, Death, & Resurrection, Thankfulness & Adoration",Chris Tomlin,70,288,"",Ab,"Verse 1
When [Ab]I think of the cross
The [Db2]cross [Ab/C]of [Ebsus]Christ
[Ab/C]Praise begins to [Db2]rise
[Ab]Praise begins to [Ebsus]rise
When [Fm]I look [Eb/G]on the [Ab]Lamb
The [Bbm]wound[Ab]ed [Ebsus]Lamb
My [Ab/C]hands will lift to [Db2]Him
My [Ab]hands will lift to [Ebsus]Him


Chorus 1
Isn't He [Db]worthy of all our [Ab]wor[Eb]ship
Isn't He [Ab/C]worthy of the [Fm]praises we [Eb]bring
How could my [Db]heart not sing halle[Ab/C]lu[Eb]jah
For the [Ab/C]blood is still the [Db]blood
And the [Eb]King is still the [Ab]King


Verse 2
When [Ab]I recount the cost
The [Db2]cost [Ab/C]of [Eb]grace
You [Ab/C]bought my sin and [Db2]shame
I've [Ab]never been the [Eb]same
When [Fm]I look [Eb/G]at my [Ab]life
How [Bbm]good [Ab]You've [Eb]been
Oh [Ab/C]I can't hold it [Db2]in
I'll [Ab]never hold it [Eb]in


Verse 3
When [Ab]I think of the tomb
The [Absus]emp[Ab]ty [Eb/Ab]tomb
I'm [Ab]filled with gratitude
[Db2]Endless [Ab/C]grati[Ebsus]tude
For [Fm]He de[Eb/G]feated [Ab]death
And He [Bbm]reigns [Ab]a-[Ebsus]bove
No [Ab/C]grave could hold His [Db2]love
No [Ab]grave could hold His [Ebsus]love


Chorus 2
Isn't He [Db]worthy of all our [Ab]wor-[Eb]ship
Isn't He [Ab/C]worthy of the [Fm]praises we [Eb]bring
How could my [Db2]heart not sing
Of all You've [Ab/C]done for [Eb]me
For the [Ab/C]blood is still the [Db]blood
And the [Eb]King is still the [Fm]King[(Ab)]",Ab,,,,,,,,,,,,
